pend_length,arm_length,tip_mass,sample,success,t_up,theta_rms_deg,phi_std_hold_deg,phi_maxabs_deg,w_maxabs,tau_maxabs,tau_rms_hold,gear_armature,gear_friction,tau_servo,backlash,backlash_friction,obs_delay,cmd_delay,pend_friction,stall_torque,no_load_speed,arm_preload
0.04,0.03,0.0,0,False,inf,179.84297526860246,100.60412167107229,1433.5942388065787,9.045735290163982,0.2889234063230983,0.10549161028783618,0.0021244856490258636,0.023489335688193516,0.008901417526596284,0.00043269248631363886,0.0024398107176008175,0.0037382667318331653,0.0028199073273015396,7.210319823797473e-05,0.47253699911240404,10.68108713915643,0.013158535541215322
0.04,0.03,0.0,1,False,inf,179.76859421416682,87.26279398224042,1538.9624402756342,8.319379387212512,0.29269036968899426,0.09190042106694189,0.001708156019624724,0.057523184816296764,0.011171511479831942,0.0248355844496532,0.0009354943560314564,0.0022699793469177273,0.0034831077814613254,3.0286949087099423e-05,0.4731577435179982,9.212803007193706,0.012535131086748067
0.04,0.03,0.0,2,False,inf,155.41322155899175,23.984488229192184,143.99216744095523,9.672075985246346,0.18446472741316375,0.11682874251782856,0.0011044052733180985,0.024924557170706164,0.025912966293074165,0.0024063537379950413,0.001800301577896962,0.003185681580435384,0.0015637032200998104,1.161067493821754e-05,0.444596814262228,10.231888726552896,0.010622656627804278
0.04,0.03,0.0,3,False,inf,159.75799305255643,24.21209195946489,167.26839788797315,9.076988489262831,0.14552297573216322,0.08746405100708952,0.0008127017608135093,0.021840525329804985,0.02562803823454073,0.015240966464155783,0.00028238592672119757,0.0022993808207094216,0.0024371538944225023,1.5412303097482646e-05,0.49239602374655833,9.352126819818665,0.008912281904956621
0.04,0.03,0.0,4,False,inf,179.8155424663513,91.41626222858496,1366.391321461324,8.943694652626279,0.37383441489194363,0.08725409090005107,0.0036220599140287797,0.03556637764071808,0.02947736152556949,0.002116282156798607,0.0018220674959850889,0.0021294597531318175,0.0034057036209574217,1.60420785683912e-05,0.5066500685155163,10.048268349666515,0.014022150797159886
0.04,0.03,0.0,5,False,inf,160.73127046183768,17.90471648877626,135.79449613067655,8.445883740582639,0.3962306759269342,0.2548674086890042,0.002847440277994798,0.05039703948682469,0.019337162342927122,0.0074822626339227484,0.0001617921071449693,0.002150106642356555,0.002225419616259996,1.1304406335961537e-05,0.4210708019156255,10.784801797232584,0.011523691115879878
0.04,0.03,0.0,6,False,inf,179.77179681766157,99.88353604798294,1379.6502304023097,8.787299212141852,0.256560873954748,0.06793621887481573,0.0017884136569469048,0.027163543490666922,0.01611947927549832,0.009804302396366918,0.0029623349705594,0.002898268817821438,0.003022971791513481,2.4438083011449394e-05,0.4867114367610584,9.367174052139356,0.005517292319837753
0.04,0.03,0.0,7,False,inf,179.8805691687642,47.301256423607036,1578.9568666189934,8.906324858444638,0.2579035986182887,0.06478027740557019,0.0020809973356412242,0.05486069004847877,0.025065085185394256,0.005895910446750368,0.0009004988547336763,0.003620660336188786,0.0010157959136967243,9.243566384669972e-05,0.49889522059021285,9.925295980985247,0.008030324268193136
0.04,0.03,0.0,8,False,inf,179.7477275947401,53.89831523518133,1663.2912494233715,8.609050859923814,0.21572044359344,0.0677960625571235,0.001237666433073275,0.059363842166896275,0.015011638446681368,0.020644162864735433,0.0026096895350886484,0.002173254419617582,0.0023136456193683964,2.7440165521545802e-05,0.4271231740331686,9.94314245206847,0.007413521450846823
0.04,0.03,0.0,9,False,inf,179.725518605481,135.0903657267848,1490.5400815338448,8.99113995313175,0.31162912637246093,0.09128349060056297,0.0031903885322791745,0.024340860454377767,0.02126925930113436,0.02035579469014759,0.002148223888810696,0.0037461403614715227,0.003581180947548654,0.00012020741258969977,0.41876512438463015,9.875646939803113,0.00984944326977288
0.04,0.03,0.0,10,False,inf,179.74748979458548,160.23580294260142,1543.684821480833,9.379912956842547,0.3465688498147753,0.09096224336831189,0.003704716329310304,0.02038409050395734,0.026225787476039677,0.003908196843223018,0.0015384138493096946,0.0014077588120615199,0.0030671094393433934,9.771745351894099e-05,0.4602529357301176,10.716444487502452,0.013253329063847984
0.04,0.03,0.0,11,False,inf,157.65584254109297,24.512923476774844,136.7970676838718,9.564235317598374,0.1603163240064827,0.09699830342818087,0.0008758319652234292,0.03496389312200575,0.021232963867713863,0.0007510764828339755,0.0004437782537323678,0.0037846330688811086,0.0012112617284625905,1.4211044766893634e-05,0.5146261591423446,10.17437259788254,0.00868993123729791
0.04,0.03,0.0,12,False,inf,157.14885933134417,21.90355260723089,123.71159244254815,9.324082863805389,0.2173964914772525,0.1374733143456677,0.0010838336019541883,0.057337647142971224,0.012165048459874749,0.004693838148510661,0.0010496677217878725,0.0016916237397697179,0.003011337228318354,1.3656639817761454e-05,0.5092161748652868,10.556601227494834,0.005028270321866201
0.04,0.03,0.0,13,False,inf,158.79303079171328,20.045781067292797,106.14684992049615,8.447091363720075,0.45591128082578153,0.28885383996246583,0.0031602170290511893,0.05276512574660295,0.025842514773255526,0.0068446497361148734,0.00023159837315526422,0.00383939734133819,0.0028413750731413057,1.0071496504630682e-05,0.5106823465188471,10.761548012689753,0.007862966041661704
0.04,0.03,0.0,14,False,inf,179.8330567104864,96.51766697444894,1528.6313936808626,9.215420508506835,0.34652387769622955,0.08628881345978465,0.002979344988679685,0.028047333341712825,0.023460264722805206,0.022517857178019643,0.001923952442364494,0.002645089626439942,0.00328694026759358,6.957465863408183e-05,0.46458555040672866,10.094407449984567,0.012463223600913117
0.04,0.03,0.0,15,False,inf,179.8887948172718,51.488515346916905,1613.1944872896825,9.049234820306,0.3344068866862388,0.0879897737204478,0.002341415082513897,0.05079085556680287,0.015576948671442846,0.001173860694578235,0.001714791771101193,0.0014387362801707927,0.0031563141306264137,2.547831869663868e-05,0.4635290062633226,10.747204198879444,0.012814660277720307
0.04,0.03,0.002,0,False,inf,97.4272343378955,7.995842166608306,87.51391942909169,9.731972230279961,0.3201484891081401,0.17022685712060592,0.0021244856490258636,0.023489335688193516,0.008901417526596284,0.00043269248631363886,0.0024398107176008175,0.0037382667318331653,0.0028199073273015396,7.210319823797473e-05,0.47253699911240404,10.68108713915643,0.013158535541215322
0.04,0.03,0.002,1,False,inf,90.70153053276434,5.121293473955413,84.36213969392495,8.241893182971584,0.31428521549167865,0.11307887747441202,0.001708156019624724,0.057523184816296764,0.011171511479831942,0.0248355844496532,0.0009354943560314564,0.0022699793469177273,0.0034831077814613254,3.0286949087099423e-05,0.4731577435179982,9.212803007193706,0.012535131086748067
0.04,0.03,0.002,2,False,inf,92.60639434381241,5.363177883683554,109.97722296536662,9.865700918523356,0.183416070144743,0.05779609456295263,0.0011044052733180985,0.024924557170706164,0.025912966293074165,0.0024063537379950413,0.001800301577896962,0.003185681580435384,0.0015637032200998104,1.161067493821754e-05,0.444596814262228,10.231888726552896,0.010622656627804278
0.04,0.03,0.002,3,False,inf,96.54351601632759,7.48661706547863,99.9816371107855,9.101123323268439,0.14555811661972998,0.04900352379755205,0.0008127017608135093,0.021840525329804985,0.02562803823454073,0.015240966464155783,0.00028238592672119757,0.0022993808207094216,0.0024371538944225023,1.5412303097482646e-05,0.49239602374655833,9.352126819818665,0.008912281904956621
0.04,0.03,0.002,4,False,inf,92.80613963862389,7.0033552902798695,98.93627376604589,8.76349838872171,0.496369661653325,0.18934494773466312,0.0036220599140287797,0.03556637764071808,0.02947736152556949,0.002116282156798607,0.0018220674959850889,0.0021294597531318175,0.0034057036209574217,1.60420785683912e-05,0.5066500685155163,10.048268349666515,0.014022150797159886
0.04,0.03,0.002,5,False,inf,82.12404759068112,123.45671645379113,501.7167868739847,9.144991805276451,0.4210708019156255,0.17273092942964674,0.002847440277994798,0.05039703948682469,0.019337162342927122,0.0074822626339227484,0.0001617921071449693,0.002150106642356555,0.002225419616259996,1.1304406335961537e-05,0.4210708019156255,10.784801797232584,0.011523691115879878
0.04,0.03,0.002,6,False,inf,87.18591442089162,7.038770830536282,92.68206318035601,8.847853333025613,0.2820077299958141,0.09031494572587721,0.0017884136569469048,0.027163543490666922,0.01611947927549832,0.009804302396366918,0.0029623349705594,0.002898268817821438,0.003022971791513481,2.4438083011449394e-05,0.4867114367610584,9.367174052139356,0.005517292319837753
0.04,0.03,0.002,7,False,inf,112.09426742948934,24.0191571649394,114.77173078058846,8.873107958338958,0.3228235127294766,0.17627169998636175,0.0020809973356412242,0.05486069004847877,0.025065085185394256,0.005895910446750368,0.0009004988547336763,0.003620660336188786,0.0010157959136967243,9.243566384669972e-05,0.49889522059021285,9.925295980985247,0.008030324268193136
0.04,0.03,0.002,8,False,inf,92.1937503356843,19.02178357929144,84.74620292288994,8.654676213422716,0.23809894390121633,0.09134722264241812,0.001237666433073275,0.059363842166896275,0.015011638446681368,0.020644162864735433,0.0026096895350886484,0.002173254419617582,0.0023136456193683964,2.7440165521545802e-05,0.4271231740331686,9.94314245206847,0.007413521450846823
0.04,0.03,0.002,9,False,inf,120.90198335725992,24.50437821095089,139.6572234135264,8.476204271778283,0.41876512438463015,0.25472294316764965,0.0031903885322791745,0.024340860454377767,0.02126925930113436,0.02035579469014759,0.002148223888810696,0.0037461403614715227,0.003581180947548654,0.00012020741258969977,0.41876512438463015,9.875646939803113,0.00984944326977288
0.04,0.03,0.002,10,False,inf,116.08740136548417,23.210633593210723,137.9219109762739,8.789556828333213,0.4602529357301176,0.2802284021833819,0.003704716329310304,0.02038409050395734,0.026225787476039677,0.003908196843223018,0.0015384138493096946,0.0014077588120615199,0.0030671094393433934,9.771745351894099e-05,0.4602529357301176,10.716444487502452,0.013253329063847984
0.04,0.03,0.002,11,False,inf,92.81319964870667,6.546609292711811,104.83896378392413,9.645049464717683,0.16063558080283097,0.05557489722676472,0.0008758319652234292,0.03496389312200575,0.021232963867713863,0.0007510764828339755,0.0004437782537323678,0.0037846330688811086,0.0012112617284625905,1.4211044766893634e-05,0.5146261591423446,10.17437259788254,0.00868993123729791
0.04,0.03,0.002,12,True,1.575499999999882,0.16498454523429362,0.4856658724645481,100.42413091140399,9.44975114077549,0.479760526351335,0.053496525720513076,0.0010838336019541883,0.057337647142971224,0.012165048459874749,0.004693838148510661,0.0010496677217878725,0.0016916237397697179,0.003011337228318354,1.3656639817761454e-05,0.5092161748652868,10.556601227494834,0.005028270321866201
0.04,0.03,0.002,13,False,inf,91.30296577669375,6.053337585594447,97.45270484283552,9.02852333967004,0.4550697560597268,0.1610578170889433,0.0031602170290511893,0.05276512574660295,0.025842514773255526,0.0068446497361148734,0.00023159837315526422,0.00383939734133819,0.0028413750731413057,1.0071496504630682e-05,0.5106823465188471,10.761548012689753,0.007862966041661704
0.04,0.03,0.002,14,False,inf,101.31643632066627,15.107065672013663,106.46444341742578,8.928930068660481,0.4381948488925704,0.2502244836388047,0.002979344988679685,0.028047333341712825,0.023460264722805206,0.022517857178019643,0.001923952442364494,0.002645089626439942,0.00328694026759358,6.957465863408183e-05,0.46458555040672866,10.094407449984567,0.012463223600913117
0.04,0.03,0.002,15,False,inf,88.52925448693594,7.169843951291098,101.88601567022027,9.312231086535583,0.37274463613919856,0.1292876913431423,0.002341415082513897,0.05079085556680287,0.015576948671442846,0.001173860694578235,0.001714791771101193,0.0014387362801707927,0.0031563141306264137,2.547831869663868e-05,0.4635290062633226,10.747204198879444,0.012814660277720307
0.04,0.03,0.004,0,False,inf,83.72465220611731,119.84277323192757,448.53449971009843,9.818184599541961,0.47253699911240404,0.14539439595651124,0.0021244856490258636,0.023489335688193516,0.008901417526596284,0.00043269248631363886,0.0024398107176008175,0.0037382667318331653,0.0028199073273015396,7.210319823797473e-05,0.47253699911240404,10.68108713915643,0.013158535541215322
0.04,0.03,0.004,1,True,1.520499999999888,0.12520322216252502,0.5545896377544703,90.00545263653822,8.263315786399161,0.4622781562205771,0.08718111279049405,0.001708156019624724,0.057523184816296764,0.011171511479831942,0.0248355844496532,0.0009354943560314564,0.0022699793469177273,0.0034831077814613254,3.0286949087099423e-05,0.4731577435179982,9.212803007193706,0.012535131086748067
0.04,0.03,0.004,2,True,2.430499999999979,1.0907153871153767,5.437586087117187,164.66524683289336,9.86166475909466,0.444596814262228,0.036996114542777375,0.0011044052733180985,0.024924557170706164,0.025912966293074165,0.0024063537379950413,0.001800301577896962,0.003185681580435384,0.0015637032200998104,1.161067493821754e-05,0.444596814262228,10.231888726552896,0.010622656627804278
0.04,0.03,0.004,3,True,2.9255000000001443,1.3378043294610606,6.540455834898192,249.84296990518055,9.193566850216115,0.27133004500082797,0.03004507065461814,0.0008127017608135093,0.021840525329804985,0.02562803823454073,0.015240966464155783,0.00028238592672119757,0.0022993808207094216,0.0024371538944225023,1.5412303097482646e-05,0.49239602374655833,9.352126819818665,0.008912281904956621
0.04,0.03,0.004,4,False,inf,80.31312207823918,244.19090309723487,432.1878400154516,9.332142590269555,0.5066500685155163,0.19911493545891762,0.0036220599140287797,0.03556637764071808,0.02947736152556949,0.002116282156798607,0.0018220674959850889,0.0021294597531318175,0.0034057036209574217,1.60420785683912e-05,0.5066500685155163,10.048268349666515,0.014022150797159886
0.04,0.03,0.004,5,True,1.5354999999998864,0.2891285607556291,1.5409301508619857,95.5480724166265,8.806459835391248,0.4210708019156255,0.09022566557439823,0.002847440277994798,0.05039703948682469,0.019337162342927122,0.0074822626339227484,0.0001617921071449693,0.002150106642356555,0.002225419616259996,1.1304406335961537e-05,0.4210708019156255,10.784801797232584,0.011523691115879878
0.04,0.03,0.004,6,True,1.8454999999998523,0.25785536521431723,1.729292038996134,256.9990676876929,8.901575982830492,0.4353934651344235,0.06417105954657429,0.0017884136569469048,0.027163543490666922,0.01611947927549832,0.009804302396366918,0.0029623349705594,0.002898268817821438,0.003022971791513481,2.4438083011449394e-05,0.4867114367610584,9.367174052139356,0.005517292319837753
0.04,0.03,0.004,7,False,inf,94.95702934836245,9.424214719282913,95.51604679313773,8.79837133020984,0.3201893543460056,0.13133214199459342,0.0020809973356412242,0.05486069004847877,0.025065085185394256,0.005895910446750368,0.0009004988547336763,0.003620660336188786,0.0010157959136967243,9.243566384669972e-05,0.49889522059021285,9.925295980985247,0.008030324268193136
0.04,0.03,0.004,8,True,1.5604999999998836,0.7547949962741355,4.389695141309502,102.30865024472115,8.732315566206823,0.40703588878445435,0.06615255540999807,0.001237666433073275,0.059363842166896275,0.015011638446681368,0.020644162864735433,0.0026096895350886484,0.002173254419617582,0.0023136456193683964,2.7440165521545802e-05,0.4271231740331686,9.94314245206847,0.007413521450846823
0.04,0.03,0.004,9,False,inf,93.7465472321583,8.726836232989623,114.71862990737422,8.515023661353052,0.41876512438463015,0.21240299867310497,0.0031903885322791745,0.024340860454377767,0.02126925930113436,0.02035579469014759,0.002148223888810696,0.0037461403614715227,0.003581180947548654,0.00012020741258969977,0.41876512438463015,9.875646939803113,0.00984944326977288
0.04,0.03,0.004,10,False,inf,95.15050028968183,7.4921531138821305,111.29975673936818,9.075553933652726,0.4602529357301176,0.22057027574932928,0.003704716329310304,0.02038409050395734,0.026225787476039677,0.003908196843223018,0.0015384138493096946,0.0014077588120615199,0.0030671094393433934,9.771745351894099e-05,0.4602529357301176,10.716444487502452,0.013253329063847984
0.04,0.03,0.004,11,True,2.4554999999999874,1.1187845273988395,6.507699221980034,173.67221864887898,9.644950517538815,0.42644089253538675,0.039954215739956216,0.0008758319652234292,0.03496389312200575,0.021232963867713863,0.0007510764828339755,0.0004437782537323678,0.0037846330688811086,0.0012112617284625905,1.4211044766893634e-05,0.5146261591423446,10.17437259788254,0.00868993123729791
0.04,0.03,0.004,12,True,1.240499999999919,0.24156511543528247,1.0806885925320389,101.45799680530712,9.4459786759658,0.2740883468187751,0.056532259471829875,0.0010838336019541883,0.057337647142971224,0.012165048459874749,0.004693838148510661,0.0010496677217878725,0.0016916237397697179,0.003011337228318354,1.3656639817761454e-05,0.5092161748652868,10.556601227494834,0.005028270321866201
0.04,0.03,0.004,13,True,3.2705000000002595,0.9063194640594122,4.29712117035466,225.89569644356197,9.323506371181011,0.5035276768527788,0.08854115657624508,0.0031602170290511893,0.05276512574660295,0.025842514773255526,0.0068446497361148734,0.00023159837315526422,0.00383939734133819,0.0028413750731413057,1.0071496504630682e-05,0.5106823465188471,10.761548012689753,0.007862966041661704
0.04,0.03,0.004,14,False,inf,89.66901136874446,4.977579545221302,103.44058840571557,9.11511849336838,0.4375656382149131,0.14873354326700935,0.002979344988679685,0.028047333341712825,0.023460264722805206,0.022517857178019643,0.001923952442364494,0.002645089626439942,0.00328694026759358,6.957465863408183e-05,0.46458555040672866,10.094407449984567,0.012463223600913117
0.04,0.03,0.004,15,True,1.9254999999998434,0.4201410145279073,2.2794790480080955,185.59173512282015,9.308330095010517,0.40991487155633966,0.09291983052722895,0.002341415082513897,0.05079085556680287,0.015576948671442846,0.001173860694578235,0.001714791771101193,0.0014387362801707927,0.0031563141306264137,2.547831869663868e-05,0.4635290062633226,10.747204198879444,0.012814660277720307
0.04,0.03,0.008,0,True,2.5855000000000308,0.18083306237710525,1.6021837867705866,284.65764389881616,9.51521762340251,0.47253699911240404,0.11899777831611352,0.0021244856490258636,0.023489335688193516,0.008901417526596284,0.00043269248631363886,0.0024398107176008175,0.0037382667318331653,0.0028199073273015396,7.210319823797473e-05,0.47253699911240404,10.68108713915643,0.013158535541215322
0.04,0.03,0.008,1,True,1.965499999999839,0.13216518480968525,0.511649652320438,223.34210354469826,8.257680781940325,0.4546303503063754,0.08738810453630483,0.001708156019624724,0.057523184816296764,0.011171511479831942,0.0248355844496532,0.0009354943560314564,0.0022699793469177273,0.0034831077814613254,3.0286949087099423e-05,0.4731577435179982,9.212803007193706,0.012535131086748067
0.04,0.03,0.008,2,True,1.2804999999999145,0.9120884933170269,4.684701580774768,112.77868175194801,9.853608517753594,0.34440158726998593,0.03510693421575486,0.0011044052733180985,0.024924557170706164,0.025912966293074165,0.0024063537379950413,0.001800301577896962,0.003185681580435384,0.0015637032200998104,1.161067493821754e-05,0.444596814262228,10.231888726552896,0.010622656627804278
0.04,0.03,0.008,3,True,3.035500000000181,1.1369082017899796,5.534580296946806,301.7072586565002,9.277268463534163,0.3011419762976622,0.029001409575175868,0.0008127017608135093,0.021840525329804985,0.02562803823454073,0.015240966464155783,0.00028238592672119757,0.0022993808207094216,0.0024371538944225023,1.5412303097482646e-05,0.49239602374655833,9.352126819818665,0.008912281904956621
0.04,0.03,0.008,4,False,8.750499999999203,59.78113987224049,110.63321676665474,287.09812810796996,9.042589001712157,0.5066500685155163,0.14929564681893162,0.0036220599140287797,0.03556637764071808,0.02947736152556949,0.002116282156798607,0.0018220674959850889,0.0021294597531318175,0.0034057036209574217,1.60420785683912e-05,0.5066500685155163,10.048268349666515,0.014022150797159886
0.04,0.03,0.008,5,True,1.5604999999998836,0.3832612679685041,2.0752652121465665,93.74163705354101,8.824732572672263,0.4210708019156255,0.09215716575306089,0.002847440277994798,0.05039703948682469,0.019337162342927122,0.0074822626339227484,0.0001617921071449693,0.002150106642356555,0.002225419616259996,1.1304406335961537e-05,0.4210708019156255,10.784801797232584,0.011523691115879878
0.04,0.03,0.008,6,True,1.2454999999999183,0.10430581040757989,0.43718703197125763,97.22976299139813,8.837982226085936,0.278817680989215,0.06218403497045086,0.0017884136569469048,0.027163543490666922,0.01611947927549832,0.009804302396366918,0.0029623349705594,0.002898268817821438,0.003022971791513481,2.4438083011449394e-05,0.4867114367610584,9.367174052139356,0.005517292319837753
0.04,0.03,0.008,7,False,inf,92.06537544489608,5.264373508600067,98.0539855995299,8.792341072194867,0.323950068111735,0.10144801421788267,0.0020809973356412242,0.05486069004847877,0.025065085185394256,0.005895910446750368,0.0009004988547336763,0.003620660336188786,0.0010157959136967243,9.243566384669972e-05,0.49889522059021285,9.925295980985247,0.008030324268193136
0.04,0.03,0.008,8,True,1.2004999999999233,0.6374506484549188,3.641372454455979,94.87997184610329,8.664398120379689,0.2476966473284489,0.06630197774932264,0.001237666433073275,0.059363842166896275,0.015011638446681368,0.020644162864735433,0.0026096895350886484,0.002173254419617582,0.0023136456193683964,2.7440165521545802e-05,0.4271231740331686,9.94314245206847,0.007413521450846823
0.04,0.03,0.008,9,False,inf,87.40722650317527,120.8132742961397,528.3688650934945,8.684370802771323,0.41876512438463015,0.1679034606469468,0.0031903885322791745,0.024340860454377767,0.02126925930113436,0.02035579469014759,0.002148223888810696,0.0037461403614715227,0.003581180947548654,0.00012020741258969977,0.41876512438463015,9.875646939803113,0.00984944326977288
0.04,0.03,0.008,10,False,inf,88.11668565592818,219.23111596034988,488.13408476894676,9.10561749804385,0.4602529357301176,0.176463248332179,0.003704716329310304,0.02038409050395734,0.026225787476039677,0.003908196843223018,0.0015384138493096946,0.0014077588120615199,0.0030671094393433934,9.771745351894099e-05,0.4602529357301176,10.716444487502452,0.013253329063847984
0.04,0.03,0.008,11,True,1.2804999999999145,1.0130789016740052,6.021572477352486,107.01525663436705,9.636755351925903,0.17951767416821268,0.039955474526277165,0.0008758319652234292,0.03496389312200575,0.021232963867713863,0.0007510764828339755,0.0004437782537323678,0.0037846330688811086,0.0012112617284625905,1.4211044766893634e-05,0.5146261591423446,10.17437259788254,0.00868993123729791
0.04,0.03,0.008,12,True,1.2654999999999161,0.5024279739334382,2.2882024864765587,102.55285108203982,9.43845587296528,0.24132639688694385,0.0655185474670878,0.0010838336019541883,0.057337647142971224,0.012165048459874749,0.004693838148510661,0.0010496677217878725,0.0016916237397697179,0.003011337228318354,1.3656639817761454e-05,0.5092161748652868,10.556601227494834,0.005028270321866201
0.04,0.03,0.008,13,True,3.3455000000002846,0.8334644481289197,3.736111833064975,245.22998570385892,9.25329364365446,0.5106823465188471,0.09001089573368705,0.0031602170290511893,0.05276512574660295,0.025842514773255526,0.0068446497361148734,0.00023159837315526422,0.00383939734133819,0.0028413750731413057,1.0071496504630682e-05,0.5106823465188471,10.761548012689753,0.007862966041661704
0.04,0.03,0.008,14,False,inf,78.14584945748129,190.38534732128088,296.80061332121124,9.518161272611428,0.46458555040672866,0.15966234884363528,0.002979344988679685,0.028047333341712825,0.023460264722805206,0.022517857178019643,0.001923952442364494,0.002645089626439942,0.00328694026759358,6.957465863408183e-05,0.46458555040672866,10.094407449984567,0.012463223600913117
0.04,0.03,0.008,15,True,1.2154999999999216,0.11982076945989752,0.6411128676010205,105.23601446942983,9.300529319323484,0.37677860788289286,0.08986633277160554,0.002341415082513897,0.05079085556680287,0.015576948671442846,0.001173860694578235,0.001714791771101193,0.0014387362801707927,0.0031563141306264137,2.547831869663868e-05,0.4635290062633226,10.747204198879444,0.012814660277720307
0.04,0.04,0.0,0,False,inf,179.7441140872972,66.51423871842921,1438.1770057685444,9.391764383962014,0.29600649155853365,0.10865526938826846,0.0021244856490258636,0.023489335688193516,0.008901417526596284,0.00043269248631363886,0.0024398107176008175,0.0037382667318331653,0.0028199073273015396,7.210319823797473e-05,0.47253699911240404,10.68108713915643,0.013158535541215322
0.04,0.04,0.0,1,False,inf,179.76171752407322,56.235348071104205,1322.3547220720657,8.296052375405402,0.29315450042521035,0.0955065218037647,0.001708156019624724,0.057523184816296764,0.011171511479831942,0.0248355844496532,0.0009354943560314564,0.0022699793469177273,0.0034831077814613254,3.0286949087099423e-05,0.4731577435179982,9.212803007193706,0.012535131086748067
0.04,0.04,0.0,2,False,inf,145.25765273250087,23.025263036307077,131.12970488990402,9.731390016418539,0.18521921259506877,0.11626862705604753,0.0011044052733180985,0.024924557170706164,0.025912966293074165,0.0024063537379950413,0.001800301577896962,0.003185681580435384,0.0015637032200998104,1.161067493821754e-05,0.444596814262228,10.231888726552896,0.010622656627804278
0.04,0.04,0.0,3,False,inf,149.61259477074955,23.130589307740923,143.99108064234156,9.105512930647611,0.1463541088491864,0.08898330081508841,0.0008127017608135093,0.021840525329804985,0.02562803823454073,0.015240966464155783,0.00028238592672119757,0.0022993808207094216,0.0024371538944225023,1.5412303097482646e-05,0.49239602374655833,9.352126819818665,0.008912281904956621
0.04,0.04,0.0,4,False,inf,157.07288810958573,19.70344292534333,190.0008741971882,8.930169718109735,0.5028077165859752,0.31111780533012534,0.0036220599140287797,0.03556637764071808,0.02947736152556949,0.002116282156798607,0.0018220674959850889,0.0021294597531318175,0.0034057036209574217,1.60420785683912e-05,0.5066500685155163,10.048268349666515,0.014022150797159886
0.04,0.04,0.0,5,False,inf,152.1191236840319,18.534319522748056,154.1089919283167,8.417724232363074,0.39580229296355285,0.25810920881252497,0.002847440277994798,0.05039703948682469,0.019337162342927122,0.0074822626339227484,0.0001617921071449693,0.002150106642356555,0.002225419616259996,1.1304406335961537e-05,0.4210708019156255,10.784801797232584,0.011523691115879878
0.04,0.04,0.0,6,False,inf,157.95974507722215,22.953176649247354,124.38866269368253,8.783717275029723,0.283173120853376,0.1850254776475152,0.0017884136569469048,0.027163543490666922,0.01611947927549832,0.009804302396366918,0.0029623349705594,0.002898268817821438,0.003022971791513481,2.4438083011449394e-05,0.4867114367610584,9.367174052139356,0.005517292319837753
0.04,0.04,0.0,7,False,inf,179.70958316893217,139.94739315139333,1412.9350553071315,8.926400554521335,0.2572672798868278,0.07582143901753463,0.0020809973356412242,0.05486069004847877,0.025065085185394256,0.005895910446750368,0.0009004988547336763,0.003620660336188786,0.0010157959136967243,9.243566384669972e-05,0.49889522059021285,9.925295980985247,0.008030324268193136
0.04,0.04,0.0,8,False,inf,162.45519861711682,28.610335142231694,74.28018533356304,8.678277282104236,0.2394591755662514,0.13061606315789628,0.001237666433073275,0.059363842166896275,0.015011638446681368,0.020644162864735433,0.0026096895350886484,0.002173254419617582,0.0023136456193683964,2.7440165521545802e-05,0.4271231740331686,9.94314245206847,0.007413521450846823
0.04,0.04,0.0,9,False,inf,179.71723508940818,116.63820171116282,1470.1318688159708,9.069372786220603,0.3215058309949939,0.08896117746911435,0.0031903885322791745,0.024340860454377767,0.02126925930113436,0.02035579469014759,0.002148223888810696,0.0037461403614715227,0.003581180947548654,0.00012020741258969977,0.41876512438463015,9.875646939803113,0.00984944326977288
0.04,0.04,0.0,10,False,inf,179.73543317384508,79.4566961418577,1342.4147089674873,9.086341022546797,0.3560223699788515,0.09466292522025571,0.003704716329310304,0.02038409050395734,0.026225787476039677,0.003908196843223018,0.0015384138493096946,0.0014077588120615199,0.0030671094393433934,9.771745351894099e-05,0.4602529357301176,10.716444487502452,0.013253329063847984
0.04,0.04,0.0,11,False,inf,148.24097825254785,23.29470659780508,145.19625610490274,9.587799829204195,0.16108503713408368,0.09852702094086666,0.0008758319652234292,0.03496389312200575,0.021232963867713863,0.0007510764828339755,0.0004437782537323678,0.0037846330688811086,0.0012112617284625905,1.4211044766893634e-05,0.5146261591423446,10.17437259788254,0.00868993123729791
0.04,0.04,0.0,12,False,inf,147.3231782506025,21.673120554839134,102.54497253585542,9.398944794339357,0.2181947180564828,0.13799799063561988,0.0010838336019541883,0.057337647142971224,0.012165048459874749,0.004693838148510661,0.0010496677217878725,0.0016916237397697179,0.003011337228318354,1.3656639817761454e-05,0.5092161748652868,10.556601227494834,0.005028270321866201
0.04,0.04,0.0,13,False,inf,150.3890527438797,19.28215915910004,127.7039841288947,8.678451819480758,0.4562167036094314,0.2953061041105746,0.0031602170290511893,0.05276512574660295,0.025842514773255526,0.0068446497361148734,0.00023159837315526422,0.00383939734133819,0.0028413750731413057,1.0071496504630682e-05,0.5106823465188471,10.761548012689753,0.007862966041661704
0.04,0.04,0.0,14,False,inf,179.76501224997818,110.90091054089892,1519.705487436385,9.112436314261661,0.3464424411642315,0.09466353431784251,0.002979344988679685,0.028047333341712825,0.023460264722805206,0.022517857178019643,0.001923952442364494,0.002645089626439942,0.00328694026759358,6.957465863408183e-05,0.46458555040672866,10.094407449984567,0.012463223600913117
0.04,0.04,0.0,15,False,inf,160.60969935590336,25.878306168316048,146.9703032968642,9.12331368101544,0.3754782221270625,0.22628928653652014,0.002341415082513897,0.05079085556680287,0.015576948671442846,0.001173860694578235,0.001714791771101193,0.0014387362801707927,0.0031563141306264137,2.547831869663868e-05,0.4635290062633226,10.747204198879444,0.012814660277720307
0.04,0.04,0.002,0,False,inf,90.97329725841682,6.9124432776033,92.84269703452308,9.518204281299512,0.31521023141557575,0.1291451900615098,0.0021244856490258636,0.023489335688193516,0.008901417526596284,0.00043269248631363886,0.0024398107176008175,0.0037382667318331653,0.0028199073273015396,7.210319823797473e-05,0.47253699911240404,10.68108713915643,0.013158535541215322
0.04,0.04,0.002,1,True,4.490500000000231,1.010192520155198,4.469847926043289,371.1499567546001,8.377933914480158,0.4731577435179982,0.08430412851047558,0.001708156019624724,0.057523184816296764,0.011171511479831942,0.0248355844496532,0.0009354943560314564,0.0022699793469177273,0.0034831077814613254,3.0286949087099423e-05,0.4731577435179982,9.212803007193706,0.012535131086748067
0.04,0.04,0.002,2,True,1.1504999999999288,1.551352687091404,6.17724003102791,156.7824342395082,9.861766171241271,0.3446435299798711,0.033454272716464374,0.0011044052733180985,0.024924557170706164,0.025912966293074165,0.0024063537379950413,0.001800301577896962,0.003185681580435384,0.0015637032200998104,1.161067493821754e-05,0.444596814262228,10.231888726552896,0.010622656627804278
0.04,0.04,0.002,3,True,3.385500000000298,2.0200087338931816,7.6971076577536515,319.83820114586155,9.103250919545271,0.2686932346215822,0.028646833780642224,0.0008127017608135093,0.021840525329804985,0.02562803823454073,0.015240966464155783,0.00028238592672119757,0.0022993808207094216,0.0024371538944225023,1.5412303097482646e-05,0.49239602374655833,9.352126819818665,0.008912281904956621
0.04,0.04,0.002,4,False,9.905500000000615,81.05189674678377,104.04703384985157,585.2988384240487,9.002566502895291,0.5066500685155163,0.21668168592626122,0.0036220599140287797,0.03556637764071808,0.02947736152556949,0.002116282156798607,0.0018220674959850889,0.0021294597531318175,0.0034057036209574217,1.60420785683912e-05,0.5066500685155163,10.048268349666515,0.014022150797159886
0.04,0.04,0.002,5,True,1.275499999999915,0.6551540730952318,3.0011995173631307,97.78251039813186,8.807177167349797,0.39346171701768407,0.07835834507060462,0.002847440277994798,0.05039703948682469,0.019337162342927122,0.0074822626339227484,0.0001617921071449693,0.002150106642356555,0.002225419616259996,1.1304406335961537e-05,0.4210708019156255,10.784801797232584,0.011523691115879878
0.04,0.04,0.002,6,True,0.9704999999999485,0.9091270511758344,3.8377265040581126,145.92855011071,8.844131764677995,0.465323947582257,0.054771634644822494,0.0017884136569469048,0.027163543490666922,0.01611947927549832,0.009804302396366918,0.0029623349705594,0.002898268817821438,0.003022971791513481,2.4438083011449394e-05,0.4867114367610584,9.367174052139356,0.005517292319837753
0.04,0.04,0.002,7,False,inf,100.73722977292215,15.223094631832717,90.90483067440096,8.7758126591765,0.32325544621393865,0.16253698481733037,0.0020809973356412242,0.05486069004847877,0.025065085185394256,0.005895910446750368,0.0009004988547336763,0.003620660336188786,0.0010157959136967243,9.243566384669972e-05,0.49889522059021285,9.925295980985247,0.008030324268193136
0.04,0.04,0.002,8,True,1.630499999999876,1.3693555576010332,6.738334203265545,93.22280945691298,8.660585668203579,0.33403398261332884,0.061976107731730394,0.001237666433073275,0.059363842166896275,0.015011638446681368,0.020644162864735433,0.0026096895350886484,0.002173254419617582,0.0023136456193683964,2.7440165521545802e-05,0.4271231740331686,9.94314245206847,0.007413521450846823
0.04,0.04,0.002,9,False,inf,109.49698955241377,19.13682117307278,110.24220876490713,8.527476722745048,0.41876512438463015,0.2635701850997926,0.0031903885322791745,0.024340860454377767,0.02126925930113436,0.02035579469014759,0.002148223888810696,0.0037461403614715227,0.003581180947548654,0.00012020741258969977,0.41876512438463015,9.875646939803113,0.00984944326977288
0.04,0.04,0.002,10,False,inf,99.87808580241166,13.20642716112637,109.40109656916951,8.94565639853327,0.4602529357301176,0.27840323050855253,0.003704716329310304,0.02038409050395734,0.026225787476039677,0.003908196843223018,0.0015384138493096946,0.0014077588120615199,0.0030671094393433934,9.771745351894099e-05,0.4602529357301176,10.716444487502452,0.013253329063847984
0.04,0.04,0.002,11,True,1.220499999999921,1.6372705539266126,7.011158059705368,183.96242122479998,9.651450234724695,0.31189705583213007,0.038127619714291426,0.0008758319652234292,0.03496389312200575,0.021232963867713863,0.0007510764828339755,0.0004437782537323678,0.0037846330688811086,0.0012112617284625905,1.4211044766893634e-05,0.5146261591423446,10.17437259788254,0.00868993123729791
0.04,0.04,0.002,12,True,0.9804999999999474,0.24979860563982484,0.6367468873496821,128.80744863458168,9.446370731876362,0.4377121201613453,0.04636586368500354,0.0010838336019541883,0.057337647142971224,0.012165048459874749,0.004693838148510661,0.0010496677217878725,0.0016916237397697179,0.003011337228318354,1.3656639817761454e-05,0.5092161748652868,10.556601227494834,0.005028270321866201
0.04,0.04,0.002,13,True,2.0754999999998605,1.4434432948748717,5.25795794190408,188.23149318950735,9.03203144055101,0.49741394952443785,0.08177562836645602,0.0031602170290511893,0.05276512574660295,0.025842514773255526,0.0068446497361148734,0.00023159837315526422,0.00383939734133819,0.0028413750731413057,1.0071496504630682e-05,0.5106823465188471,10.761548012689753,0.007862966041661704
0.04,0.04,0.002,14,False,inf,93.0244771274701,10.393420762763594,102.1345082083432,9.066420608078477,0.43797974993139105,0.189034287500338,0.002979344988679685,0.028047333341712825,0.023460264722805206,0.022517857178019643,0.001923952442364494,0.002645089626439942,0.00328694026759358,6.957465863408183e-05,0.46458555040672866,10.094407449984567,0.012463223600913117
0.04,0.04,0.002,15,True,2.250499999999919,0.9795805327844125,4.985917828506646,266.3163945028278,9.353992841719814,0.45343958251398786,0.08016767128179658,0.002341415082513897,0.05079085556680287,0.015576948671442846,0.001173860694578235,0.001714791771101193,0.0014387362801707927,0.0031563141306264137,2.547831869663868e-05,0.4635290062633226,10.747204198879444,0.012814660277720307
0.04,0.04,0.004,0,True,0.9704999999999485,0.5496994653834757,2.991177929862789,143.87983078623125,9.514016728550862,0.47253699911240404,0.09379480556676928,0.0021244856490258636,0.023489335688193516,0.008901417526596284,0.00043269248631363886,0.0024398107176008175,0.0037382667318331653,0.0028199073273015396,7.210319823797473e-05,0.47253699911240404,10.68108713915643,0.013158535541215322
0.04,0.04,0.004,1,True,0.9304999999999529,0.15211675073982167,0.32066951662272786,97.45896302711063,8.25790941100751,0.4178814674900748,0.07038997223302343,0.001708156019624724,0.057523184816296764,0.011171511479831942,0.0248355844496532,0.0009354943560314564,0.0022699793469177273,0.0034831077814613254,3.0286949087099423e-05,0.4731577435179982,9.212803007193706,0.012535131086748067
0.04,0.04,0.004,2,True,1.0104999999999442,1.2715069343562542,5.275829204031441,108.7949077032824,9.854861910632316,0.18596325957898896,0.032896960643837986,0.0011044052733180985,0.024924557170706164,0.025912966293074165,0.0024063537379950413,0.001800301577896962,0.003185681580435384,0.0015637032200998104,1.161067493821754e-05,0.444596814262228,10.231888726552896,0.010622656627804278
0.04,0.04,0.004,3,True,0.9954999999999458,1.5629380731429245,6.3026939320193165,117.09228003425287,9.095620493614208,0.14782854858831618,0.028056864426138448,0.0008127017608135093,0.021840525329804985,0.02562803823454073,0.015240966464155783,0.00028238592672119757,0.0022993808207094216,0.0024371538944225023,1.5412303097482646e-05,0.49239602374655833,9.352126819818665,0.008912281904956621
0.04,0.04,0.004,4,True,1.3354999999999084,1.128405029781653,4.082134076216107,101.20914473768269,8.760054257561197,0.5028384299024365,0.07595452766245094,0.0036220599140287797,0.03556637764071808,0.02947736152556949,0.002116282156798607,0.0018220674959850889,0.0021294597531318175,0.0034057036209574217,1.60420785683912e-05,0.5066500685155163,10.048268349666515,0.014022150797159886
0.04,0.04,0.004,5,True,0.9554999999999502,0.590428977731646,2.4891643253868483,100.83536813019873,8.885487061903303,0.4210708019156255,0.07965021903715067,0.002847440277994798,0.05039703948682469,0.019337162342927122,0.0074822626339227484,0.0001617921071449693,0.002150106642356555,0.002225419616259996,1.1304406335961537e-05,0.4210708019156255,10.784801797232584,0.011523691115879878
0.04,0.04,0.004,6,True,0.9704999999999485,0.3652873798284889,1.6502615687507796,94.95595328379612,8.838513397466311,0.2786044082519207,0.052263689449878324,0.0017884136569469048,0.027163543490666922,0.01611947927549832,0.009804302396366918,0.0029623349705594,0.002898268817821438,0.003022971791513481,2.4438083011449394e-05,0.4867114367610584,9.367174052139356,0.005517292319837753
0.04,0.04,0.004,7,False,inf,92.42462559482956,5.116501508788812,102.0520374326076,8.792836200828766,0.3210293584848771,0.10828373564023809,0.0020809973356412242,0.05486069004847877,0.025065085185394256,0.005895910446750368,0.0009004988547336763,0.003620660336188786,0.0010157959136967243,9.243566384669972e-05,0.49889522059021285,9.925295980985247,0.008030324268193136
0.04,0.04,0.004,8,True,0.9554999999999502,0.8595774712430131,4.433536446562443,98.87507754268593,8.653860847250108,0.370253277144112,0.06015648551477337,0.001237666433073275,0.059363842166896275,0.015011638446681368,0.020644162864735433,0.0026096895350886484,0.002173254419617582,0.0023136456193683964,2.7440165521545802e-05,0.4271231740331686,9.94314245206847,0.007413521450846823
0.04,0.04,0.004,9,False,inf,86.25092836014957,5.247967955839776,96.39028301699928,8.572035764245856,0.41876512438463015,0.15411777562952383,0.0031903885322791745,0.024340860454377767,0.02126925930113436,0.02035579469014759,0.002148223888810696,0.0037461403614715227,0.003581180947548654,0.00012020741258969977,0.41876512438463015,9.875646939803113,0.00984944326977288
0.04,0.04,0.004,10,False,inf,86.2061108403586,4.495281041740715,105.37306873260734,9.104741134524511,0.4602529357301176,0.16204287770855927,0.003704716329310304,0.02038409050395734,0.026225787476039677,0.003908196843223018,0.0015384138493096946,0.0014077588120615199,0.0030671094393433934,9.771745351894099e-05,0.4602529357301176,10.716444487502452,0.013253329063847984
0.04,0.04,0.004,11,True,1.0154999999999437,1.383760324278497,6.260686009556712,102.29746138989393,9.63810725529284,0.16336517114667046,0.03673930639439184,0.0008758319652234292,0.03496389312200575,0.021232963867713863,0.0007510764828339755,0.0004437782537323678,0.0037846330688811086,0.0012112617284625905,1.4211044766893634e-05,0.5146261591423446,10.17437259788254,0.00868993123729791
0.04,0.04,0.004,12,True,1.0104999999999442,0.6621615202629315,2.6979792205215656,91.5812240065137,9.439978389182533,0.21937709605479416,0.059860684030529056,0.0010838336019541883,0.057337647142971224,0.012165048459874749,0.004693838148510661,0.0010496677217878725,0.0016916237397697179,0.003011337228318354,1.3656639817761454e-05,0.5092161748652868,10.556601227494834,0.005028270321866201
0.04,0.04,0.004,13,True,1.1904999999999244,1.1122427508853507,4.131965923943738,155.25656940094746,9.039254833748307,0.5106823465188471,0.07738043774190843,0.0031602170290511893,0.05276512574660295,0.025842514773255526,0.0068446497361148734,0.00023159837315526422,0.00383939734133819,0.0028413750731413057,1.0071496504630682e-05,0.5106823465188471,10.761548012689753,0.007862966041661704
0.04,0.04,0.004,14,True,5.855499999999474,2.4125071773391342,10.376198870039776,311.2820255524074,9.575148846209075,0.46458555040672866,0.09137119252500812,0.002979344988679685,0.028047333341712825,0.023460264722805206,0.022517857178019643,0.001923952442364494,0.002645089626439942,0.00328694026759358,6.957465863408183e-05,0.46458555040672866,10.094407449984567,0.012463223600913117
0.04,0.04,0.004,15,True,0.975499999999948,0.5549929448917682,2.604561911421193,97.93840663460949,9.377647928801634,0.36987955373618703,0.07799370791620085,0.002341415082513897,0.05079085556680287,0.015576948671442846,0.001173860694578235,0.001714791771101193,0.0014387362801707927,0.0031563141306264137,2.547831869663868e-05,0.4635290062633226,10.747204198879444,0.012814660277720307
0.04,0.04,0.008,0,True,0.9804999999999474,0.14780621588013093,0.7122144425551784,102.76526603575539,9.508446192274945,0.4191295330791051,0.0954595047328143,0.0021244856490258636,0.023489335688193516,0.008901417526596284,0.00043269248631363886,0.0024398107176008175,0.0037382667318331653,0.0028199073273015396,7.210319823797473e-05,0.47253699911240404,10.68108713915643,0.013158535541215322
0.04,0.04,0.008,1,True,0.9404999999999518,0.10903850732322506,0.22208959772401474,89.24661548446952,8.24800301563079,0.3157436689081992,0.07030465971092535,0.001708156019624724,0.057523184816296764,0.011171511479831942,0.0248355844496532,0.0009354943560314564,0.0022699793469177273,0.0034831077814613254,3.0286949087099423e-05,0.4731577435179982,9.212803007193706,0.012535131086748067
0.04,0.04,0.008,2,True,1.0254999999999426,1.1758208091583777,4.84131412587513,106.26610566770626,9.848299131278331,0.18843200246708866,0.03203188007430834,0.0011044052733180985,0.024924557170706164,0.025912966293074165,0.0024063537379950413,0.001800301577896962,0.003185681580435384,0.0015637032200998104,1.161067493821754e-05,0.444596814262228,10.231888726552896,0.010622656627804278
0.04,0.04,0.008,3,True,1.0004999999999453,1.3548396494646593,5.657402784235724,99.82489637836598,9.086099393839755,0.15017073304848783,0.026901694902502618,0.0008127017608135093,0.021840525329804985,0.02562803823454073,0.015240966464155783,0.00028238592672119757,0.0022993808207094216,0.0024371538944225023,1.5412303097482646e-05,0.49239602374655833,9.352126819818665,0.008912281904956621
0.04,0.04,0.008,4,True,1.2054999999999227,0.8902224031132836,3.215851841775901,150.407561045201,8.790285907147736,0.5066500685155163,0.07155422430606305,0.0036220599140287797,0.03556637764071808,0.02947736152556949,0.002116282156798607,0.0018220674959850889,0.0021294597531318175,0.0034057036209574217,1.60420785683912e-05,0.5066500685155163,10.048268349666515,0.014022150797159886
0.04,0.04,0.008,5,True,0.9554999999999502,0.5309369191822159,2.22248832487758,97.85049735077425,8.873466226575665,0.3888182478435455,0.07904742665801588,0.002847440277994798,0.05039703948682469,0.019337162342927122,0.0074822626339227484,0.0001617921071449693,0.002150106642356555,0.002225419616259996,1.1304406335961537e-05,0.4210708019156255,10.784801797232584,0.011523691115879878
0.04,0.04,0.008,6,True,0.9704999999999485,0.17358593584782295,0.781634182886542,93.96327808786609,8.827341549893365,0.44975526661495946,0.05141185305477829,0.0017884136569469048,0.027163543490666922,0.01611947927549832,0.009804302396366918,0.0029623349705594,0.002898268817821438,0.003022971791513481,2.4438083011449394e-05,0.4867114367610584,9.367174052139356,0.005517292319837753
0.04,0.04,0.008,7,True,1.3254999999999095,2.3641992996518004,8.974417322376585,102.10643014236871,8.78061370925435,0.3784781796510338,0.07315624421745794,0.0020809973356412242,0.05486069004847877,0.025065085185394256,0.005895910446750368,0.0009004988547336763,0.003620660336188786,0.0010157959136967243,9.243566384669972e-05,0.49889522059021285,9.925295980985247,0.008030324268193136
0.04,0.04,0.008,8,True,0.9654999999999491,0.847930950173701,3.9374725436651414,84.95027838014146,8.652219723309441,0.24073830939170124,0.06276332901566731,0.001237666433073275,0.059363842166896275,0.015011638446681368,0.020644162864735433,0.0026096895350886484,0.002173254419617582,0.0023136456193683964,2.7440165521545802e-05,0.4271231740331686,9.94314245206847,0.007413521450846823
0.04,0.04,0.008,9,True,1.2604999999999167,1.8894617684516983,6.6974074668409465,96.94732446389831,8.637286994419108,0.41876512438463015,0.09499722719870807,0.0031903885322791745,0.024340860454377767,0.02126925930113436,0.02035579469014759,0.002148223888810696,0.0037461403614715227,0.003581180947548654,0.00012020741258969977,0.41876512438463015,9.875646939803113,0.00984944326977288
0.04,0.04,0.008,10,True,1.2904999999999134,1.8834869478181908,6.186540997432143,107.84018167033298,9.106961524256986,0.4602529357301176,0.08902935192967618,0.003704716329310304,0.02038409050395734,0.026225787476039677,0.003908196843223018,0.0015384138493096946,0.0014077588120615199,0.0030671094393433934,9.771745351894099e-05,0.4602529357301176,10.716444487502452,0.013253329063847984
0.04,0.04,0.008,11,True,1.0254999999999426,1.23455531162589,6.317104581014602,99.5767893110248,9.628908119198739,0.1957043442990161,0.037235327007392335,0.0008758319652234292,0.03496389312200575,0.021232963867713863,0.0007510764828339755,0.0004437782537323678,0.0037846330688811086,0.0012112617284625905,1.4211044766893634e-05,0.5146261591423446,10.17437259788254,0.00868993123729791
0.04,0.04,0.008,12,True,1.030499999999942,0.6334450487971512,2.6602399280383766,91.49519238951054,9.427231500865366,0.470939623144108,0.059361738969181434,0.0010838336019541883,0.057337647142971224,0.012165048459874749,0.004693838148510661,0.0010496677217878725,0.0016916237397697179,0.003011337228318354,1.3656639817761454e-05,0.5092161748652868,10.556601227494834,0.005028270321866201
0.04,0.04,0.008,13,True,1.0004999999999453,1.0403158578623926,3.7069758002492326,106.8398792342656,9.131959667756472,0.5106823465188471,0.07846720485292333,0.0031602170290511893,0.05276512574660295,0.025842514773255526,0.0068446497361148734,0.00023159837315526422,0.00383939734133819,0.0028413750731413057,1.0071496504630682e-05,0.5106823465188471,10.761548012689753,0.007862966041661704
0.04,0.04,0.008,14,True,0.9954999999999458,1.3523523458283269,4.972204883018293,133.2651202812606,9.054884036334604,0.46458555040672866,0.07009479973364474,0.002979344988679685,0.028047333341712825,0.023460264722805206,0.022517857178019643,0.001923952442364494,0.002645089626439942,0.00328694026759358,6.957465863408183e-05,0.46458555040672866,10.094407449984567,0.012463223600913117
0.04,0.04,0.008,15,True,0.975499999999948,0.10933155944186045,0.322205064239315,103.46175724365715,9.368494280815568,0.4493498698397412,0.07035964169663052,0.002341415082513897,0.05079085556680287,0.015576948671442846,0.001173860694578235,0.001714791771101193,0.0014387362801707927,0.0031563141306264137,2.547831869663868e-05,0.4635290062633226,10.747204198879444,0.012814660277720307
0.04,0.05,0.0,0,False,inf,179.60117647303844,95.60020605732903,1403.4114269656488,9.027745569873142,0.285015612574789,0.109305238461459,0.0021244856490258636,0.023489335688193516,0.008901417526596284,0.00043269248631363886,0.0024398107176008175,0.0037382667318331653,0.0028199073273015396,7.210319823797473e-05,0.47253699911240404,10.68108713915643,0.013158535541215322
0.04,0.05,0.0,1,False,inf,156.58160561545634,23.208397075234096,153.668868200368,8.167016580862315,0.31783809202933616,0.18501638692177513,0.001708156019624724,0.057523184816296764,0.011171511479831942,0.0248355844496532,0.0009354943560314564,0.0022699793469177273,0.0034831077814613254,3.0286949087099423e-05,0.4731577435179982,9.212803007193706,0.012535131086748067
0.04,0.05,0.0,2,False,inf,137.2973590649949,23.172870568849433,130.05702308413635,9.73549826836217,0.18638833997235923,0.11713484868568513,0.0011044052733180985,0.024924557170706164,0.025912966293074165,0.0024063537379950413,0.001800301577896962,0.003185681580435384,0.0015637032200998104,1.161067493821754e-05,0.444596814262228,10.231888726552896,0.010622656627804278
0.04,0.05,0.0,3,False,inf,141.31767961866436,22.95242031923014,117.365167854451,9.098554328381129,0.14744885036450686,0.09009481755210226,0.0008127017608135093,0.021840525329804985,0.02562803823454073,0.015240966464155783,0.00028238592672119757,0.0022993808207094216,0.0024371538944225023,1.5412303097482646e-05,0.49239602374655833,9.352126819818665,0.008912281904956621
0.04,0.05,0.0,4,False,inf,149.48536100892142,19.41564787807506,182.1768062452845,8.686915183089386,0.5023443357688194,0.3156923401159822,0.0036220599140287797,0.03556637764071808,0.02947736152556949,0.002116282156798607,0.0018220674959850889,0.0021294597531318175,0.0034057036209574217,1.60420785683912e-05,0.5066500685155163,10.048268349666515,0.014022150797159886
0.04,0.05,0.0,5,False,inf,144.32911703632334,17.882048358071575,142.849631419851,8.514480048922671,0.39750047569438307,0.2581509081702319,0.002847440277994798,0.05039703948682469,0.019337162342927122,0.0074822626339227484,0.0001617921071449693,0.002150106642356555,0.002225419616259996,1.1304406335961537e-05,0.4210708019156255,10.784801797232584,0.011523691115879878
0.04,0.05,0.0,6,False,inf,148.4781881147179,21.841979083590296,120.62244021416886,8.786617192848894,0.28440820291023056,0.1875277891860431,0.0017884136569469048,0.027163543490666922,0.01611947927549832,0.009804302396366918,0.0029623349705594,0.002898268817821438,0.003022971791513481,2.4438083011449394e-05,0.4867114367610584,9.367174052139356,0.005517292319837753
0.04,0.05,0.0,7,False,inf,179.75177077755333,85.83325434200444,1470.112149101385,8.96395118630683,0.2479379745443093,0.07685344482665983,0.0020809973356412242,0.05486069004847877,0.025065085185394256,0.005895910446750368,0.0009004988547336763,0.003620660336188786,0.0010157959136967243,9.243566384669972e-05,0.49889522059021285,9.925295980985247,0.008030324268193136
0.04,0.05,0.0,8,False,inf,153.36286603765745,21.50530271253611,112.71274791936354,8.524596101949037,0.24052112358110292,0.14114296323722728,0.001237666433073275,0.059363842166896275,0.015011638446681368,0.020644162864735433,0.0026096895350886484,0.002173254419617582,0.0023136456193683964,2.7440165521545802e-05,0.4271231740331686,9.94314245206847,0.007413521450846823
0.04,0.05,0.0,9,False,inf,179.59589712037368,103.19184525003799,1481.7538709349951,9.069746926398171,0.30880593675997514,0.09190133374733463,0.0031903885322791745,0.024340860454377767,0.02126925930113436,0.02035579469014759,0.002148223888810696,0.0037461403614715227,0.003581180947548654,0.00012020741258969977,0.41876512438463015,9.875646939803113,0.00984944326977288
0.04,0.05,0.0,10,False,inf,179.47856356937805,130.25310910105966,1472.033092109833,9.266115375148837,0.36119928001869883,0.11562024529515888,0.003704716329310304,0.02038409050395734,0.026225787476039677,0.003908196843223018,0.0015384138493096946,0.0014077588120615199,0.0030671094393433934,9.771745351894099e-05,0.4602529357301176,10.716444487502452,0.013253329063847984
0.04,0.05,0.0,11,False,inf,139.3418607838686,23.09697748606789,125.85877307353645,9.614493665060063,0.16215054333568676,0.09743959732301981,0.0008758319652234292,0.03496389312200575,0.021232963867713863,0.0007510764828339755,0.0004437782537323678,0.0037846330688811086,0.0012112617284625905,1.4211044766893634e-05,0.5146261591423446,10.17437259788254,0.00868993123729791
0.04,0.05,0.0,12,False,inf,139.5857947059016,22.059081193587915,99.71313456914416,9.354910847974823,0.21918393803770161,0.13887754185882556,0.0010838336019541883,0.057337647142971224,0.012165048459874749,0.004693838148510661,0.0010496677217878725,0.0016916237397697179,0.003011337228318354,1.3656639817761454e-05,0.5092161748652868,10.556601227494834,0.005028270321866201
0.04,0.05,0.0,13,False,inf,142.62623412872873,19.286303098296408,128.32973547863375,8.668761515874774,0.45657843258260694,0.2957955381210125,0.0031602170290511893,0.05276512574660295,0.025842514773255526,0.0068446497361148734,0.00023159837315526422,0.00383939734133819,0.0028413750731413057,1.0071496504630682e-05,0.5106823465188471,10.761548012689753,0.007862966041661704
0.04,0.05,0.0,14,False,inf,179.48988558616526,184.78092400970948,1675.1291962754708,9.151079032607976,0.3463556064202514,0.0937298101130659,0.002979344988679685,0.028047333341712825,0.023460264722805206,0.022517857178019643,0.001923952442364494,0.002645089626439942,0.00328694026759358,6.957465863408183e-05,0.46458555040672866,10.094407449984567,0.012463223600913117
0.04,0.05,0.0,15,False,inf,151.81778018170982,21.23866857159684,164.80356666797064,8.790617583223938,0.37786774977825616,0.23959532748603987,0.002341415082513897,0.05079085556680287,0.015576948671442846,0.001173860694578235,0.001714791771101193,0.0014387362801707927,0.0031563141306264137,2.547831869663868e-05,0.4635290062633226,10.747204198879444,0.012814660277720307
0.04,0.05,0.002,0,False,inf,80.98789276016382,110.44611109149135,426.41819914383143,9.504311997611314,0.47253699911240404,0.1481729106881637,0.0021244856490258636,0.023489335688193516,0.008901417526596284,0.00043269248631363886,0.0024398107176008175,0.0037382667318331653,0.0028199073273015396,7.210319823797473e-05,0.47253699911240404,10.68108713915643,0.013158535541215322
0.04,0.05,0.002,1,True,1.0154999999999437,0.9478614377144949,4.489058506787109,108.96989121257806,8.24717321042151,0.3887221737949263,0.07474753616813691,0.001708156019624724,0.057523184816296764,0.011171511479831942,0.0248355844496532,0.0009354943560314564,0.0022699793469177273,0.0034831077814613254,3.0286949087099423e-05,0.4731577435179982,9.212803007193706,0.012535131086748067
0.04,0.05,0.002,2,True,0.7504999999999727,1.761104649765641,6.217961963760911,103.47010067839155,9.857294056540889,0.18673471232812897,0.031243213114376774,0.0011044052733180985,0.024924557170706164,0.025912966293074165,0.0024063537379950413,0.001800301577896962,0.003185681580435384,0.0015637032200998104,1.161067493821754e-05,0.444596814262228,10.231888726552896,0.010622656627804278
0.04,0.05,0.002,3,True,0.7454999999999733,2.167685125403211,7.342103712125248,95.05579787592704,9.096893879614473,0.18010473952004996,0.026699106342318788,0.0008127017608135093,0.021840525329804985,0.02562803823454073,0.015240966464155783,0.00028238592672119757,0.0022993808207094216,0.0024371538944225023,1.5412303097482646e-05,0.49239602374655833,9.352126819818665,0.008912281904956621
0.04,0.05,0.002,4,True,0.9954999999999458,1.973381826585825,5.602972589658472,101.5503559686456,8.751606275974728,0.49657983616817875,0.07548794655070365,0.0036220599140287797,0.03556637764071808,0.02947736152556949,0.002116282156798607,0.0018220674959850889,0.0021294597531318175,0.0034057036209574217,1.60420785683912e-05,0.5066500685155163,10.048268349666515,0.014022150797159886
0.04,0.05,0.002,5,True,1.0154999999999437,0.7866472500109628,2.9792982539798203,85.18268634232794,8.807115881917872,0.3923011818704181,0.07118496265177206,0.002847440277994798,0.05039703948682469,0.019337162342927122,0.0074822626339227484,0.0001617921071449693,0.002150106642356555,0.002225419616259996,1.1304406335961537e-05,0.4210708019156255,10.784801797232584,0.011523691115879878
0.04,0.05,0.002,6,True,0.7104999999999771,1.141639904497014,4.481761848557407,86.89437333809977,8.83956945840073,0.3447823001514418,0.04991872790079234,0.0017884136569469048,0.027163543490666922,0.01611947927549832,0.009804302396366918,0.0029623349705594,0.002898268817821438,0.003022971791513481,2.4438083011449394e-05,0.4867114367610584,9.367174052139356,0.005517292319837753
0.04,0.05,0.002,7,False,inf,94.10906904264347,9.736644873793638,103.34526862474901,8.769323751807992,0.3217992209873992,0.13254746157736122,0.0020809973356412242,0.05486069004847877,0.025065085185394256,0.005895910446750368,0.0009004988547336763,0.003620660336188786,0.0010157959136967243,9.243566384669972e-05,0.49889522059021285,9.925295980985247,0.008030324268193136
0.04,0.05,0.002,8,True,0.7104999999999771,1.348387028523402,6.04191240618397,80.8294435259898,8.655188831753016,0.4067564109196354,0.0591737981057029,0.001237666433073275,0.059363842166896275,0.015011638446681368,0.020644162864735433,0.0026096895350886484,0.002173254419617582,0.0023136456193683964,2.7440165521545802e-05,0.4271231740331686,9.94314245206847,0.007413521450846823
0.04,0.05,0.002,9,False,inf,92.68248539095147,7.582629384764353,93.4171951227001,8.499571533226828,0.41876512438463015,0.21493532367016127,0.0031903885322791745,0.024340860454377767,0.02126925930113436,0.02035579469014759,0.002148223888810696,0.0037461403614715227,0.003581180947548654,0.00012020741258969977,0.41876512438463015,9.875646939803113,0.00984944326977288
0.04,0.05,0.002,10,False,inf,92.63355502709764,7.871391103627972,105.97172946348736,9.095826206676506,0.4602529357301176,0.21818813419687666,0.003704716329310304,0.02038409050395734,0.026225787476039677,0.003908196843223018,0.0015384138493096946,0.0014077588120615199,0.0030671094393433934,9.771745351894099e-05,0.4602529357301176,10.716444487502452,0.013253329063847984
0.04,0.05,0.002,11,True,0.7604999999999716,1.8622967914961626,7.058582451076544,97.86589628297577,9.640678291918128,0.20193837742550605,0.0366925779912666,0.0008758319652234292,0.03496389312200575,0.021232963867713863,0.0007510764828339755,0.0004437782537323678,0.0037846330688811086,0.0012112617284625905,1.4211044766893634e-05,0.5146261591423446,10.17437259788254,0.00868993123729791
0.04,0.05,0.002,12,True,0.7104999999999771,0.7546770263244569,2.7853107719205448,91.58076656981103,9.442574044371788,0.2201990721987673,0.05469821901011001,0.0010838336019541883,0.057337647142971224,0.012165048459874749,0.004693838148510661,0.0010496677217878725,0.0016916237397697179,0.003011337228318354,1.3656639817761454e-05,0.5092161748652868,10.556601227494834,0.005028270321866201
0.04,0.05,0.002,13,True,1.0704999999999376,1.6186477349172328,4.992352129266104,90.9831867728712,9.01820076443909,0.4538395547898185,0.07272996292360928,0.0031602170290511893,0.05276512574660295,0.025842514773255526,0.0068446497361148734,0.00023159837315526422,0.00383939734133819,0.0028413750731413057,1.0071496504630682e-05,0.5106823465188471,10.761548012689753,0.007862966041661704
0.04,0.05,0.002,14,False,inf,86.49623431896171,8.763562592166302,106.14709967525303,9.059951938998735,0.4355622827373089,0.14873575501365446,0.002979344988679685,0.028047333341712825,0.023460264722805206,0.022517857178019643,0.001923952442364494,0.002645089626439942,0.00328694026759358,6.957465863408183e-05,0.46458555040672866,10.094407449984567,0.012463223600913117
0.04,0.05,0.002,15,True,0.720499999999976,1.0773263501583743,4.482092931637151,89.63090698640507,9.346754844834582,0.36867153032850075,0.07288844169880107,0.002341415082513897,0.05079085556680287,0.015576948671442846,0.001173860694578235,0.001714791771101193,0.0014387362801707927,0.0031563141306264137,2.547831869663868e-05,0.4635290062633226,10.747204198879444,0.012814660277720307
0.04,0.05,0.004,0,True,0.6954999999999788,0.33989772620997377,1.5808248540048109,88.94683983421886,9.500840340945379,0.47253699911240404,0.08103921052526962,0.0021244856490258636,0.023489335688193516,0.008901417526596284,0.00043269248631363886,0.0024398107176008175,0.0037382667318331653,0.0028199073273015396,7.210319823797473e-05,0.47253699911240404,10.68108713915643,0.013158535541215322
0.04,0.05,0.004,1,True,0.7004999999999783,0.1449578039406193,0.3203185599124381,80.13852697165386,8.251344437640038,0.3270296074682631,0.06187611694013444,0.001708156019624724,0.057523184816296764,0.011171511479831942,0.0248355844496532,0.0009354943560314564,0.0022699793469177273,0.0034831077814613254,3.0286949087099423e-05,0.4731577435179982,9.212803007193706,0.012535131086748067
0.04,0.05,0.004,2,True,0.7504999999999727,1.4815821248616083,5.287744452015893,103.7681506930533,9.847375239668233,0.18862495267255253,0.029883890248108464,0.0011044052733180985,0.024924557170706164,0.025912966293074165,0.0024063537379950413,0.001800301577896962,0.003185681580435384,0.0015637032200998104,1.161067493821754e-05,0.444596814262228,10.231888726552896,0.010622656627804278
0.04,0.05,0.004,3,True,0.7504999999999727,1.7390292508038139,6.144117270161051,95.7138381412863,9.090883573797951,0.1512181581534671,0.0255366699441252,0.0008127017608135093,0.021840525329804985,0.02562803823454073,0.015240966464155783,0.00028238592672119757,0.0022993808207094216,0.0024371538944225023,1.5412303097482646e-05,0.49239602374655833,9.352126819818665,0.008912281904956621
0.04,0.05,0.004,4,True,1.0554999999999393,1.2763525061508683,3.9434678477104135,90.60676609062901,8.745333046769181,0.4965262694258508,0.06526535838192343,0.0036220599140287797,0.03556637764071808,0.02947736152556949,0.002116282156798607,0.0018220674959850889,0.0021294597531318175,0.0034057036209574217,1.60420785683912e-05,0.5066500685155163,10.048268349666515,0.014022150797159886
0.04,0.05,0.004,5,True,0.7254999999999755,0.6684954863050888,2.487325704282686,84.40059970755487,8.810456787642595,0.38990709084519265,0.071563436945336,0.002847440277994798,0.05039703948682469,0.019337162342927122,0.0074822626339227484,0.0001617921071449693,0.002150106642356555,0.002225419616259996,1.1304406335961537e-05,0.4210708019156255,10.784801797232584,0.011523691115879878
0.04,0.05,0.004,6,True,0.7404999999999738,0.4621864688607816,1.6579094563699055,86.8370613929984,8.83131891762119,0.3269161773550445,0.04551631899015001,0.0017884136569469048,0.027163543490666922,0.01611947927549832,0.009804302396366918,0.0029623349705594,0.002898268817821438,0.003022971791513481,2.4438083011449394e-05,0.4867114367610584,9.367174052139356,0.005517292319837753
0.04,0.05,0.004,7,True,1.0104999999999442,4.155052569863295,12.960432708563639,129.0122258440029,8.784036526065996,0.4626958590244419,0.08372071182497562,0.0020809973356412242,0.05486069004847877,0.025065085185394256,0.005895910446750368,0.0009004988547336763,0.003620660336188786,0.0010157959136967243,9.243566384669972e-05,0.49889522059021285,9.925295980985247,0.008030324268193136
0.04,0.05,0.004,8,True,0.7104999999999771,1.033175738987396,4.142770428911801,82.87590568426774,8.656690350702585,0.288070891145326,0.0597822485075736,0.001237666433073275,0.059363842166896275,0.015011638446681368,0.020644162864735433,0.0026096895350886484,0.002173254419617582,0.0023136456193683964,2.7440165521545802e-05,0.4271231740331686,9.94314245206847,0.007413521450846823
0.04,0.05,0.004,9,True,6.985499999998848,4.344304122261084,31.06045921012824,828.4964173599232,9.540842741776615,0.41876512438463015,0.11521192005283185,0.0031903885322791745,0.024340860454377767,0.02126925930113436,0.02035579469014759,0.002148223888810696,0.0037461403614715227,0.003581180947548654,0.00012020741258969977,0.41876512438463015,9.875646939803113,0.00984944326977288
0.04,0.05,0.004,10,False,9.185499999999735,74.47366791352535,223.20391321609094,1648.663426893909,9.684232730457191,0.4602529357301176,0.1546193379279457,0.003704716329310304,0.02038409050395734,0.026225787476039677,0.003908196843223018,0.0015384138493096946,0.0014077588120615199,0.0030671094393433934,9.771745351894099e-05,0.4602529357301176,10.716444487502452,0.013253329063847984
0.04,0.05,0.004,11,True,0.7504999999999727,1.6259251546411144,6.529455219577811,99.57165932979477,9.63460001733822,0.16623543356245715,0.03538702333260673,0.0008758319652234292,0.03496389312200575,0.021232963867713863,0.0007510764828339755,0.0004437782537323678,0.0037846330688811086,0.0012112617284625905,1.4211044766893634e-05,0.5146261591423446,10.17437259788254,0.00868993123729791
0.04,0.05,0.004,12,True,0.7154999999999766,0.7813456527749996,2.932580336682182,91.51389395578701,9.433414704932744,0.3786626257577154,0.056428390521519205,0.0010838336019541883,0.057337647142971224,0.012165048459874749,0.004693838148510661,0.0010496677217878725,0.0016916237397697179,0.003011337228318354,1.3656639817761454e-05,0.5092161748652868,10.556601227494834,0.005028270321866201
0.04,0.05,0.004,13,True,0.7804999999999694,1.2893946491339832,4.09461985392027,92.42915018842042,9.035324779323725,0.4545549536997489,0.07127227156127246,0.0031602170290511893,0.05276512574660295,0.025842514773255526,0.0068446497361148734,0.00023159837315526422,0.00383939734133819,0.0028413750731413057,1.0071496504630682e-05,0.5106823465188471,10.761548012689753,0.007862966041661704
0.04,0.05,0.004,14,True,1.0054999999999448,2.5417708542269284,7.576508502027272,99.04858527550994,9.05205529708659,0.43562187240943395,0.07502352760238501,0.002979344988679685,0.028047333341712825,0.023460264722805206,0.022517857178019643,0.001923952442364494,0.002645089626439942,0.00328694026759358,6.957465863408183e-05,0.46458555040672866,10.094407449984567,0.012463223600913117
0.04,0.05,0.004,15,True,0.7454999999999733,0.10624918915072054,0.16394417930593044,90.24794726258405,9.344197896955302,0.3721439163938926,0.06008043531435535,0.002341415082513897,0.05079085556680287,0.015576948671442846,0.001173860694578235,0.001714791771101193,0.0014387362801707927,0.0031563141306264137,2.547831869663868e-05,0.4635290062633226,10.747204198879444,0.012814660277720307
0.04,0.05,0.008,0,True,0.7004999999999783,0.1315008644995753,0.45113411413702786,88.9131633416448,9.497638464531953,0.4059325190609125,0.08096544526771535,0.0021244856490258636,0.023489335688193516,0.008901417526596284,0.00043269248631363886,0.0024398107176008175,0.0037382667318331653,0.0028199073273015396,7.210319823797473e-05,0.47253699911240404,10.68108713915643,0.013158535541215322
0.04,0.05,0.008,1,True,0.7104999999999771,0.1381146651853565,0.24871029838937125,80.03707879671272,8.236478303093662,0.34118704920173476,0.06057201970217645,0.001708156019624724,0.057523184816296764,0.011171511479831942,0.0248355844496532,0.0009354943560314564,0.0022699793469177273,0.0034831077814613254,3.0286949087099423e-05,0.4731577435179982,9.212803007193706,0.012535131086748067
0.04,0.05,0.008,2,True,0.7504999999999727,1.3562141203591707,5.08091415238508,103.70296415162863,9.827582903803426,0.19247972115710144,0.029210348775117554,0.0011044052733180985,0.024924557170706164,0.025912966293074165,0.0024063537379950413,0.001800301577896962,0.003185681580435384,0.0015637032200998104,1.161067493821754e-05,0.444596814262228,10.231888726552896,0.010622656627804278
0.04,0.05,0.008,3,True,0.7554999999999722,1.5673882591090378,5.8721089371701,95.65308880464347,9.077006014052936,0.15529670422571404,0.02573176280557765,0.0008127017608135093,0.021840525329804985,0.02562803823454073,0.015240966464155783,0.00028238592672119757,0.0022993808207094216,0.0024371538944225023,1.5412303097482646e-05,0.49239602374655833,9.352126819818665,0.008912281904956621
0.04,0.05,0.008,4,True,0.7704999999999705,0.9998904542287081,3.1393591126491915,90.60463867714692,8.767701634361003,0.49678125752436936,0.064408077365677,0.0036220599140287797,0.03556637764071808,0.02947736152556949,0.002116282156798607,0.0018220674959850889,0.0021294597531318175,0.0034057036209574217,1.60420785683912e-05,0.5066500685155163,10.048268349666515,0.014022150797159886
0.04,0.05,0.008,5,True,0.7354999999999744,0.6323501847150624,2.331984999581647,86.86919182652744,8.855568277673076,0.3899884186799238,0.07192487603142017,0.002847440277994798,0.05039703948682469,0.019337162342927122,0.0074822626339227484,0.0001617921071449693,0.002150106642356555,0.002225419616259996,1.1304406335961537e-05,0.4210708019156255,10.784801797232584,0.011523691115879878
0.04,0.05,0.008,6,True,0.7354999999999744,0.28448989689406284,0.858541311177365,86.72309480847858,8.814908450532343,0.38071099015931764,0.044267671517869804,0.0017884136569469048,0.027163543490666922,0.01611947927549832,0.009804302396366918,0.0029623349705594,0.002898268817821438,0.003022971791513481,2.4438083011449394e-05,0.4867114367610584,9.367174052139356,0.005517292319837753
0.04,0.05,0.008,7,True,1.5804999999998814,2.5242669543536613,8.446248195601735,174.8950335939313,8.768734408099442,0.48775711577353253,0.06540987319315078,0.0020809973356412242,0.05486069004847877,0.025065085185394256,0.005895910446750368,0.0009004988547336763,0.003620660336188786,0.0010157959136967243,9.243566384669972e-05,0.49889522059021285,9.925295980985247,0.008030324268193136
0.04,0.05,0.008,8,True,0.7154999999999766,1.0221851590978372,4.239906334429259,84.07594894605393,8.647755639769937,0.24410503828817762,0.058740212101534156,0.001237666433073275,0.059363842166896275,0.015011638446681368,0.020644162864735433,0.0026096895350886484,0.002173254419617582,0.0023136456193683964,2.7440165521545802e-05,0.4271231740331686,9.94314245206847,0.007413521450846823
0.04,0.05,0.008,9,True,0.9804999999999474,1.9486909912230608,6.273881513751451,96.91276849038432,8.605119365103047,0.41876512438463015,0.07810520643321545,0.0031903885322791745,0.024340860454377767,0.02126925930113436,0.02035579469014759,0.002148223888810696,0.0037461403614715227,0.003581180947548654,0.00012020741258969977,0.41876512438463015,9.875646939803113,0.00984944326977288
0.04,0.05,0.008,10,True,1.0004999999999453,1.8173796126833908,5.5074634976393835,106.7265203739566,9.129131175214736,0.4602529357301176,0.07343809329630807,0.003704716329310304,0.02038409050395734,0.026225787476039677,0.003908196843223018,0.0015384138493096946,0.0014077588120615199,0.0030671094393433934,9.771745351894099e-05,0.4602529357301176,10.716444487502452,0.013253329063847984
0.04,0.05,0.008,11,True,0.7554999999999722,1.5375170041887074,6.880327864322767,99.63332069835896,9.619082776446369,0.17073020421040774,0.03708916118444844,0.0008758319652234292,0.03496389312200575,0.021232963867713863,0.0007510764828339755,0.0004437782537323678,0.0037846330688811086,0.0012112617284625905,1.4211044766893634e-05,0.5146261591423446,10.17437259788254,0.00868993123729791
0.04,0.05,0.008,12,True,0.7254999999999755,0.7841523152612403,2.8837439176203747,91.35940364838225,9.415120282447715,0.43829520061604726,0.05874221576523436,0.0010838336019541883,0.057337647142971224,0.012165048459874749,0.004693838148510661,0.0010496677217878725,0.0016916237397697179,0.003011337228318354,1.3656639817761454e-05,0.5092161748652868,10.556601227494834,0.005028270321866201
0.04,0.05,0.008,13,True,0.8154999999999656,1.1798274376408258,3.8414858620908325,93.73448577510526,9.043582716387302,0.45363886180040275,0.06947047991226517,0.0031602170290511893,0.05276512574660295,0.025842514773255526,0.0068446497361148734,0.00023159837315526422,0.00383939734133819,0.0028413750731413057,1.0071496504630682e-05,0.5106823465188471,10.761548012689753,0.007862966041661704
0.04,0.05,0.008,14,True,0.7454999999999733,1.3925854527270962,4.662861450012024,91.25320906408567,9.043737685878682,0.436395089827321,0.05917781598610614,0.002979344988679685,0.028047333341712825,0.023460264722805206,0.022517857178019643,0.001923952442364494,0.002645089626439942,0.00328694026759358,6.957465863408183e-05,0.46458555040672866,10.094407449984567,0.012463223600913117
0.04,0.05,0.008,15,True,0.7554999999999722,0.5809600453767716,2.0815540815667064,90.90106811508248,9.352949145147898,0.372615069313149,0.07181536327719301,0.002341415082513897,0.05079085556680287,0.015576948671442846,0.001173860694578235,0.001714791771101193,0.0014387362801707927,0.0031563141306264137,2.547831869663868e-05,0.4635290062633226,10.747204198879444,0.012814660277720307
0.04,0.06,0.0,0,False,inf,179.57066479851431,43.81584087025379,1491.043223064803,9.346052124822414,0.3014094048839408,0.11322733989014712,0.0021244856490258636,0.023489335688193516,0.008901417526596284,0.00043269248631363886,0.0024398107176008175,0.0037382667318331653,0.0028199073273015396,7.210319823797473e-05,0.47253699911240404,10.68108713915643,0.013158535541215322
0.04,0.06,0.0,1,False,inf,148.93848347693122,21.89167539155219,170.81218707905953,8.252637816263045,0.31950501010197957,0.19171514802240672,0.001708156019624724,0.057523184816296764,0.011171511479831942,0.0248355844496532,0.0009354943560314564,0.0022699793469177273,0.0034831077814613254,3.0286949087099423e-05,0.4731577435179982,9.212803007193706,0.012535131086748067
0.04,0.06,0.0,2,False,inf,131.05315610617743,23.83462861967486,131.6925199815525,9.735819256806508,0.18766337880911818,0.11887241403159031,0.0011044052733180985,0.024924557170706164,0.025912966293074165,0.0024063537379950413,0.001800301577896962,0.003185681580435384,0.0015637032200998104,1.161067493821754e-05,0.444596814262228,10.231888726552896,0.010622656627804278
0.04,0.06,0.0,3,False,inf,134.35134153080452,23.718576637927832,127.49553902315024,9.094650060872098,0.14883376736832074,0.09061685853282538,0.0008127017608135093,0.021840525329804985,0.02562803823454073,0.015240966464155783,0.00028238592672119757,0.0022993808207094216,0.0024371538944225023,1.5412303097482646e-05,0.49239602374655833,9.352126819818665,0.008912281904956621
0.04,0.06,0.0,4,False,inf,142.02195743720594,19.228927308461877,156.44064947818305,8.461509645945881,0.5027672739331919,0.31364139881896647,0.0036220599140287797,0.03556637764071808,0.02947736152556949,0.002116282156798607,0.0018220674959850889,0.0021294597531318175,0.0034057036209574217,1.60420785683912e-05,0.5066500685155163,10.048268349666515,0.014022150797159886
0.04,0.06,0.0,5,False,inf,137.7793034047583,18.138817667378962,134.39172000304256,8.53931175364463,0.3986722483288438,0.2588814961956923,0.002847440277994798,0.05039703948682469,0.019337162342927122,0.0074822626339227484,0.0001617921071449693,0.002150106642356555,0.002225419616259996,1.1304406335961537e-05,0.4210708019156255,10.784801797232584,0.011523691115879878
0.04,0.06,0.0,6,False,inf,141.35276561876978,21.97330228601981,117.07236627735334,8.78464309222162,0.2858736692606984,0.19186009340033042,0.0017884136569469048,0.027163543490666922,0.01611947927549832,0.009804302396366918,0.0029623349705594,0.002898268817821438,0.003022971791513481,2.4438083011449394e-05,0.4867114367610584,9.367174052139356,0.005517292319837753
0.04,0.06,0.0,7,False,inf,179.4445994045721,133.5545638269469,1513.5884249935805,8.958514576139954,0.2388979209832872,0.08270508414912218,0.0020809973356412242,0.05486069004847877,0.025065085185394256,0.005895910446750368,0.0009004988547336763,0.003620660336188786,0.0010157959136967243,9.243566384669972e-05,0.49889522059021285,9.925295980985247,0.008030324268193136
0.04,0.06,0.0,8,False,inf,145.38205191413823,22.092782305570037,141.88677895650275,8.59838434525427,0.2420676416840017,0.1403188498090022,0.001237666433073275,0.059363842166896275,0.015011638446681368,0.020644162864735433,0.0026096895350886484,0.002173254419617582,0.0023136456193683964,2.7440165521545802e-05,0.4271231740331686,9.94314245206847,0.007413521450846823
0.04,0.06,0.0,9,False,inf,179.59054471723988,80.50507669857602,1549.3140679111755,8.959718045463047,0.33369583051355656,0.10036514589281717,0.0031903885322791745,0.024340860454377767,0.02126925930113436,0.02035579469014759,0.002148223888810696,0.0037461403614715227,0.003581180947548654,0.00012020741258969977,0.41876512438463015,9.875646939803113,0.00984944326977288
0.04,0.06,0.0,10,False,inf,179.44436740256248,110.02043090980594,1464.4598619061278,9.192795515250944,0.384125436246212,0.12064334283070571,0.003704716329310304,0.02038409050395734,0.026225787476039677,0.003908196843223018,0.0015384138493096946,0.0014077588120615199,0.0030671094393433934,9.771745351894099e-05,0.4602529357301176,10.716444487502452,0.013253329063847984
0.04,0.06,0.0,11,False,inf,132.8781718014733,23.39309906532903,105.26130568694197,9.622644200360073,0.1633547148696107,0.09954579900555129,0.0008758319652234292,0.03496389312200575,0.021232963867713863,0.0007510764828339755,0.0004437782537323678,0.0037846330688811086,0.0012112617284625905,1.4211044766893634e-05,0.5146261591423446,10.17437259788254,0.00868993123729791
0.04,0.06,0.0,12,False,inf,132.02475101560424,22.260694303291768,83.28422042940521,9.393694542223438,0.22049553129993768,0.1376932133976435,0.0010838336019541883,0.057337647142971224,0.012165048459874749,0.004693838148510661,0.0010496677217878725,0.0016916237397697179,0.003011337228318354,1.3656639817761454e-05,0.5092161748652868,10.556601227494834,0.005028270321866201
0.04,0.06,0.0,13,False,inf,135.70879116815414,19.124101816696005,118.22112140648332,8.620974958470843,0.45807591823802307,0.2938434041781063,0.0031602170290511893,0.05276512574660295,0.025842514773255526,0.0068446497361148734,0.00023159837315526422,0.00383939734133819,0.0028413750731413057,1.0071496504630682e-05,0.5106823465188471,10.761548012689753,0.007862966041661704
0.04,0.06,0.0,14,False,inf,179.5976489919966,51.32486711427328,1373.1226256103682,8.949633331199983,0.34626502490019956,0.10148322506772327,0.002979344988679685,0.028047333341712825,0.023460264722805206,0.022517857178019643,0.001923952442364494,0.002645089626439942,0.00328694026759358,6.957465863408183e-05,0.46458555040672866,10.094407449984567,0.012463223600913117
0.04,0.06,0.0,15,False,inf,144.53987499809935,21.2424236525605,154.68682768271276,8.915039190920607,0.3795144657218874,0.24425804801355408,0.002341415082513897,0.05079085556680287,0.015576948671442846,0.001173860694578235,0.001714791771101193,0.0014387362801707927,0.0031563141306264137,2.547831869663868e-05,0.4635290062633226,10.747204198879444,0.012814660277720307
0.04,0.06,0.002,0,False,inf,99.05411454091573,347.1491685426301,2111.310635665023,9.503686287989456,0.47253699911240404,0.11069493165701517,0.0021244856490258636,0.023489335688193516,0.008901417526596284,0.00043269248631363886,0.0024398107176008175,0.0037382667318331653,0.0028199073273015396,7.210319823797473e-05,0.47253699911240404,10.68108713915643,0.013158535541215322
0.04,0.06,0.002,1,True,0.6854999999999799,0.7072139592133091,2.2963886878642814,77.76084967270089,8.24218690969911,0.41250227180588417,0.06855650655480482,0.001708156019624724,0.057523184816296764,0.011171511479831942,0.0248355844496532,0.0009354943560314564,0.0022699793469177273,0.0034831077814613254,3.0286949087099423e-05,0.4731577435179982,9.212803007193706,0.012535131086748067
0.04,0.06,0.002,2,True,0.7854999999999689,1.9318418250370861,6.143025984831474,103.65167968041544,9.852841006231836,0.33632588920718504,0.030443553309352406,0.0011044052733180985,0.024924557170706164,0.025912966293074165,0.0024063537379950413,0.001800301577896962,0.003185681580435384,0.0015637032200998104,1.161067493821754e-05,0.444596814262228,10.231888726552896,0.010622656627804278
0.04,0.06,0.002,3,True,0.7354999999999744,2.329526336253963,7.20196304910021,94.96678957162375,9.094267099512338,0.15098054191680563,0.025938441501260838,0.0008127017608135093,0.021840525329804985,0.02562803823454073,0.015240966464155783,0.00028238592672119757,0.0022993808207094216,0.0024371538944225023,1.5412303097482646e-05,0.49239602374655833,9.352126819818665,0.008912281904956621
0.04,0.06,0.002,4,True,0.8354999999999634,1.9683093487877794,5.196121333547022,89.7843612668348,8.735492393979444,0.5003451411434547,0.06649094928068411,0.0036220599140287797,0.03556637764071808,0.02947736152556949,0.002116282156798607,0.0018220674959850889,0.0021294597531318175,0.0034057036209574217,1.60420785683912e-05,0.5066500685155163,10.048268349666515,0.014022150797159886
0.04,0.06,0.002,5,True,0.7554999999999722,0.8569027167692158,3.11535740898573,83.36394033843231,8.801991892293852,0.3926997612117973,0.06599939689984281,0.002847440277994798,0.05039703948682469,0.019337162342927122,0.0074822626339227484,0.0001617921071449693,0.002150106642356555,0.002225419616259996,1.1304406335961537e-05,0.4210708019156255,10.784801797232584,0.011523691115879878
0.04,0.06,0.002,6,True,0.7104999999999771,1.0729942268787551,3.7424972653292268,86.82749777057475,8.83438525863871,0.45403925935465633,0.04325863152442241,0.0017884136569469048,0.027163543490666922,0.01611947927549832,0.009804302396366918,0.0029623349705594,0.002898268817821438,0.003022971791513481,2.4438083011449394e-05,0.4867114367610584,9.367174052139356,0.005517292319837753
0.04,0.06,0.002,7,False,inf,90.51096336538535,9.650769202398392,86.33783135730131,8.763754828196607,0.32360027974948086,0.11749522464544222,0.0020809973356412242,0.05486069004847877,0.025065085185394256,0.005895910446750368,0.0009004988547336763,0.003620660336188786,0.0010157959136967243,9.243566384669972e-05,0.49889522059021285,9.925295980985247,0.008030324268193136
0.04,0.06,0.002,8,True,0.7104999999999771,1.4313288361194954,5.727489613493309,81.08857447439776,8.649085892859794,0.2423091057165516,0.05669775774568689,0.001237666433073275,0.059363842166896275,0.015011638446681368,0.020644162864735433,0.0026096895350886484,0.002173254419617582,0.0023136456193683964,2.7440165521545802e-05,0.4271231740331686,9.94314245206847,0.007413521450846823
0.04,0.06,0.002,9,False,inf,87.62302801119885,6.589433180567036,103.40816796597457,8.515211256818194,0.41876512438463015,0.17348788867448847,0.0031903885322791745,0.024340860454377767,0.02126925930113436,0.02035579469014759,0.002148223888810696,0.0037461403614715227,0.003581180947548654,0.00012020741258969977,0.41876512438463015,9.875646939803113,0.00984944326977288
0.04,0.06,0.002,10,False,inf,89.26639765349447,6.183527466227752,111.62117980441057,9.093251413575485,0.4602529357301176,0.18163624233535747,0.003704716329310304,0.02038409050395734,0.026225787476039677,0.003908196843223018,0.0015384138493096946,0.0014077588120615199,0.0030671094393433934,9.771745351894099e-05,0.4602529357301176,10.716444487502452,0.013253329063847984
0.04,0.06,0.002,11,True,0.7454999999999733,2.0831786691296834,7.113949282296855,97.77430286550018,9.637815146772706,0.30884806780159174,0.03611051181739095,0.0008758319652234292,0.03496389312200575,0.021232963867713863,0.0007510764828339755,0.0004437782537323678,0.0037846330688811086,0.0012112617284625905,1.4211044766893634e-05,0.5146261591423446,10.17437259788254,0.00868993123729791
0.04,0.06,0.002,12,True,0.7354999999999744,0.9476053341334959,3.154717894040779,91.50594879893843,9.43874407788417,0.3099502530925677,0.05529600826179505,0.0010838336019541883,0.057337647142971224,0.012165048459874749,0.004693838148510661,0.0010496677217878725,0.0016916237397697179,0.003011337228318354,1.3656639817761454e-05,0.5092161748652868,10.556601227494834,0.005028270321866201
0.04,0.06,0.002,13,True,0.8004999999999672,1.7363490074752197,4.937680124550684,89.55754371852503,9.01098988327293,0.451644354772447,0.06775897587044405,0.0031602170290511893,0.05276512574660295,0.025842514773255526,0.0068446497361148734,0.00023159837315526422,0.00383939734133819,0.0028413750731413057,1.0071496504630682e-05,0.5106823465188471,10.761548012689753,0.007862966041661704
0.04,0.06,0.002,14,True,1.520499999999888,4.451302422572243,11.786929163214328,157.06322558918959,9.047283409447544,0.46458555040672866,0.09187738406688199,0.002979344988679685,0.028047333341712825,0.023460264722805206,0.022517857178019643,0.001923952442364494,0.002645089626439942,0.00328694026759358,6.957465863408183e-05,0.46458555040672866,10.094407449984567,0.012463223600913117
0.04,0.06,0.002,15,True,0.7154999999999766,0.22368799003232565,0.2862669885508642,88.33202781875949,9.336525744557203,0.4343838687653773,0.05363717628065153,0.002341415082513897,0.05079085556680287,0.015576948671442846,0.001173860694578235,0.001714791771101193,0.0014387362801707927,0.0031563141306264137,2.547831869663868e-05,0.4635290062633226,10.747204198879444,0.012814660277720307
0.04,0.06,0.004,0,True,0.7054999999999777,0.25364990885616806,1.0946828412970537,88.89865151733926,9.501245079613264,0.33962536919317765,0.07059051356025528,0.0021244856490258636,0.023489335688193516,0.008901417526596284,0.00043269248631363886,0.0024398107176008175,0.0037382667318331653,0.0028199073273015396,7.210319823797473e-05,0.47253699911240404,10.68108713915643,0.013158535541215322
0.04,0.06,0.004,1,True,0.6904999999999794,0.14515873392550285,0.21516630087439909,80.05550909366724,8.243987944649385,0.44995546251573965,0.054877607598312506,0.001708156019624724,0.057523184816296764,0.011171511479831942,0.0248355844496532,0.0009354943560314564,0.0022699793469177273,0.0034831077814613254,3.0286949087099423e-05,0.4731577435179982,9.212803007193706,0.012535131086748067
0.04,0.06,0.004,2,True,0.7454999999999733,1.6609520234454669,5.4420196517449755,103.51914301812874,9.840144872477607,0.35490012027619267,0.028900095824972313,0.0011044052733180985,0.024924557170706164,0.025912966293074165,0.0024063537379950413,0.001800301577896962,0.003185681580435384,0.0015637032200998104,1.161067493821754e-05,0.444596814262228,10.231888726552896,0.010622656627804278
0.04,0.06,0.004,3,True,0.8154999999999656,1.9776275215112806,6.4270803790529705,95.38363289943314,9.084904949536176,0.27554692014289367,0.025848786396578442,0.0008127017608135093,0.021840525329804985,0.02562803823454073,0.015240966464155783,0.00028238592672119757,0.0022993808207094216,0.0024371538944225023,1.5412303097482646e-05,0.49239602374655833,9.352126819818665,0.008912281904956621
0.04,0.06,0.004,4,True,0.8704999999999595,1.357368229710824,3.845182679044259,90.60787258636896,8.771646591798186,0.5066500685155163,0.05921706207275049,0.0036220599140287797,0.03556637764071808,0.02947736152556949,0.002116282156798607,0.0018220674959850889,0.0021294597531318175,0.0034057036209574217,1.60420785683912e-05,0.5066500685155163,10.048268349666515,0.014022150797159886
0.04,0.06,0.004,5,True,0.77549999999997,0.7394837388275969,2.665446253205647,84.34840412036887,8.7963421799042,0.3911457070346822,0.06548006950898523,0.002847440277994798,0.05039703948682469,0.019337162342927122,0.0074822626339227484,0.0001617921071449693,0.002150106642356555,0.002225419616259996,1.1304406335961537e-05,0.4210708019156255,10.784801797232584,0.011523691115879878
0.04,0.06,0.004,6,True,0.7004999999999783,0.4587077933921837,1.4535550844176761,86.7237702921692,8.823414770722188,0.4750003757426373,0.041343910518794665,0.0017884136569469048,0.027163543490666922,0.01611947927549832,0.009804302396366918,0.0029623349705594,0.002898268817821438,0.003022971791513481,2.4438083011449394e-05,0.4867114367610584,9.367174052139356,0.005517292319837753
0.04,0.06,0.004,7,True,0.7504999999999727,4.271919516603722,12.30226000258445,88.75377104379962,8.774246899298658,0.3251812512698909,0.07560529856178695,0.0020809973356412242,0.05486069004847877,0.025065085185394256,0.005895910446750368,0.0009004988547336763,0.003620660336188786,0.0010157959136967243,9.243566384669972e-05,0.49889522059021285,9.925295980985247,0.008030324268193136
0.04,0.06,0.004,8,True,0.7054999999999777,1.1870654736525623,4.407633753975621,82.75095628786904,8.647721187549147,0.34810894993626607,0.056007235626085575,0.001237666433073275,0.059363842166896275,0.015011638446681368,0.020644162864735433,0.0026096895350886484,0.002173254419617582,0.0023136456193683964,2.7440165521545802e-05,0.4271231740331686,9.94314245206847,0.007413521450846823
0.04,0.06,0.004,9,True,1.0454999999999404,3.695230017115855,10.67854343602335,90.24938750471922,8.588324394424953,0.41876512438463015,0.08830892094101932,0.0031903885322791745,0.024340860454377767,0.02126925930113436,0.02035579469014759,0.002148223888810696,0.0037461403614715227,0.003581180947548654,0.00012020741258969977,0.41876512438463015,9.875646939803113,0.00984944326977288
0.04,0.06,0.004,10,True,0.7654999999999711,3.4581725299293145,8.701111486351774,89.62879241849713,9.085463831394721,0.4602529357301176,0.08702841629017291,0.003704716329310304,0.02038409050395734,0.026225787476039677,0.003908196843223018,0.0015384138493096946,0.0014077588120615199,0.0030671094393433934,9.771745351894099e-05,0.4602529357301176,10.716444487502452,0.013253329063847984
0.04,0.06,0.004,11,True,0.7504999999999727,1.855268242367675,6.948832671445915,99.55915442820398,9.629962761662279,0.32677523665271,0.03548096757269438,0.0008758319652234292,0.03496389312200575,0.021232963867713863,0.0007510764828339755,0.0004437782537323678,0.0037846330688811086,0.0012112617284625905,1.4211044766893634e-05,0.5146261591423446,10.17437259788254,0.00868993123729791
0.04,0.06,0.004,12,True,0.7654999999999711,0.9137833519962184,3.1018533528709016,91.4112043337542,9.427045039281937,0.2577382872589365,0.05698423321391916,0.0010838336019541883,0.057337647142971224,0.012165048459874749,0.004693838148510661,0.0010496677217878725,0.0016916237397697179,0.003011337228318354,1.3656639817761454e-05,0.5092161748652868,10.556601227494834,0.005028270321866201
0.04,0.06,0.004,13,True,0.8254999999999645,1.4500982005052727,4.342484150377236,91.07104002387936,9.028843599029452,0.4540643042050552,0.06709769914417416,0.0031602170290511893,0.05276512574660295,0.025842514773255526,0.0068446497361148734,0.00023159837315526422,0.00383939734133819,0.0028413750731413057,1.0071496504630682e-05,0.5106823465188471,10.761548012689753,0.007862966041661704
0.04,0.06,0.004,14,True,0.8154999999999656,2.504473065229163,7.180910484518829,90.77385673591425,9.04117682173554,0.4371579259469594,0.06537062386214415,0.002979344988679685,0.028047333341712825,0.023460264722805206,0.022517857178019643,0.001923952442364494,0.002645089626439942,0.00328694026759358,6.957465863408183e-05,0.46458555040672866,10.094407449984567,0.012463223600913117
0.04,0.06,0.004,15,True,0.7104999999999771,0.7395224210051651,2.5422049103402875,90.29509728852855,9.341296824325857,0.45604876363610447,0.0660837258770892,0.002341415082513897,0.05079085556680287,0.015576948671442846,0.001173860694578235,0.001714791771101193,0.0014387362801707927,0.0031563141306264137,2.547831869663868e-05,0.4635290062633226,10.747204198879444,0.012814660277720307
0.04,0.06,0.008,0,True,0.7354999999999744,0.12129412322858535,0.27588371878591667,88.84715633477816,9.498540081878366,0.4085795629256304,0.07089415891786705,0.0021244856490258636,0.023489335688193516,0.008901417526596284,0.00043269248631363886,0.0024398107176008175,0.0037382667318331653,0.0028199073273015396,7.210319823797473e-05,0.47253699911240404,10.68108713915643,0.013158535541215322
0.04,0.06,0.008,1,True,0.6954999999999788,0.4583338436419648,1.1918970650234821,79.88569561698141,8.223800180208912,0.4731577435179982,0.06228003420460831,0.001708156019624724,0.057523184816296764,0.011171511479831942,0.0248355844496532,0.0009354943560314564,0.0022699793469177273,0.0034831077814613254,3.0286949087099423e-05,0.4731577435179982,9.212803007193706,0.012535131086748067
0.04,0.06,0.008,2,True,0.7604999999999716,1.5274967905970585,5.245742413885125,103.2565493692861,9.814760187906069,0.36791129198332445,0.02983604150628864,0.0011044052733180985,0.024924557170706164,0.025912966293074165,0.0024063537379950413,0.001800301577896962,0.003185681580435384,0.0015637032200998104,1.161067493821754e-05,0.444596814262228,10.231888726552896,0.010622656627804278
0.04,0.06,0.008,3,True,0.8104999999999661,1.7198066601939574,6.236711284420319,95.71804158172915,9.06847880149148,0.2892120378556058,0.024806040630740007,0.0008127017608135093,0.021840525329804985,0.02562803823454073,0.015240966464155783,0.00028238592672119757,0.0022993808207094216,0.0024371538944225023,1.5412303097482646e-05,0.49239602374655833,9.352126819818665,0.008912281904956621
0.04,0.06,0.008,4,True,0.8604999999999606,1.152998951251296,3.2467583948512067,91.05199567910721,8.759013857854002,0.5026601777519343,0.05833430853645615,0.0036220599140287797,0.03556637764071808,0.02947736152556949,0.002116282156798607,0.0018220674959850889,0.0021294597531318175,0.0034057036209574217,1.60420785683912e-05,0.5066500685155163,10.048268349666515,0.014022150797159886
0.04,0.06,0.008,5,True,0.7704999999999705,0.7431226534748805,2.524646777458382,86.66538499608276,8.83448902875174,0.3899272320630411,0.06662124297069334,0.002847440277994798,0.05039703948682469,0.019337162342927122,0.0074822626339227484,0.0001617921071449693,0.002150106642356555,0.002225419616259996,1.1304406335961537e-05,0.4210708019156255,10.784801797232584,0.011523691115879878
0.04,0.06,0.008,6,True,0.7154999999999766,0.3742215864979531,0.9931167408744227,86.56199627568726,8.801570307948566,0.4867114367610584,0.04008871221112408,0.0017884136569469048,0.027163543490666922,0.01611947927549832,0.009804302396366918,0.0029623349705594,0.002898268817821438,0.003022971791513481,2.4438083011449394e-05,0.4867114367610584,9.367174052139356,0.005517292319837753
0.04,0.06,0.008,7,True,0.7554999999999722,2.576380951475891,8.065581943128032,88.59725492796896,8.753704313473554,0.37118431071904656,0.06298886753662815,0.0020809973356412242,0.05486069004847877,0.025065085185394256,0.005895910446750368,0.0009004988547336763,0.003620660336188786,0.0010157959136967243,9.243566384669972e-05,0.49889522059021285,9.925295980985247,0.008030324268193136
0.04,0.06,0.008,8,True,0.7054999999999777,1.1832344147744385,4.392075072770569,84.03551026933623,8.633006424775047,0.3362577541916131,0.05830710261848007,0.001237666433073275,0.059363842166896275,0.015011638446681368,0.020644162864735433,0.0026096895350886484,0.002173254419617582,0.0023136456193683964,2.7440165521545802e-05,0.4271231740331686,9.94314245206847,0.007413521450846823
0.04,0.06,0.008,9,True,0.7704999999999705,1.9149854251784113,5.788829395426882,86.02886252359504,8.597305051931723,0.41876512438463015,0.06775619994682339,0.0031903885322791745,0.024340860454377767,0.02126925930113436,0.02035579469014759,0.002148223888810696,0.0037461403614715227,0.003581180947548654,0.00012020741258969977,0.41876512438463015,9.875646939803113,0.00984944326977288
0.04,0.06,0.008,10,True,0.8354999999999634,1.8395085953207198,4.968873134184216,90.6044300242919,9.089412624766325,0.4602529357301176,0.06294169006057926,0.003704716329310304,0.02038409050395734,0.026225787476039677,0.003908196843223018,0.0015384138493096946,0.0014077588120615199,0.0030671094393433934,9.771745351894099e-05,0.4602529357301176,10.716444487502452,0.013253329063847984
0.04,0.06,0.008,11,True,0.77549999999997,1.8337549866074805,7.1189449100280155,99.70619135536214,9.610122943813169,0.3364920050884238,0.036226915557904554,0.0008758319652234292,0.03496389312200575,0.021232963867713863,0.0007510764828339755,0.0004437782537323678,0.0037846330688811086,0.0012112617284625905,1.4211044766893634e-05,0.5146261591423446,10.17437259788254,0.00868993123729791
0.04,0.06,0.008,12,True,0.7854999999999689,0.9127773229821939,3.0217567123440077,91.22337915671274,9.40362936030523,0.4149020234457736,0.05706696562281388,0.0010838336019541883,0.057337647142971224,0.012165048459874749,0.004693838148510661,0.0010496677217878725,0.0016916237397697179,0.003011337228318354,1.3656639817761454e-05,0.5092161748652868,10.556601227494834,0.005028270321866201
0.04,0.06,0.008,13,True,0.8604999999999606,1.3892229325851968,4.0261503657349325,91.42658629212606,9.016637625417305,0.45465724875581953,0.06681817969204197,0.0031602170290511893,0.05276512574660295,0.025842514773255526,0.0068446497361148734,0.00023159837315526422,0.00383939734133819,0.0028413750731413057,1.0071496504630682e-05,0.5106823465188471,10.761548012689753,0.007862966041661704
0.04,0.06,0.008,14,True,0.7054999999999777,1.3223623675027174,4.1367882005668495,90.84955918995588,9.022955516260604,0.4364350179782722,0.054918663400989436,0.002979344988679685,0.028047333341712825,0.023460264722805206,0.022517857178019643,0.001923952442364494,0.002645089626439942,0.00328694026759358,6.957465863408183e-05,0.46458555040672866,10.094407449984567,0.012463223600913117
0.04,0.06,0.008,15,True,0.7154999999999766,0.6416052730834277,2.1767247996759505,90.68435239448337,9.337551442545488,0.4616672711841556,0.06559033333947283,0.002341415082513897,0.05079085556680287,0.015576948671442846,0.001173860694578235,0.001714791771101193,0.0014387362801707927,0.0031563141306264137,2.547831869663868e-05,0.4635290062633226,10.747204198879444,0.012814660277720307
0.04,0.08,0.0,0,False,inf,164.83805402509125,30.43630844189903,103.04430967766514,9.676939032911736,0.3195221725598136,0.21030082354088345,0.0021244856490258636,0.023489335688193516,0.008901417526596284,0.00043269248631363886,0.0024398107176008175,0.0037382667318331653,0.0028199073273015396,7.210319823797473e-05,0.47253699911240404,10.68108713915643,0.013158535541215322
0.04,0.08,0.0,1,False,inf,135.53369484186797,20.258763730340938,136.0525621337759,8.15819812885776,0.322745225952752,0.19173836936277344,0.001708156019624724,0.057523184816296764,0.011171511479831942,0.0248355844496532,0.0009354943560314564,0.0022699793469177273,0.0034831077814613254,3.0286949087099423e-05,0.4731577435179982,9.212803007193706,0.012535131086748067
0.04,0.08,0.0,2,False,inf,121.73380744076825,23.796880889484573,92.6611783973674,9.750286828356813,0.19033441997094522,0.11541573735989957,0.0011044052733180985,0.024924557170706164,0.025912966293074165,0.0024063537379950413,0.001800301577896962,0.003185681580435384,0.0015637032200998104,1.161067493821754e-05,0.444596814262228,10.231888726552896,0.010622656627804278
0.04,0.08,0.0,3,False,inf,123.59796361175525,24.175020286427436,89.96673901761105,9.087288259923074,0.15235019937148936,0.09182962379172062,0.0008127017608135093,0.021840525329804985,0.02562803823454073,0.015240966464155783,0.00028238592672119757,0.0022993808207094216,0.0024371538944225023,1.5412303097482646e-05,0.49239602374655833,9.352126819818665,0.008912281904956621
0.04,0.08,0.0,4,False,inf,130.7766267728816,19.06268270862996,148.60327113952528,8.427938981971945,0.5052638652452076,0.3167955634089527,0.0036220599140287797,0.03556637764071808,0.02947736152556949,0.002116282156798607,0.0018220674959850889,0.0021294597531318175,0.0034057036209574217,1.60420785683912e-05,0.5066500685155163,10.048268349666515,0.014022150797159886
0.04,0.08,0.0,5,False,inf,127.36503150336554,19.573178342051005,134.91880844353105,8.306267738180885,0.40087113732655305,0.26011424766413205,0.002847440277994798,0.05039703948682469,0.019337162342927122,0.0074822626339227484,0.0001617921071449693,0.002150106642356555,0.002225419616259996,1.1304406335961537e-05,0.4210708019156255,10.784801797232584,0.011523691115879878
0.04,0.08,0.0,6,False,inf,128.65246847550202,21.962030786631246,109.89063072403312,8.757237056858068,0.28920480629206247,0.1901172921408586,0.0017884136569469048,0.027163543490666922,0.01611947927549832,0.009804302396366918,0.0029623349705594,0.002898268817821438,0.003022971791513481,2.4438083011449394e-05,0.4867114367610584,9.367174052139356,0.005517292319837753
0.04,0.08,0.0,7,False,inf,178.99527336899405,85.20287204067377,1379.4092216353665,8.966819382630188,0.2579614515677181,0.09134092236013876,0.0020809973356412242,0.05486069004847877,0.025065085185394256,0.005895910446750368,0.0009004988547336763,0.003620660336188786,0.0010157959136967243,9.243566384669972e-05,0.49889522059021285,9.925295980985247,0.008030324268193136
0.04,0.08,0.0,8,False,inf,132.66220789048796,21.783162848126675,120.46823838432564,8.642823770777271,0.24503921217965924,0.1416571857036218,0.001237666433073275,0.059363842166896275,0.015011638446681368,0.020644162864735433,0.0026096895350886484,0.002173254419617582,0.0023136456193683964,2.7440165521545802e-05,0.4271231740331686,9.94314245206847,0.007413521450846823
0.04,0.08,0.0,9,False,inf,179.35504976549487,93.89960890455883,1525.9366156289063,9.011915573298937,0.3726965148293612,0.1020944950630932,0.0031903885322791745,0.024340860454377767,0.02126925930113436,0.02035579469014759,0.002148223888810696,0.0037461403614715227,0.003581180947548654,0.00012020741258969977,0.41876512438463015,9.875646939803113,0.00984944326977288
0.04,0.08,0.0,10,False,inf,179.0642441862877,138.41025576596536,1486.5230451353077,9.244213600754003,0.38990092345938016,0.1385571550331548,0.003704716329310304,0.02038409050395734,0.026225787476039677,0.003908196843223018,0.0015384138493096946,0.0014077588120615199,0.0030671094393433934,9.771745351894099e-05,0.4602529357301176,10.716444487502452,0.013253329063847984
0.04,0.08,0.0,11,False,inf,122.20502722338294,24.50262079733338,90.65098440481879,9.61804676688162,0.1663915235334793,0.09939151264442606,0.0008758319652234292,0.03496389312200575,0.021232963867713863,0.0007510764828339755,0.0004437782537323678,0.0037846330688811086,0.0012112617284625905,1.4211044766893634e-05,0.5146261591423446,10.17437259788254,0.00868993123729791
0.04,0.08,0.0,12,False,inf,122.65348242247258,24.017415803338846,87.69745354776823,9.394130820585582,0.22331117140014822,0.13614743013669567,0.0010838336019541883,0.057337647142971224,0.012165048459874749,0.004693838148510661,0.0010496677217878725,0.0016916237397697179,0.003011337228318354,1.3656639817761454e-05,0.5092161748652868,10.556601227494834,0.005028270321866201
0.04,0.08,0.0,13,False,inf,124.26332873006073,20.02751261418022,99.12183035512253,8.605231684926895,0.4613901101985986,0.29370927063989244,0.0031602170290511893,0.05276512574660295,0.025842514773255526,0.0068446497361148734,0.00023159837315526422,0.00383939734133819,0.0028413750731413057,1.0071496504630682e-05,0.5106823465188471,10.761548012689753,0.007862966041661704
0.04,0.08,0.0,14,False,inf,179.23209116979987,75.89759908689497,1367.1332515977438,9.170401695134316,0.39523192497596743,0.11057370495616964,0.002979344988679685,0.028047333341712825,0.023460264722805206,0.022517857178019643,0.001923952442364494,0.002645089626439942,0.00328694026759358,6.957465863408183e-05,0.46458555040672866,10.094407449984567,0.012463223600913117
0.04,0.08,0.0,15,False,inf,132.99085248948634,22.099225767708415,160.87626332230914,9.053291584352658,0.3816132603569941,0.2469196398183093,0.002341415082513897,0.05079085556680287,0.015576948671442846,0.001173860694578235,0.001714791771101193,0.0014387362801707927,0.0031563141306264137,2.547831869663868e-05,0.4635290062633226,10.747204198879444,0.012814660277720307
0.04,0.08,0.002,0,True,0.45550000000000035,2.239556257648844,7.115999296852677,85.22333948146691,9.493678996511393,0.47253699911240404,0.06574904551127292,0.0021244856490258636,0.023489335688193516,0.008901417526596284,0.00043269248631363886,0.0024398107176008175,0.0037382667318331653,0.0028199073273015396,7.210319823797473e-05,0.47253699911240404,10.68108713915643,0.013158535541215322
0.04,0.08,0.002,1,True,0.45050000000000034,0.15356461091441637,0.22218075514906446,77.58244473349322,8.23094016938326,0.3216810372376918,0.046991840921142565,0.001708156019624724,0.057523184816296764,0.011171511479831942,0.0248355844496532,0.0009354943560314564,0.0022699793469177273,0.0034831077814613254,3.0286949087099423e-05,0.4731577435179982,9.212803007193706,0.012535131086748067
0.04,0.08,0.002,2,True,0.5404999999999959,2.225285187001931,6.232580674668019,101.02845453668027,9.835188337379373,0.2192866765512701,0.027688300281880632,0.0011044052733180985,0.024924557170706164,0.025912966293074165,0.0024063537379950413,0.001800301577896962,0.003185681580435384,0.0015637032200998104,1.161067493821754e-05,0.444596814262228,10.231888726552896,0.010622656627804278
0.04,0.08,0.002,3,True,0.5054999999999997,2.71191395733343,7.310238373172499,94.79448311464098,9.090626293388757,0.13546831051330274,0.023489028883015607,0.0008127017608135093,0.021840525329804985,0.02562803823454073,0.015240966464155783,0.00028238592672119757,0.0022993808207094216,0.0024371538944225023,1.5412303097482646e-05,0.49239602374655833,9.352126819818665,0.008912281904956621
0.04,0.08,0.002,4,True,0.7654999999999711,2.1104508854343598,5.048102191823772,85.32587303940271,8.644122607736232,0.5066500685155163,0.056165221704854315,0.0036220599140287797,0.03556637764071808,0.02947736152556949,0.002116282156798607,0.0018220674959850889,0.0021294597531318175,0.0034057036209574217,1.60420785683912e-05,0.5066500685155163,10.048268349666515,0.014022150797159886
0.04,0.08,0.002,5,True,0.4905000000000004,1.0505762023715146,3.3716261460015233,83.29603836085604,8.782465459593663,0.4210708019156255,0.059897960162823956,0.002847440277994798,0.05039703948682469,0.019337162342927122,0.0074822626339227484,0.0001617921071449693,0.002150106642356555,0.002225419616259996,1.1304406335961537e-05,0.4210708019156255,10.784801797232584,0.011523691115879878
0.04,0.08,0.002,6,True,0.4905000000000004,0.1665857581271079,0.2115299964927541,86.63076383925633,8.823322918416942,0.28167787350423723,0.0314873752956049,0.0017884136569469048,0.027163543490666922,0.01611947927549832,0.009804302396366918,0.0029623349705594,0.002898268817821438,0.003022971791513481,2.4438083011449394e-05,0.4867114367610584,9.367174052139356,0.005517292319837753
0.04,0.08,0.002,7,True,0.7504999999999727,7.397056464312853,17.51126621570132,86.11156943952872,8.746911474686547,0.3284975379761775,0.08382794133489449,0.0020809973356412242,0.05486069004847877,0.025065085185394256,0.005895910446750368,0.0009004988547336763,0.003620660336188786,0.0010157959136967243,9.243566384669972e-05,0.49889522059021285,9.925295980985247,0.008030324268193136
0.04,0.08,0.002,8,True,0.46550000000000036,1.3181705204460974,4.31927318935838,82.17435087871888,8.64865645058036,0.23794159744709145,0.050766166307074215,0.001237666433073275,0.059363842166896275,0.015011638446681368,0.020644162864735433,0.0026096895350886484,0.002173254419617582,0.0023136456193683964,2.7440165521545802e-05,0.4271231740331686,9.94314245206847,0.007413521450846823
0.04,0.08,0.002,9,True,0.7654999999999711,6.898147110789441,19.904086379496462,81.0287111640949,8.497023837597311,0.41876512438463015,0.09928831022439026,0.0031903885322791745,0.024340860454377767,0.02126925930113436,0.02035579469014759,0.002148223888810696,0.0037461403614715227,0.003581180947548654,0.00012020741258969977,0.41876512438463015,9.875646939803113,0.00984944326977288
0.04,0.08,0.002,10,True,0.77549999999997,6.149463273891375,13.772781993220223,89.52932430786673,9.077978385773553,0.4602529357301176,0.10132004175131673,0.003704716329310304,0.02038409050395734,0.026225787476039677,0.003908196843223018,0.0015384138493096946,0.0014077588120615199,0.0030671094393433934,9.771745351894099e-05,0.4602529357301176,10.716444487502452,0.013253329063847984
0.04,0.08,0.002,11,True,0.5204999999999981,2.5169436873751803,7.894958776147498,97.52463025452754,9.634258934741341,0.23820306950688724,0.03390631103297396,0.0008758319652234292,0.03496389312200575,0.021232963867713863,0.0007510764828339755,0.0004437782537323678,0.0037846330688811086,0.0012112617284625905,1.4211044766893634e-05,0.5146261591423446,10.17437259788254,0.00868993123729791
0.04,0.08,0.002,12,True,0.46550000000000036,1.1020085539825624,3.1793437053026388,91.32803668405637,9.436777074980734,0.32225982266646575,0.0525542354343105,0.0010838336019541883,0.057337647142971224,0.012165048459874749,0.004693838148510661,0.0010496677217878725,0.0016916237397697179,0.003011337228318354,1.3656639817761454e-05,0.5092161748652868,10.556601227494834,0.005028270321866201
0.04,0.08,0.002,13,True,0.5054999999999997,1.994810661079941,4.939692727133818,89.36625750911355,8.992400809199575,0.45561475580869387,0.06109590022587552,0.0031602170290511893,0.05276512574660295,0.025842514773255526,0.0068446497361148734,0.00023159837315526422,0.00383939734133819,0.0028413750731413057,1.0071496504630682e-05,0.5106823465188471,10.761548012689753,0.007862966041661704
0.04,0.08,0.002,14,True,0.730499999999975,4.57171344527231,11.014524116095656,85.93226778407154,8.932465955684632,0.45432512612576736,0.06966822245635934,0.002979344988679685,0.028047333341712825,0.023460264722805206,0.022517857178019643,0.001923952442364494,0.002645089626439942,0.00328694026759358,6.957465863408183e-05,0.46458555040672866,10.094407449984567,0.012463223600913117
0.04,0.08,0.002,15,True,0.47550000000000037,1.1314040845368947,3.466522953016395,88.14576136702756,9.316253330156421,0.37508630793281367,0.05914286336039519,0.002341415082513897,0.05079085556680287,0.015576948671442846,0.001173860694578235,0.001714791771101193,0.0014387362801707927,0.0031563141306264137,2.547831869663868e-05,0.4635290062633226,10.747204198879444,0.012814660277720307
0.04,0.08,0.004,0,True,0.44550000000000034,0.2530327000684022,0.7770713523879216,88.70288520619461,9.492423647220019,0.3480376930847345,0.06138935015771255,0.0021244856490258636,0.023489335688193516,0.008901417526596284,0.00043269248631363886,0.0024398107176008175,0.0037382667318331653,0.0028199073273015396,7.210319823797473e-05,0.47253699911240404,10.68108713915643,0.013158535541215322
0.04,0.08,0.004,1,True,0.46550000000000036,0.1777817815275586,0.21329674290078737,78.41167173637827,8.215127806783801,0.3251592408622947,0.04737924537280937,0.001708156019624724,0.057523184816296764,0.011171511479831942,0.0248355844496532,0.0009354943560314564,0.0022699793469177273,0.0034831077814613254,3.0286949087099423e-05,0.4731577435179982,9.212803007193706,0.012535131086748067
0.04,0.08,0.004,2,True,0.5504999999999948,1.9680905023145356,6.040657334247338,102.3289359945962,9.825961693603452,0.21390856501321606,0.027912150016152874,0.0011044052733180985,0.024924557170706164,0.025912966293074165,0.0024063537379950413,0.001800301577896962,0.003185681580435384,0.0015637032200998104,1.161067493821754e-05,0.444596814262228,10.231888726552896,0.010622656627804278
0.04,0.08,0.004,3,True,0.5354999999999964,2.2838334492332066,6.823919676723938,95.98319499391438,9.0808133262606,0.1815032595778144,0.02401204257373352,0.0008127017608135093,0.021840525329804985,0.02562803823454073,0.015240966464155783,0.00028238592672119757,0.0022993808207094216,0.0024371538944225023,1.5412303097482646e-05,0.49239602374655833,9.352126819818665,0.008912281904956621
0.04,0.08,0.004,4,True,0.8454999999999623,1.5648219932628218,3.882387141850037,89.27340590702825,8.71252423038206,0.5066500685155163,0.053646724395147984,0.0036220599140287797,0.03556637764071808,0.02947736152556949,0.002116282156798607,0.0018220674959850889,0.0021294597531318175,0.0034057036209574217,1.60420785683912e-05,0.5066500685155163,10.048268349666515,0.014022150797159886
0.04,0.08,0.004,5,True,0.47550000000000037,0.9641091613713709,2.885513179751392,83.61332715873698,8.76181224274017,0.3937680216664681,0.0601888110489215,0.002847440277994798,0.05039703948682469,0.019337162342927122,0.0074822626339227484,0.0001617921071449693,0.002150106642356555,0.002225419616259996,1.1304406335961537e-05,0.4210708019156255,10.784801797232584,0.011523691115879878
0.04,0.08,0.004,6,True,0.5154999999999986,0.6821125483669068,1.8686067823797916,86.44952886062404,8.807842334585482,0.27833459699400925,0.03804899895281912,0.0017884136569469048,0.027163543490666922,0.01611947927549832,0.009804302396366918,0.0029623349705594,0.002898268817821438,0.003022971791513481,2.4438083011449394e-05,0.4867114367610584,9.367174052139356,0.005517292319837753
0.04,0.08,0.004,7,True,0.8404999999999628,4.301803350287548,11.475428437739588,87.29168287340264,8.737252457235005,0.32175174076582547,0.0644834504890263,0.0020809973356412242,0.05486069004847877,0.025065085185394256,0.005895910446750368,0.0009004988547336763,0.003620660336188786,0.0010157959136967243,9.243566384669972e-05,0.49889522059021285,9.925295980985247,0.008030324268193136
0.04,0.08,0.004,8,True,0.4905000000000004,1.4835461903091949,4.743762070943917,82.503590468499,8.62988561560694,0.23999515681398223,0.055713968693227985,0.001237666433073275,0.059363842166896275,0.015011638446681368,0.020644162864735433,0.0026096895350886484,0.002173254419617582,0.0023136456193683964,2.7440165521545802e-05,0.4271231740331686,9.94314245206847,0.007413521450846823
0.04,0.08,0.004,9,True,0.720499999999976,3.7838435565985384,9.976027720564405,80.91331349406191,8.482220420002816,0.41876512438463015,0.06991570468972491,0.0031903885322791745,0.024340860454377767,0.02126925930113436,0.02035579469014759,0.002148223888810696,0.0037461403614715227,0.003581180947548654,0.00012020741258969977,0.41876512438463015,9.875646939803113,0.00984944326977288
0.04,0.08,0.004,10,True,0.720499999999976,3.4016334770794883,8.064606129442348,89.4082782459131,9.065049492631013,0.4602529357301176,0.06526845459410961,0.003704716329310304,0.02038409050395734,0.026225787476039677,0.003908196843223018,0.0015384138493096946,0.0014077588120615199,0.0030671094393433934,9.771745351894099e-05,0.4602529357301176,10.716444487502452,0.013253329063847984
0.04,0.08,0.004,11,True,0.5404999999999959,2.317351367758087,7.79672194245579,98.34494108094364,9.622103135068357,0.23480548285663635,0.03453238628473844,0.0008758319652234292,0.03496389312200575,0.021232963867713863,0.0007510764828339755,0.0004437782537323678,0.0037846330688811086,0.0012112617284625905,1.4211044766893634e-05,0.5146261591423446,10.17437259788254,0.00868993123729791
0.04,0.08,0.004,12,True,3.035500000000181,1.1909272714645907,3.451265888234711,179.5293894234332,9.428591031616394,0.5092161748652868,0.05425312598827866,0.0010838336019541883,0.057337647142971224,0.012165048459874749,0.004693838148510661,0.0010496677217878725,0.0016916237397697179,0.003011337228318354,1.3656639817761454e-05,0.5092161748652868,10.556601227494834,0.005028270321866201
0.04,0.08,0.004,13,True,0.5354999999999964,1.7536906985100942,4.549717505396825,89.24447572989995,8.975852512961747,0.45603175623422504,0.061212552155840434,0.0031602170290511893,0.05276512574660295,0.025842514773255526,0.0068446497361148734,0.00023159837315526422,0.00383939734133819,0.0028413750731413057,1.0071496504630682e-05,0.5106823465188471,10.761548012689753,0.007862966041661704
0.04,0.08,0.004,14,True,0.8454999999999623,2.5105992447264303,6.383438490795558,90.35630226583261,9.012567312236637,0.46458555040672866,0.05350544275100648,0.002979344988679685,0.028047333341712825,0.023460264722805206,0.022517857178019643,0.001923952442364494,0.002645089626439942,0.00328694026759358,6.957465863408183e-05,0.46458555040672866,10.094407449984567,0.012463223600913117
0.04,0.08,0.004,15,True,0.5054999999999997,0.8679433586943462,2.4536934807206294,88.04391610289811,9.295243001490288,0.3736647101756849,0.058946087398227154,0.002341415082513897,0.05079085556680287,0.015576948671442846,0.001173860694578235,0.001714791771101193,0.0014387362801707927,0.0031563141306264137,2.547831869663868e-05,0.4635290062633226,10.747204198879444,0.012814660277720307
0.04,0.08,0.008,0,True,0.46050000000000035,0.13241705721621758,0.2207215315982928,88.56761306411909,9.473915403739321,0.32908896267005766,0.06340047468098392,0.0021244856490258636,0.023489335688193516,0.008901417526596284,0.00043269248631363886,0.0024398107176008175,0.0037382667318331653,0.0028199073273015396,7.210319823797473e-05,0.47253699911240404,10.68108713915643,0.013158535541215322
0.04,0.08,0.008,1,True,0.47550000000000037,0.5978837848430689,1.2865430683869457,79.52502222928572,8.197941260114249,0.32782180899201224,0.06108439462977309,0.001708156019624724,0.057523184816296764,0.011171511479831942,0.0248355844496532,0.0009354943560314564,0.0022699793469177273,0.0034831077814613254,3.0286949087099423e-05,0.4731577435179982,9.212803007193706,0.012535131086748067
0.04,0.08,0.008,2,True,0.5554999999999942,1.918776262415901,5.997858355722242,102.8164970397778,9.795315585276857,0.21296892323920058,0.029735314517654047,0.0011044052733180985,0.024924557170706164,0.025912966293074165,0.0024063537379950413,0.001800301577896962,0.003185681580435384,0.0015637032200998104,1.161067493821754e-05,0.444596814262228,10.231888726552896,0.010622656627804278
0.04,0.08,0.008,3,True,0.5354999999999964,2.132361855832425,6.74565762360446,96.73755596569963,9.085968530548866,0.1839284570219066,0.02411712024203193,0.0008127017608135093,0.021840525329804985,0.02562803823454073,0.015240966464155783,0.00028238592672119757,0.0022993808207094216,0.0024371538944225023,1.5412303097482646e-05,0.49239602374655833,9.352126819818665,0.008912281904956621
0.04,0.08,0.008,4,True,0.5354999999999964,1.3861235747016565,3.3262010976560488,89.46360649206949,8.702123554815287,0.5066500685155163,0.05327923177215657,0.0036220599140287797,0.03556637764071808,0.02947736152556949,0.002116282156798607,0.0018220674959850889,0.0021294597531318175,0.0034057036209574217,1.60420785683912e-05,0.5066500685155163,10.048268349666515,0.014022150797159886
0.04,0.08,0.008,5,True,0.48050000000000037,0.9106613757612733,2.788646927304207,83.70736586098565,8.726446565228173,0.393069397548158,0.06048280547445318,0.002847440277994798,0.05039703948682469,0.019337162342927122,0.0074822626339227484,0.0001617921071449693,0.002150106642356555,0.002225419616259996,1.1304406335961537e-05,0.4210708019156255,10.784801797232584,0.011523691115879878
0.04,0.08,0.008,6,True,0.5254999999999975,0.6148750204321809,1.5614556974226388,86.17888100198121,8.773721557513332,0.27917962647919686,0.03700752668500129,0.0017884136569469048,0.027163543490666922,0.01611947927549832,0.009804302396366918,0.0029623349705594,0.002898268817821438,0.003022971791513481,2.4438083011449394e-05,0.4867114367610584,9.367174052139356,0.005517292319837753
0.04,0.08,0.008,7,True,0.5005000000000003,2.8597162386005412,7.829514610160813,88.23785774232186,8.724180376035942,0.3192094784198861,0.057795655170055846,0.0020809973356412242,0.05486069004847877,0.025065085185394256,0.005895910446750368,0.0009004988547336763,0.003620660336188786,0.0010157959136967243,9.243566384669972e-05,0.49889522059021285,9.925295980985247,0.008030324268193136
0.04,0.08,0.008,8,True,0.4955000000000004,1.5138279450680032,4.8812306879017315,82.16826041732891,8.592253109235203,0.24116765813500754,0.057267393378111056,0.001237666433073275,0.059363842166896275,0.015011638446681368,0.020644162864735433,0.0026096895350886484,0.002173254419617582,0.0023136456193683964,2.7440165521545802e-05,0.4271231740331686,9.94314245206847,0.007413521450846823
0.04,0.08,0.008,9,True,0.7554999999999722,1.9387570899160105,4.844856418235745,83.14944850739592,8.501951827041022,0.41876512438463015,0.0562334227145765,0.0031903885322791745,0.024340860454377767,0.02126925930113436,0.02035579469014759,0.002148223888810696,0.0037461403614715227,0.003581180947548654,0.00012020741258969977,0.41876512438463015,9.875646939803113,0.00984944326977288
0.04,0.08,0.008,10,True,0.7904999999999683,1.8691462120132987,4.491567014409299,89.13190006622517,9.035115479439204,0.4602529357301176,0.051426279524816494,0.003704716329310304,0.02038409050395734,0.026225787476039677,0.003908196843223018,0.0015384138493096946,0.0014077588120615199,0.0030671094393433934,9.771745351894099e-05,0.4602529357301176,10.716444487502452,0.013253329063847984
0.04,0.08,0.008,11,True,0.5354999999999964,2.2473866743127324,7.523494904434738,99.48923142673821,9.604035322666995,0.23998611378822918,0.03520719959780174,0.0008758319652234292,0.03496389312200575,0.021232963867713863,0.0007510764828339755,0.0004437782537323678,0.0037846330688811086,0.0012112617284625905,1.4211044766893634e-05,0.5146261591423446,10.17437259788254,0.00868993123729791
0.04,0.08,0.008,12,True,2.8305000000001126,1.1170276830888806,3.156367442487942,172.6125127080551,9.37618052167594,0.5092161748652868,0.05592818893433099,0.0010838336019541883,0.057337647142971224,0.012165048459874749,0.004693838148510661,0.0010496677217878725,0.0016916237397697179,0.003011337228318354,1.3656639817761454e-05,0.5092161748652868,10.556601227494834,0.005028270321866201
0.04,0.08,0.008,13,True,0.5504999999999948,1.6472236481811235,4.3355001665415935,89.04083889575769,8.943308240248848,0.4563809245881007,0.061779483066234035,0.0031602170290511893,0.05276512574660295,0.025842514773255526,0.0068446497361148734,0.00023159837315526422,0.00383939734133819,0.0028413750731413057,1.0071496504630682e-05,0.5106823465188471,10.761548012689753,0.007862966041661704
0.04,0.08,0.008,14,True,0.4955000000000004,1.359617181965155,3.8753917606346846,90.17768991249329,8.979539080052492,0.44011031656660043,0.04744545237150724,0.002979344988679685,0.028047333341712825,0.023460264722805206,0.022517857178019643,0.001923952442364494,0.002645089626439942,0.00328694026759358,6.957465863408183e-05,0.46458555040672866,10.094407449984567,0.012463223600913117
0.04,0.08,0.008,15,True,0.5154999999999986,0.805845875367966,2.3861324393310652,87.73261042326567,9.253128657225776,0.3744264587826819,0.06008487776322961,0.002341415082513897,0.05079085556680287,0.015576948671442846,0.001173860694578235,0.001714791771101193,0.0014387362801707927,0.0031563141306264137,2.547831869663868e-05,0.4635290062633226,10.747204198879444,0.012814660277720307
0.05,0.03,0.0,0,False,inf,179.92094670925974,57.46213702280277,1425.6100271881592,9.062484515571905,0.2928931507586979,0.10358800477191818,0.0021244856490258636,0.023489335688193516,0.008901417526596284,0.00043269248631363886,0.0024398107176008175,0.0037382667318331653,0.0028199073273015396,7.210319823797473e-05,0.47253699911240404,10.68108713915643,0.013158535541215322
0.05,0.03,0.0,1,False,inf,161.35412106030674,23.578282506040264,680.6219322730121,8.290710319514156,0.31587782289720895,0.18068775252632238,0.001708156019624724,0.057523184816296764,0.011171511479831942,0.0248355844496532,0.0009354943560314564,0.0022699793469177273,0.0034831077814613254,3.0286949087099423e-05,0.4731577435179982,9.212803007193706,0.012535131086748067
0.05,0.03,0.0,2,False,inf,137.3847806168309,26.68856432660904,137.5743875459772,9.764059681249158,0.18450988381815314,0.11208438212750375,0.0011044052733180985,0.024924557170706164,0.025912966293074165,0.0024063537379950413,0.001800301577896962,0.003185681580435384,0.0015637032200998104,1.161067493821754e-05,0.444596814262228,10.231888726552896,0.010622656627804278
0.05,0.03,0.0,3,False,inf,141.9448738683096,25.740697415071512,151.17424003727797,9.103196251452204,0.145589218772978,0.08490173778681849,0.0008127017608135093,0.021840525329804985,0.02562803823454073,0.015240966464155783,0.00028238592672119757,0.0022993808207094216,0.0024371538944225023,1.5412303097482646e-05,0.49239602374655833,9.352126819818665,0.008912281904956621
0.05,0.03,0.0,4,False,inf,151.38398271060726,20.66720198181647,175.72833885392376,8.935982755220564,0.502401966016673,0.3078361346227377,0.0036220599140287797,0.03556637764071808,0.02947736152556949,0.002116282156798607,0.0018220674959850889,0.0021294597531318175,0.0034057036209574217,1.60420785683912e-05,0.5066500685155163,10.048268349666515,0.014022150797159886
0.05,0.03,0.0,5,False,inf,145.95944821162146,22.14638387883912,160.2682269544712,8.599019820341995,0.395422906675115,0.25294806008645676,0.002847440277994798,0.05039703948682469,0.019337162342927122,0.0074822626339227484,0.0001617921071449693,0.002150106642356555,0.002225419616259996,1.1304406335961537e-05,0.4210708019156255,10.784801797232584,0.011523691115879878
0.05,0.03,0.0,6,False,inf,152.13367300054045,24.520117998156614,129.11608137974062,8.791198593715876,0.28218465863940007,0.18413306619946784,0.0017884136569469048,0.027163543490666922,0.01611947927549832,0.009804302396366918,0.0029623349705594,0.002898268817821438,0.003022971791513481,2.4438083011449394e-05,0.4867114367610584,9.367174052139356,0.005517292319837753
0.05,0.03,0.0,7,False,inf,179.89898838838602,27.143957134285277,1451.8527172087383,8.972127678839746,0.26528099817008505,0.07348760905589663,0.0020809973356412242,0.05486069004847877,0.025065085185394256,0.005895910446750368,0.0009004988547336763,0.003620660336188786,0.0010157959136967243,9.243566384669972e-05,0.49889522059021285,9.925295980985247,0.008030324268193136
0.05,0.03,0.0,8,False,inf,156.91954468613167,24.255975362313638,131.70548513870864,8.595405136362498,0.2389110806422098,0.1370251392639649,0.001237666433073275,0.059363842166896275,0.015011638446681368,0.020644162864735433,0.0026096895350886484,0.002173254419617582,0.0023136456193683964,2.7440165521545802e-05,0.4271231740331686,9.94314245206847,0.007413521450846823
0.05,0.03,0.0,9,False,inf,179.81818984433392,96.07895622594462,1523.0410292893396,8.974397640721913,0.31163756575666246,0.08888097487035393,0.0031903885322791745,0.024340860454377767,0.02126925930113436,0.02035579469014759,0.002148223888810696,0.0037461403614715227,0.003581180947548654,0.00012020741258969977,0.41876512438463015,9.875646939803113,0.00984944326977288
0.05,0.03,0.0,10,False,inf,179.77367355574282,104.27145379043765,1459.6986174688527,9.187127174653389,0.37333624374394064,0.08863868417278513,0.003704716329310304,0.02038409050395734,0.026225787476039677,0.003908196843223018,0.0015384138493096946,0.0014077588120615199,0.0030671094393433934,9.771745351894099e-05,0.4602529357301176,10.716444487502452,0.013253329063847984
0.05,0.03,0.0,11,False,inf,139.80072736537218,26.445573408327245,129.17720646942152,9.619337110948836,0.16036846508573135,0.09386745066640499,0.0008758319652234292,0.03496389312200575,0.021232963867713863,0.0007510764828339755,0.0004437782537323678,0.0037846330688811086,0.0012112617284625905,1.4211044766893634e-05,0.5146261591423446,10.17437259788254,0.00868993123729791
0.05,0.03,0.0,12,False,inf,139.15438822935238,25.59724256957006,108.35413652693573,9.396386525012051,0.2172920645459233,0.13222602901477945,0.0010838336019541883,0.057337647142971224,0.012165048459874749,0.004693838148510661,0.0010496677217878725,0.0016916237397697179,0.003011337228318354,1.3656639817761454e-05,0.5092161748652868,10.556601227494834,0.005028270321866201
0.05,0.03,0.0,13,False,inf,143.60507377595886,22.392269507677856,134.14862938188918,8.804757772350468,0.4561423621227541,0.2884530520932235,0.0031602170290511893,0.05276512574660295,0.025842514773255526,0.0068446497361148734,0.00023159837315526422,0.00383939734133819,0.0028413750731413057,1.0071496504630682e-05,0.5106823465188471,10.761548012689753,0.007862966041661704
0.05,0.03,0.0,14,False,inf,179.91311830673675,81.68391705204125,1446.5987303917534,9.150181203278473,0.3465236329109651,0.08375025455513009,0.002979344988679685,0.028047333341712825,0.023460264722805206,0.022517857178019643,0.001923952442364494,0.002645089626439942,0.00328694026759358,6.957465863408183e-05,0.46458555040672866,10.094407449984567,0.012463223600913117
0.05,0.03,0.0,15,False,inf,155.61024585981386,24.254317906900578,177.35027039175452,9.131381444702006,0.3753917165822612,0.23693963632349566,0.002341415082513897,0.05079085556680287,0.015576948671442846,0.001173860694578235,0.001714791771101193,0.0014387362801707927,0.0031563141306264137,2.547831869663868e-05,0.4635290062633226,10.747204198879444,0.012814660277720307
0.05,0.03,0.002,0,False,inf,90.98500578636303,6.209130119070816,108.41179605949345,9.859459921880616,0.30822894355755487,0.12902896529679092,0.0021244856490258636,0.023489335688193516,0.008901417526596284,0.00043269248631363886,0.0024398107176008175,0.0037382667318331653,0.0028199073273015396,7.210319823797473e-05,0.47253699911240404,10.68108713915643,0.013158535541215322
0.05,0.03,0.002,1,True,4.105500000000444,0.11657225955896862,0.46931038032622957,430.97642320701215,8.319515521349366,0.4731577435179982,0.09881419164403309,0.001708156019624724,0.057523184816296764,0.011171511479831942,0.0248355844496532,0.0009354943560314564,0.0022699793469177273,0.0034831077814613254,3.0286949087099423e-05,0.4731577435179982,9.212803007193706,0.012535131086748067
0.05,0.03,0.002,2,True,2.1954999999999005,1.088142380877371,6.208282083269228,246.31057163451698,9.88051500880664,0.35267564646778554,0.03933449133550796,0.0011044052733180985,0.024924557170706164,0.025912966293074165,0.0024063537379950413,0.001800301577896962,0.003185681580435384,0.0015637032200998104,1.161067493821754e-05,0.444596814262228,10.231888726552896,0.010622656627804278
0.05,0.03,0.002,3,False,inf,87.6196127579668,5.097676839514924,111.25132771680644,9.103259709730219,0.1455447742873714,0.03927850433545886,0.0008127017608135093,0.021840525329804985,0.02562803823454073,0.015240966464155783,0.00028238592672119757,0.0022993808207094216,0.0024371538944225023,1.5412303097482646e-05,0.49239602374655833,9.352126819818665,0.008912281904956621
0.05,0.03,0.002,4,False,inf,87.48571201172689,263.9738030676283,522.1591199263437,8.98917649899316,0.5066500685155163,0.17517461328245773,0.0036220599140287797,0.03556637764071808,0.02947736152556949,0.002116282156798607,0.0018220674959850889,0.0021294597531318175,0.0034057036209574217,1.60420785683912e-05,0.5066500685155163,10.048268349666515,0.014022150797159886
0.05,0.03,0.002,5,True,4.555500000000195,0.23545319708642767,1.6400924672837007,269.53986752609853,9.464884806770554,0.4210708019156255,0.10551934096585773,0.002847440277994798,0.05039703948682469,0.019337162342927122,0.0074822626339227484,0.0001617921071449693,0.002150106642356555,0.002225419616259996,1.1304406335961537e-05,0.4210708019156255,10.784801797232584,0.011523691115879878
0.05,0.03,0.002,6,True,4.04050000000048,0.6518818412764728,4.175085722573551,280.3859221502128,8.943335096920876,0.4867114367610584,0.07556323738527013,0.0017884136569469048,0.027163543490666922,0.01611947927549832,0.009804302396366918,0.0029623349705594,0.002898268817821438,0.003022971791513481,2.4438083011449394e-05,0.4867114367610584,9.367174052139356,0.005517292319837753
0.05,0.03,0.002,7,False,inf,100.61692866710129,16.354405838172536,117.34000908746468,8.869515678969186,0.32284659600772303,0.16725147296970286,0.0020809973356412242,0.05486069004847877,0.025065085185394256,0.005895910446750368,0.0009004988547336763,0.003620660336188786,0.0010157959136967243,9.243566384669972e-05,0.49889522059021285,9.925295980985247,0.008030324268193136
0.05,0.03,0.002,8,True,5.035499999999929,0.9628597794670198,6.615721093191503,448.5609365495563,8.725346181835269,0.4271231740331686,0.0744546394057266,0.001237666433073275,0.059363842166896275,0.015011638446681368,0.020644162864735433,0.0026096895350886484,0.002173254419617582,0.0023136456193683964,2.7440165521545802e-05,0.4271231740331686,9.94314245206847,0.007413521450846823
0.05,0.03,0.002,9,False,inf,112.05848139459269,24.087110705252925,163.56675853526457,8.69239819347168,0.41876512438463015,0.25184103614495335,0.0031903885322791745,0.024340860454377767,0.02126925930113436,0.02035579469014759,0.002148223888810696,0.0037461403614715227,0.003581180947548654,0.00012020741258969977,0.41876512438463015,9.875646939803113,0.00984944326977288
0.05,0.03,0.002,10,False,inf,104.5879540022169,18.572091835621276,122.10443854563322,9.200177557744347,0.4602529357301176,0.2893478735391879,0.003704716329310304,0.02038409050395734,0.026225787476039677,0.003908196843223018,0.0015384138493096946,0.0014077588120615199,0.0030671094393433934,9.771745351894099e-05,0.4602529357301176,10.716444487502452,0.013253329063847984
0.05,0.03,0.002,11,True,3.1055000000002044,1.1623863115682647,7.302876836024172,192.8184798389282,9.65089418082206,0.44406974584922654,0.04258896018278048,0.0008758319652234292,0.03496389312200575,0.021232963867713863,0.0007510764828339755,0.0004437782537323678,0.0037846330688811086,0.0012112617284625905,1.4211044766893634e-05,0.5146261591423446,10.17437259788254,0.00868993123729791
0.05,0.03,0.002,12,True,2.0254999999998438,0.13276987707901736,0.5808390070033219,280.0826599094805,9.460941264503594,0.35094036583463856,0.061023704444400036,0.0010838336019541883,0.057337647142971224,0.012165048459874749,0.004693838148510661,0.0010496677217878725,0.0016916237397697179,0.003011337228318354,1.3656639817761454e-05,0.5092161748652868,10.556601227494834,0.005028270321866201
0.05,0.03,0.002,13,False,inf,77.52144790672719,184.23882743044248,356.44633324356624,9.689655153012488,0.5106823465188471,0.16247394064295945,0.0031602170290511893,0.05276512574660295,0.025842514773255526,0.0068446497361148734,0.00023159837315526422,0.00383939734133819,0.0028413750731413057,1.0071496504630682e-05,0.5106823465188471,10.761548012689753,0.007862966041661704
0.05,0.03,0.002,14,False,inf,95.89770177507098,9.744294172868308,111.22885172604015,9.117446815503675,0.4396141660927226,0.19418129874310222,0.002979344988679685,0.028047333341712825,0.023460264722805206,0.022517857178019643,0.001923952442364494,0.002645089626439942,0.00328694026759358,6.957465863408183e-05,0.46458555040672866,10.094407449984567,0.012463223600913117
0.05,0.03,0.002,15,False,inf,81.08150215648045,144.94923094880846,318.2538484612117,9.389846104029713,0.4635290062633226,0.12575440511363148,0.002341415082513897,0.05079085556680287,0.015576948671442846,0.001173860694578235,0.001714791771101193,0.0014387362801707927,0.0031563141306264137,2.547831869663868e-05,0.4635290062633226,10.747204198879444,0.012814660277720307
0.05,0.03,0.004,0,False,7.100499999998784,4.915553310647379,43.74150661690826,284.9273968324044,9.871319529749671,0.47253699911240404,0.14950922309874262,0.0021244856490258636,0.023489335688193516,0.008901417526596284,0.00043269248631363886,0.0024398107176008175,0.0037382667318331653,0.0028199073273015396,7.210319823797473e-05,0.47253699911240404,10.68108713915643,0.013158535541215322
0.05,0.03,0.004,1,True,2.0904999999998655,0.1655378086811264,1.0395397284536467,176.59632388242724,8.29452607231456,0.39591213539225617,0.1006941086833617,0.001708156019624724,0.057523184816296764,0.011171511479831942,0.0248355844496532,0.0009354943560314564,0.0022699793469177273,0.0034831077814613254,3.0286949087099423e-05,0.4731577435179982,9.212803007193706,0.012535131086748067
0.05,0.03,0.004,2,True,1.4254999999998985,0.8441591804282756,5.131770606805961,131.6853226248408,9.885636721266556,0.21907922940889973,0.03870678713130523,0.0011044052733180985,0.024924557170706164,0.025912966293074165,0.0024063537379950413,0.001800301577896962,0.003185681580435384,0.0015637032200998104,1.161067493821754e-05,0.444596814262228,10.231888726552896,0.010622656627804278
0.05,0.03,0.004,3,True,1.3804999999999035,1.0303057906442064,6.146836493090358,113.33019589035258,9.10109883648835,0.2661921298923107,0.030998746540809793,0.0008127017608135093,0.021840525329804985,0.02562803823454073,0.015240966464155783,0.00028238592672119757,0.0022993808207094216,0.0024371538944225023,1.5412303097482646e-05,0.49239602374655833,9.352126819818665,0.008912281904956621
0.05,0.03,0.004,4,True,4.530500000000209,0.7240614950493508,3.984663689976601,285.18687049417167,9.246311213717927,0.5066500685155163,0.09767158311229891,0.0036220599140287797,0.03556637764071808,0.02947736152556949,0.002116282156798607,0.0018220674959850889,0.0021294597531318175,0.0034057036209574217,1.60420785683912e-05,0.5066500685155163,10.048268349666515,0.014022150797159886
0.05,0.03,0.004,5,True,1.7154999999998666,0.17304682759321488,0.9986452666567303,115.8163913674689,9.098290108409063,0.4097341263750978,0.10490594128812845,0.002847440277994798,0.05039703948682469,0.019337162342927122,0.0074822626339227484,0.0001617921071449693,0.002150106642356555,0.002225419616259996,1.1304406335961537e-05,0.4210708019156255,10.784801797232584,0.011523691115879878
0.05,0.03,0.004,6,True,1.3554999999999062,0.11921740763936108,0.5404398321777735,110.02206858240213,8.896492154827868,0.3798244034985428,0.07598655330825213,0.0017884136569469048,0.027163543490666922,0.01611947927549832,0.009804302396366918,0.0029623349705594,0.002898268817821438,0.003022971791513481,2.4438083011449394e-05,0.4867114367610584,9.367174052139356,0.005517292319837753
0.05,0.03,0.004,7,False,inf,92.44481728182795,6.674256053016786,106.84882191963484,8.863938039676064,0.3219175289720606,0.11056985156183885,0.0020809973356412242,0.05486069004847877,0.025065085185394256,0.005895910446750368,0.0009004988547336763,0.003620660336188786,0.0010157959136967243,9.243566384669972e-05,0.49889522059021285,9.925295980985247,0.008030324268193136
0.05,0.03,0.004,8,True,3.975500000000495,0.359831334212779,2.802768540536691,253.09215180114575,8.733405530588868,0.4271231740331686,0.06351113206471655,0.001237666433073275,0.059363842166896275,0.015011638446681368,0.020644162864735433,0.0026096895350886484,0.002173254419617582,0.0023136456193683964,2.7440165521545802e-05,0.4271231740331686,9.94314245206847,0.007413521450846823
0.05,0.03,0.004,9,False,inf,90.16274579284423,5.760060066416944,125.08765480253241,8.885824773521488,0.41876512438463015,0.16216443716465,0.0031903885322791745,0.024340860454377767,0.02126925930113436,0.02035579469014759,0.002148223888810696,0.0037461403614715227,0.003581180947548654,0.00012020741258969977,0.41876512438463015,9.875646939803113,0.00984944326977288
0.05,0.03,0.004,10,False,inf,85.36852943222092,5.003460990658715,114.1319355152292,9.280106902706635,0.4602529357301176,0.16245249121058533,0.003704716329310304,0.02038409050395734,0.026225787476039677,0.003908196843223018,0.0015384138493096946,0.0014077588120615199,0.0030671094393433934,9.771745351894099e-05,0.4602529357301176,10.716444487502452,0.013253329063847984
0.05,0.03,0.004,11,True,1.420499999999899,0.956796252521765,6.240893353787823,120.28183654106645,9.647930740327169,0.16122907455313,0.04224688993807744,0.0008758319652234292,0.03496389312200575,0.021232963867713863,0.0007510764828339755,0.0004437782537323678,0.0037846330688811086,0.0012112617284625905,1.4211044766893634e-05,0.5146261591423446,10.17437259788254,0.00868993123729791
0.05,0.03,0.004,12,True,1.4054999999999007,0.14962603769150445,0.4871991992569716,116.12258324465598,9.45740810741366,0.22434645442609333,0.06245808983794404,0.0010838336019541883,0.057337647142971224,0.012165048459874749,0.004693838148510661,0.0010496677217878725,0.0016916237397697179,0.003011337228318354,1.3656639817761454e-05,0.5092161748652868,10.556601227494834,0.005028270321866201
0.05,0.03,0.004,13,True,1.765499999999861,0.7521976348634367,3.9929802094869946,115.25596313061018,9.211390364738394,0.5106823465188471,0.09939486917116029,0.0031602170290511893,0.05276512574660295,0.025842514773255526,0.0068446497361148734,0.00023159837315526422,0.00383939734133819,0.0028413750731413057,1.0071496504630682e-05,0.5106823465188471,10.761548012689753,0.007862966041661704
0.05,0.03,0.004,14,False,9.890500000000596,81.6574496048806,259.0588824053611,487.1702621155642,9.234853990739225,0.46458555040672866,0.17266685618542243,0.002979344988679685,0.028047333341712825,0.023460264722805206,0.022517857178019643,0.001923952442364494,0.002645089626439942,0.00328694026759358,6.957465863408183e-05,0.46458555040672866,10.094407449984567,0.012463223600913117
0.05,0.03,0.004,15,True,1.8454999999998523,0.08769861563458975,0.2272999884755103,170.51392888749479,9.389107689675567,0.4223914874526927,0.10495894861726954,0.002341415082513897,0.05079085556680287,0.015576948671442846,0.001173860694578235,0.001714791771101193,0.0014387362801707927,0.0031563141306264137,2.547831869663868e-05,0.4635290062633226,10.747204198879444,0.012814660277720307
0.05,0.03,0.008,0,True,1.3804999999999035,0.15142779963545736,0.6871918832219579,158.2808050224301,9.707841776887589,0.47253699911240404,0.14553128810128357,0.0021244856490258636,0.023489335688193516,0.008901417526596284,0.00043269248631363886,0.0024398107176008175,0.0037382667318331653,0.0028199073273015396,7.210319823797473e-05,0.47253699911240404,10.68108713915643,0.013158535541215322
0.05,0.03,0.008,1,True,2.215499999999907,0.10934297416899134,0.4384092149856017,223.5551819943349,8.289314443232183,0.40346029945068357,0.10346424413296179,0.001708156019624724,0.057523184816296764,0.011171511479831942,0.0248355844496532,0.0009354943560314564,0.0022699793469177273,0.0034831077814613254,3.0286949087099423e-05,0.4731577435179982,9.212803007193706,0.012535131086748067
0.05,0.03,0.008,2,True,1.4354999999998974,0.7831261085716983,4.595881912580258,132.06826908333633,9.878629828069192,0.18442933155045588,0.0379226920151992,0.0011044052733180985,0.024924557170706164,0.025912966293074165,0.0024063537379950413,0.001800301577896962,0.003185681580435384,0.0015637032200998104,1.161067493821754e-05,0.444596814262228,10.231888726552896,0.010622656627804278
0.05,0.03,0.008,3,True,1.3904999999999024,0.9537542466355572,5.569776775796977,116.0746437426515,9.096771674909865,0.14674799291075005,0.030947436725933152,0.0008127017608135093,0.021840525329804985,0.02562803823454073,0.015240966464155783,0.00028238592672119757,0.0022993808207094216,0.0024371538944225023,1.5412303097482646e-05,0.49239602374655833,9.352126819818665,0.008912281904956621
0.05,0.03,0.008,4,True,1.7404999999998638,0.5209736129955457,2.917764340727935,117.08563658935937,9.056986849842684,0.5066500685155163,0.0960960807266285,0.0036220599140287797,0.03556637764071808,0.02947736152556949,0.002116282156798607,0.0018220674959850889,0.0021294597531318175,0.0034057036209574217,1.60420785683912e-05,0.5066500685155163,10.048268349666515,0.014022150797159886
0.05,0.03,0.008,5,True,2.600500000000036,0.18146937957814033,0.9416207791951662,114.90869035727832,9.144762674767998,0.4210708019156255,0.1068231265069808,0.002847440277994798,0.05039703948682469,0.019337162342927122,0.0074822626339227484,0.0001617921071449693,0.002150106642356555,0.002225419616259996,1.1304406335961537e-05,0.4210708019156255,10.784801797232584,0.011523691115879878
0.05,0.03,0.008,6,True,1.3604999999999057,0.10498144824460781,0.38123160600973327,109.63096205635124,8.890425026995842,0.27774352284542786,0.07353756366434568,0.0017884136569469048,0.027163543490666922,0.01611947927549832,0.009804302396366918,0.0029623349705594,0.002898268817821438,0.003022971791513481,2.4438083011449394e-05,0.4867114367610584,9.367174052139356,0.005517292319837753
0.05,0.03,0.008,7,False,7.315499999998665,31.238737228563426,59.44342737102019,449.825069164821,8.993530295404515,0.49889522059021285,0.09830175478640658,0.0020809973356412242,0.05486069004847877,0.025065085185394256,0.005895910446750368,0.0009004988547336763,0.003620660336188786,0.0010157959136967243,9.243566384669972e-05,0.49889522059021285,9.925295980985247,0.008030324268193136
0.05,0.03,0.008,8,True,1.3454999999999073,0.5534743508461327,3.409001333199755,107.88751374605461,8.697732043004272,0.2391011182312948,0.0715571411553318,0.001237666433073275,0.059363842166896275,0.015011638446681368,0.020644162864735433,0.0026096895350886484,0.002173254419617582,0.0023136456193683964,2.7440165521545802e-05,0.4271231740331686,9.94314245206847,0.007413521450846823
0.05,0.03,0.008,9,False,inf,82.41366840191812,171.1701100514171,310.8308456652162,9.354018982983787,0.41876512438463015,0.15441647820463544,0.0031903885322791745,0.024340860454377767,0.02126925930113436,0.02035579469014759,0.002148223888810696,0.0037461403614715227,0.003581180947548654,0.00012020741258969977,0.41876512438463015,9.875646939803113,0.00984944326977288
0.05,0.03,0.008,10,False,9.555500000000187,73.93227169945878,132.99533780908968,323.62790957736405,9.717512953417964,0.4602529357301176,0.18290483900556492,0.003704716329310304,0.02038409050395734,0.026225787476039677,0.003908196843223018,0.0015384138493096946,0.0014077588120615199,0.0030671094393433934,9.771745351894099e-05,0.4602529357301176,10.716444487502452,0.013253329063847984
0.05,0.03,0.008,11,True,1.4404999999998969,0.8445769490656749,5.686473046756897,125.66173659457525,9.641750010450936,0.16259050940019823,0.04145742546391515,0.0008758319652234292,0.03496389312200575,0.021232963867713863,0.0007510764828339755,0.0004437782537323678,0.0037846330688811086,0.0012112617284625905,1.4211044766893634e-05,0.5146261591423446,10.17437259788254,0.00868993123729791
0.05,0.03,0.008,12,True,1.430499999999898,0.2561844403010273,1.1522617118193075,117.69586830690373,9.45012396237987,0.27296782643278145,0.06647198415776367,0.0010838336019541883,0.057337647142971224,0.012165048459874749,0.004693838148510661,0.0010496677217878725,0.0016916237397697179,0.003011337228318354,1.3656639817761454e-05,0.5092161748652868,10.556601227494834,0.005028270321866201
0.05,0.03,0.008,13,True,2.1804999999998955,0.6403141568710559,3.5513713905473505,166.76784124419376,9.208533482596842,0.45401377315710906,0.09835285456944891,0.0031602170290511893,0.05276512574660295,0.025842514773255526,0.0068446497361148734,0.00023159837315526422,0.00383939734133819,0.0028413750731413057,1.0071496504630682e-05,0.5106823465188471,10.761548012689753,0.007862966041661704
0.05,0.03,0.008,14,True,1.7254999999998655,0.8847316251753988,4.716781140907633,118.0511330521394,9.264101408870175,0.46458555040672866,0.09308782234469298,0.002979344988679685,0.028047333341712825,0.023460264722805206,0.022517857178019643,0.001923952442364494,0.002645089626439942,0.00328694026759358,6.957465863408183e-05,0.46458555040672866,10.094407449984567,0.012463223600913117
0.05,0.03,0.008,15,True,1.3704999999999046,0.0883376586318481,0.24605580962356746,120.56306345100228,9.375545953220373,0.4106841471314925,0.10642014772404472,0.002341415082513897,0.05079085556680287,0.015576948671442846,0.001173860694578235,0.001714791771101193,0.0014387362801707927,0.0031563141306264137,2.547831869663868e-05,0.4635290062633226,10.747204198879444,0.012814660277720307
0.05,0.04,0.0,0,False,inf,179.80699943628233,56.944036728294364,1407.7429315032505,9.207452136819319,0.2944492156992854,0.10465705971289614,0.0021244856490258636,0.023489335688193516,0.008901417526596284,0.00043269248631363886,0.0024398107176008175,0.0037382667318331653,0.0028199073273015396,7.210319823797473e-05,0.47253699911240404,10.68108713915643,0.013158535541215322
0.05,0.04,0.0,1,False,inf,147.82402540403368,23.416367392135673,151.821752302684,8.16910277483417,0.31663432782986484,0.18454637002795568,0.001708156019624724,0.057523184816296764,0.011171511479831942,0.0248355844496532,0.0009354943560314564,0.0022699793469177273,0.0034831077814613254,3.0286949087099423e-05,0.4731577435179982,9.212803007193706,0.012535131086748067
0.05,0.04,0.0,2,False,inf,126.77231689491252,28.21993920887153,137.21072956170966,9.811510341690814,0.18519288651437832,0.11106270078112913,0.0011044052733180985,0.024924557170706164,0.025912966293074165,0.0024063537379950413,0.001800301577896962,0.003185681580435384,0.0015637032200998104,1.161067493821754e-05,0.444596814262228,10.231888726552896,0.010622656627804278
0.05,0.04,0.0,3,False,inf,130.87417923106736,27.3603006227824,134.58388789854322,9.102395534842527,0.14646537839634222,0.08575592635379,0.0008127017608135093,0.021840525329804985,0.02562803823454073,0.015240966464155783,0.00028238592672119757,0.0022993808207094216,0.0024371538944225023,1.5412303097482646e-05,0.49239602374655833,9.352126819818665,0.008912281904956621
0.05,0.04,0.0,4,False,inf,139.46506808880187,21.27567959192291,184.3096282897834,8.928106419580766,0.5030169527649088,0.307116653911235,0.0036220599140287797,0.03556637764071808,0.02947736152556949,0.002116282156798607,0.0018220674959850889,0.0021294597531318175,0.0034057036209574217,1.60420785683912e-05,0.5066500685155163,10.048268349666515,0.014022150797159886
0.05,0.04,0.0,5,False,inf,134.6401357728696,22.16692580800466,146.49273520124876,8.719279601166736,0.3970029750112912,0.2497890577266802,0.002847440277994798,0.05039703948682469,0.019337162342927122,0.0074822626339227484,0.0001617921071449693,0.002150106642356555,0.002225419616259996,1.1304406335961537e-05,0.4210708019156255,10.784801797232584,0.011523691115879878
0.05,0.04,0.0,6,False,inf,139.14156920047392,24.621391393422158,114.2940431385595,8.790151467604346,0.28296314929995664,0.1828688900963894,0.0017884136569469048,0.027163543490666922,0.01611947927549832,0.009804302396366918,0.0029623349705594,0.002898268817821438,0.003022971791513481,2.4438083011449394e-05,0.4867114367610584,9.367174052139356,0.005517292319837753
0.05,0.04,0.0,7,False,inf,179.80292657434157,67.5272823806265,1470.0816017961622,8.978672082241546,0.2653681432728753,0.07418699499762438,0.0020809973356412242,0.05486069004847877,0.025065085185394256,0.005895910446750368,0.0009004988547336763,0.003620660336188786,0.0010157959136967243,9.243566384669972e-05,0.49889522059021285,9.925295980985247,0.008030324268193136
0.05,0.04,0.0,8,False,inf,143.20637585652554,23.53668575176111,120.44571199114465,8.613854989277014,0.23961635582603605,0.13647106407599668,0.001237666433073275,0.059363842166896275,0.015011638446681368,0.020644162864735433,0.0026096895350886484,0.002173254419617582,0.0023136456193683964,2.7440165521545802e-05,0.4271231740331686,9.94314245206847,0.007413521450846823
0.05,0.04,0.0,9,False,inf,179.82193020072498,61.490733840933736,1490.9593997990994,8.951230125683066,0.3121033634624175,0.08790104837942384,0.0031903885322791745,0.024340860454377767,0.02126925930113436,0.02035579469014759,0.002148223888810696,0.0037461403614715227,0.003581180947548654,0.00012020741258969977,0.41876512438463015,9.875646939803113,0.00984944326977288
0.05,0.04,0.0,10,False,inf,179.7088737955587,102.40912899726302,1437.8748782474272,9.315769936810861,0.3560316370469166,0.09668408259318223,0.003704716329310304,0.02038409050395734,0.026225787476039677,0.003908196843223018,0.0015384138493096946,0.0014077588120615199,0.0030671094393433934,9.771745351894099e-05,0.4602529357301176,10.716444487502452,0.013253329063847984
0.05,0.04,0.0,11,False,inf,129.46383314519147,27.86456806711931,115.2107666047721,9.63240478537573,0.16119949798470706,0.09435384776521497,0.0008758319652234292,0.03496389312200575,0.021232963867713863,0.0007510764828339755,0.0004437782537323678,0.0037846330688811086,0.0012112617284625905,1.4211044766893634e-05,0.5146261591423446,10.17437259788254,0.00868993123729791
0.05,0.04,0.0,12,False,inf,128.20400242266595,26.690595002367548,95.48529689697797,9.410623116193834,0.21804959695586407,0.12951840514453394,0.0010838336019541883,0.057337647142971224,0.012165048459874749,0.004693838148510661,0.0010496677217878725,0.0016916237397697179,0.003011337228318354,1.3656639817761454e-05,0.5092161748652868,10.556601227494834,0.005028270321866201
0.05,0.04,0.0,13,False,inf,132.0262955393676,22.280770258092225,117.64247689795909,8.853372692838642,0.45661443929242657,0.28496885995428684,0.0031602170290511893,0.05276512574660295,0.025842514773255526,0.0068446497361148734,0.00023159837315526422,0.00383939734133819,0.0028413750731413057,1.0071496504630682e-05,0.5106823465188471,10.761548012689753,0.007862966041661704
0.05,0.04,0.0,14,False,inf,179.8121683898869,81.15775983421233,1514.1913660439575,9.23363537519116,0.34644201557366755,0.07811979620746508,0.002979344988679685,0.028047333341712825,0.023460264722805206,0.022517857178019643,0.001923952442364494,0.002645089626439942,0.00328694026759358,6.957465863408183e-05,0.46458555040672866,10.094407449984567,0.012463223600913117
0.05,0.04,0.0,15,False,inf,142.202216387341,23.43395025999832,148.37399040687004,9.07055192859035,0.37696887451883326,0.2343058931880353,0.002341415082513897,0.05079085556680287,0.015576948671442846,0.001173860694578235,0.001714791771101193,0.0014387362801707927,0.0031563141306264137,2.547831869663868e-05,0.4635290062633226,10.747204198879444,0.012814660277720307
0.05,0.04,0.002,0,False,inf,85.73260722918764,108.47711818529392,369.25419911723213,9.518121930123147,0.47253699911240404,0.12083312633351662,0.0021244856490258636,0.023489335688193516,0.008901417526596284,0.00043269248631363886,0.0024398107176008175,0.0037382667318331653,0.0028199073273015396,7.210319823797473e-05,0.47253699911240404,10.68108713915643,0.013158535541215322
0.05,0.04,0.002,1,True,2.5155000000000074,0.15909316541083857,0.7983384371824935,281.02067992643146,8.316593649722728,0.4731577435179982,0.0794773794503623,0.001708156019624724,0.057523184816296764,0.011171511479831942,0.0248355844496532,0.0009354943560314564,0.0022699793469177273,0.0034831077814613254,3.0286949087099423e-05,0.4731577435179982,9.212803007193706,0.012535131086748067
0.05,0.04,0.002,2,True,1.120499999999932,1.2233839169403438,5.733749635078576,127.07996602226007,9.876595035006579,0.2029850940726217,0.03444116418991619,0.0011044052733180985,0.024924557170706164,0.025912966293074165,0.0024063537379950413,0.001800301577896962,0.003185681580435384,0.0015637032200998104,1.161067493821754e-05,0.444596814262228,10.231888726552896,0.010622656627804278
0.05,0.04,0.002,3,True,1.0954999999999349,1.6038543157093585,7.162397399820458,128.4912433152816,9.10092375351149,0.2742548541448888,0.028907873916923062,0.0008127017608135093,0.021840525329804985,0.02562803823454073,0.015240966464155783,0.00028238592672119757,0.0022993808207094216,0.0024371538944225023,1.5412303097482646e-05,0.49239602374655833,9.352126819818665,0.008912281904956621
0.05,0.04,0.002,4,True,1.4104999999999002,1.3536299981093287,5.179670493760103,119.33616874866046,8.984003043796763,0.4997360000696084,0.08707294772218822,0.0036220599140287797,0.03556637764071808,0.02947736152556949,0.002116282156798607,0.0018220674959850889,0.0021294597531318175,0.0034057036209574217,1.60420785683912e-05,0.5066500685155163,10.048268349666515,0.014022150797159886
0.05,0.04,0.002,5,True,2.490499999999999,0.46685861507914134,2.2846657680399733,271.8563296822607,9.096643798067431,0.4210708019156255,0.08478557108034683,0.002847440277994798,0.05039703948682469,0.019337162342927122,0.0074822626339227484,0.0001617921071449693,0.002150106642356555,0.002225419616259996,1.1304406335961537e-05,0.4210708019156255,10.784801797232584,0.011523691115879878
0.05,0.04,0.002,6,True,1.0504999999999398,0.551807366175919,2.956365555659462,97.40537030605702,8.888682699996945,0.27761964817928764,0.06078395078160124,0.0017884136569469048,0.027163543490666922,0.01611947927549832,0.009804302396366918,0.0029623349705594,0.002898268817821438,0.003022971791513481,2.4438083011449394e-05,0.4867114367610584,9.367174052139356,0.005517292319837753
0.05,0.04,0.002,7,False,inf,93.13553781694459,9.969691341986676,110.50219011685438,8.86120399682668,0.3215851076317667,0.12833928791831228,0.0020809973356412242,0.05486069004847877,0.025065085185394256,0.005895910446750368,0.0009004988547336763,0.003620660336188786,0.0010157959136967243,9.243566384669972e-05,0.49889522059021285,9.925295980985247,0.008030324268193136
0.05,0.04,0.002,8,True,2.5755000000000274,1.0469849760544216,5.4753557347916795,366.1993781831169,8.729645989040263,0.4053111837403735,0.06500744699678233,0.001237666433073275,0.059363842166896275,0.015011638446681368,0.020644162864735433,0.0026096895350886484,0.002173254419617582,0.0023136456193683964,2.7440165521545802e-05,0.4271231740331686,9.94314245206847,0.007413521450846823
0.05,0.04,0.002,9,False,inf,91.96843833421845,8.055423469039942,127.31801435978569,8.880789730088399,0.41876512438463015,0.20613892794077163,0.0031903885322791745,0.024340860454377767,0.02126925930113436,0.02035579469014759,0.002148223888810696,0.0037461403614715227,0.003581180947548654,0.00012020741258969977,0.41876512438463015,9.875646939803113,0.00984944326977288
0.05,0.04,0.002,10,False,inf,91.0577812492193,7.704988222338586,116.88253901064633,9.284161305527665,0.4602529357301176,0.20888302851404897,0.003704716329310304,0.02038409050395734,0.026225787476039677,0.003908196843223018,0.0015384138493096946,0.0014077588120615199,0.0030671094393433934,9.771745351894099e-05,0.4602529357301176,10.716444487502452,0.013253329063847984
0.05,0.04,0.002,11,True,1.130499999999931,1.3265670517726715,6.753125970553026,131.94725722070356,9.648151654890606,0.1619809433530805,0.03752798307357713,0.0008758319652234292,0.03496389312200575,0.021232963867713863,0.0007510764828339755,0.0004437782537323678,0.0037846330688811086,0.0012112617284625905,1.4211044766893634e-05,0.5146261591423446,10.17437259788254,0.00868993123729791
0.05,0.04,0.002,12,True,1.0904999999999354,0.5460432168077339,2.308510086370702,121.84834190284218,9.457713945906349,0.37743996524256374,0.06083121979860681,0.0010838336019541883,0.057337647142971224,0.012165048459874749,0.004693838148510661,0.0010496677217878725,0.0016916237397697179,0.003011337228318354,1.3656639817761454e-05,0.5092161748652868,10.556601227494834,0.005028270321866201
0.05,0.04,0.002,13,True,2.4654999999999907,1.125680596048691,4.67752051559563,244.1937375961011,9.255522681383948,0.5106823465188471,0.08417392652847264,0.0031602170290511893,0.05276512574660295,0.025842514773255526,0.0068446497361148734,0.00023159837315526422,0.00383939734133819,0.0028413750731413057,1.0071496504630682e-05,0.5106823465188471,10.761548012689753,0.007862966041661704
0.05,0.04,0.002,14,False,inf,88.50977896463502,5.089230707733673,115.58179121809684,9.233337532283212,0.438925506576226,0.14012177672692835,0.002979344988679685,0.028047333341712825,0.023460264722805206,0.022517857178019643,0.001923952442364494,0.002645089626439942,0.00328694026759358,6.957465863408183e-05,0.46458555040672866,10.094407449984567,0.012463223600913117
0.05,0.04,0.002,15,True,1.0704999999999376,0.6825620756650974,3.516195637571185,112.47444581,9.39200277850981,0.4635290062633226,0.08935389259347927,0.002341415082513897,0.05079085556680287,0.015576948671442846,0.001173860694578235,0.001714791771101193,0.0014387362801707927,0.0031563141306264137,2.547831869663868e-05,0.4635290062633226,10.747204198879444,0.012814660277720307
0.05,0.04,0.004,0,True,1.0654999999999382,0.30443649641297316,1.8336217177112573,103.73692668643137,9.514066118557203,0.47253699911240404,0.11063361968187847,0.0021244856490258636,0.023489335688193516,0.008901417526596284,0.00043269248631363886,0.0024398107176008175,0.0037382667318331653,0.0028199073273015396,7.210319823797473e-05,0.47253699911240404,10.68108713915643,0.013158535541215322
0.05,0.04,0.004,1,True,1.0254999999999426,0.11916882161368846,0.2804612114419761,98.84965693062861,8.283235290244825,0.43309175571499947,0.08223491384897338,0.001708156019624724,0.057523184816296764,0.011171511479831942,0.0248355844496532,0.0009354943560314564,0.0022699793469177273,0.0034831077814613254,3.0286949087099423e-05,0.4731577435179982,9.212803007193706,0.012535131086748067
0.05,0.04,0.004,2,True,1.130499999999931,1.0222336432976677,5.012093059225453,135.80018187543996,9.880120424472736,0.18577056219875634,0.03448138850993869,0.0011044052733180985,0.024924557170706164,0.025912966293074165,0.0024063537379950413,0.001800301577896962,0.003185681580435384,0.0015637032200998104,1.161067493821754e-05,0.444596814262228,10.231888726552896,0.010622656627804278
0.05,0.04,0.004,3,True,1.1054999999999338,1.2875874938117209,5.937190560413902,119.92823439595706,9.097577480953985,0.14745879330027728,0.028437692001358574,0.0008127017608135093,0.021840525329804985,0.02562803823454073,0.015240966464155783,0.00028238592672119757,0.0022993808207094216,0.0024371538944225023,1.5412303097482646e-05,0.49239602374655833,9.352126819818665,0.008912281904956621
0.05,0.04,0.004,4,True,2.5155000000000074,0.8474207343073514,3.659134578025417,302.99947971159554,9.056335660598789,0.5066500685155163,0.07982452602456197,0.0036220599140287797,0.03556637764071808,0.02947736152556949,0.002116282156798607,0.0018220674959850889,0.0021294597531318175,0.0034057036209574217,1.60420785683912e-05,0.5066500685155163,10.048268349666515,0.014022150797159886
0.05,0.04,0.004,5,True,1.0604999999999387,0.49669345778973245,2.19921881706822,114.70122781937188,9.091912124367086,0.38787128506483004,0.08805337081488597,0.002847440277994798,0.05039703948682469,0.019337162342927122,0.0074822626339227484,0.0001617921071449693,0.002150106642356555,0.002225419616259996,1.1304406335961537e-05,0.4210708019156255,10.784801797232584,0.011523691115879878
0.05,0.04,0.004,6,True,1.075499999999937,0.13909454776397934,0.5314348232789888,107.35191776147444,8.891363296075061,0.4273468022316771,0.05964208736726666,0.0017884136569469048,0.027163543490666922,0.01611947927549832,0.009804302396366918,0.0029623349705594,0.002898268817821438,0.003022971791513481,2.4438083011449394e-05,0.4867114367610584,9.367174052139356,0.005517292319837753
0.05,0.04,0.004,7,True,1.4154999999998996,3.094060052449778,12.540215027542123,112.80917665534723,8.85887491258452,0.3207051787331646,0.08777750599117151,0.0020809973356412242,0.05486069004847877,0.025065085185394256,0.005895910446750368,0.0009004988547336763,0.003620660336188786,0.0010157959136967243,9.243566384669972e-05,0.49889522059021285,9.925295980985247,0.008030324268193136
0.05,0.04,0.004,8,True,1.0654999999999382,0.7552264728262232,3.8318363330426637,97.75543004567044,8.698524995764247,0.23886208645624107,0.06499980781288223,0.001237666433073275,0.059363842166896275,0.015011638446681368,0.020644162864735433,0.0026096895350886484,0.002173254419617582,0.0023136456193683964,2.7440165521545802e-05,0.4271231740331686,9.94314245206847,0.007413521450846823
0.05,0.04,0.004,9,False,inf,65.63668944940422,286.26777854363996,1048.5242678890977,9.44274263883777,0.41876512438463015,0.11299360509982771,0.0031903885322791745,0.024340860454377767,0.02126925930113436,0.02035579469014759,0.002148223888810696,0.0037461403614715227,0.003581180947548654,0.00012020741258969977,0.41876512438463015,9.875646939803113,0.00984944326977288
0.05,0.04,0.004,10,True,2.215499999999907,2.5645040917464526,9.317179186541253,213.2759456467146,9.277471157586264,0.4602529357301176,0.1149754148600844,0.003704716329310304,0.02038409050395734,0.026225787476039677,0.003908196843223018,0.0015384138493096946,0.0014077588120615199,0.0030671094393433934,9.771745351894099e-05,0.4602529357301176,10.716444487502452,0.013253329063847984
0.05,0.04,0.004,11,True,1.1454999999999294,1.1785746258480074,6.054460706180125,124.27949381968213,9.643200735500873,0.16317831679247086,0.03751605592594851,0.0008758319652234292,0.03496389312200575,0.021232963867713863,0.0007510764828339755,0.0004437782537323678,0.0037846330688811086,0.0012112617284625905,1.4211044766893634e-05,0.5146261591423446,10.17437259788254,0.00868993123729791
0.05,0.04,0.004,12,True,1.1254999999999316,0.5675992818613461,2.4856463124980026,122.92156031657206,9.451681073749839,0.21850209058202827,0.061785160601639535,0.0010838336019541883,0.057337647142971224,0.012165048459874749,0.004693838148510661,0.0010496677217878725,0.0016916237397697179,0.003011337228318354,1.3656639817761454e-05,0.5092161748652868,10.556601227494834,0.005028270321866201
0.05,0.04,0.004,13,True,1.0954999999999349,0.9277053108431523,4.0684560572892146,108.78771232754276,9.208892701627988,0.4492194622963367,0.08282040976239691,0.0031602170290511893,0.05276512574660295,0.025842514773255526,0.0068446497361148734,0.00023159837315526422,0.00383939734133819,0.0028413750731413057,1.0071496504630682e-05,0.5106823465188471,10.761548012689753,0.007862966041661704
0.05,0.04,0.004,14,True,1.4354999999998974,1.874813132459753,7.353667205789827,120.65019836104322,9.263286029301876,0.4347348771255642,0.08941699981890328,0.002979344988679685,0.028047333341712825,0.023460264722805206,0.022517857178019643,0.001923952442364494,0.002645089626439942,0.00328694026759358,6.957465863408183e-05,0.46458555040672866,10.094407449984567,0.012463223600913117
0.05,0.04,0.004,15,True,1.085499999999936,0.11125289718100578,0.2472235745790473,101.55322622331991,9.390335453257647,0.3733416450481012,0.08375017592353098,0.002341415082513897,0.05079085556680287,0.015576948671442846,0.001173860694578235,0.001714791771101193,0.0014387362801707927,0.0031563141306264137,2.547831869663868e-05,0.4635290062633226,10.747204198879444,0.012814660277720307
0.05,0.04,0.008,0,True,1.085499999999936,0.13873914993193334,0.5007999528541976,110.2208932057122,9.508639622555368,0.4122533189757136,0.11192805620463538,0.0021244856490258636,0.023489335688193516,0.008901417526596284,0.00043269248631363886,0.0024398107176008175,0.0037382667318331653,0.0028199073273015396,7.210319823797473e-05,0.47253699911240404,10.68108713915643,0.013158535541215322
0.05,0.04,0.008,1,True,1.0554999999999393,0.10898302844683416,0.2067402950783591,91.99997833901655,8.280557366378835,0.3382688424286311,0.08134233863985683,0.001708156019624724,0.057523184816296764,0.011171511479831942,0.0248355844496532,0.0009354943560314564,0.0022699793469177273,0.0034831077814613254,3.0286949087099423e-05,0.4731577435179982,9.212803007193706,0.012535131086748067
0.05,0.04,0.008,2,True,1.14049999999993,0.9747494692637997,4.797846758052017,132.8455460826378,9.86818638821217,0.30890951236727165,0.03350347752532095,0.0011044052733180985,0.024924557170706164,0.025912966293074165,0.0024063537379950413,0.001800301577896962,0.003185681580435384,0.0015637032200998104,1.161067493821754e-05,0.444596814262228,10.231888726552896,0.010622656627804278
0.05,0.04,0.008,3,True,1.120499999999932,1.165696662068292,5.497335904904739,109.24565936663309,9.089060069566857,0.14931242274311898,0.02784026447921748,0.0008127017608135093,0.021840525329804985,0.02562803823454073,0.015240966464155783,0.00028238592672119757,0.0022993808207094216,0.0024371538944225023,1.5412303097482646e-05,0.49239602374655833,9.352126819818665,0.008912281904956621
0.05,0.04,0.008,4,True,1.1054999999999338,0.6718557230998388,2.910105330908887,117.20740359515975,9.047040533624749,0.5066500685155163,0.07899336717609623,0.0036220599140287797,0.03556637764071808,0.02947736152556949,0.002116282156798607,0.0018220674959850889,0.0021294597531318175,0.0034057036209574217,1.60420785683912e-05,0.5066500685155163,10.048268349666515,0.014022150797159886
0.05,0.04,0.008,5,True,1.0704999999999376,0.4387467833131019,1.9498900235913337,112.49650810767073,9.138665182028314,0.38832813020716145,0.08858368335068224,0.002847440277994798,0.05039703948682469,0.019337162342927122,0.0074822626339227484,0.0001617921071449693,0.002150106642356555,0.002225419616259996,1.1304406335961537e-05,0.4210708019156255,10.784801797232584,0.011523691115879878
0.05,0.04,0.008,6,True,1.0904999999999354,0.11650295121235016,0.43711220520261096,99.56347490790921,8.881054547418769,0.40418037490047787,0.05903084405781221,0.0017884136569469048,0.027163543490666922,0.01611947927549832,0.009804302396366918,0.0029623349705594,0.002898268817821438,0.003022971791513481,2.4438083011449394e-05,0.4867114367610584,9.367174052139356,0.005517292319837753
0.05,0.04,0.008,7,True,3.0005000000001694,1.8809282726355023,8.44446391768332,286.92853858352765,8.874879549060626,0.49889522059021285,0.07124278120746656,0.0020809973356412242,0.05486069004847877,0.025065085185394256,0.005895910446750368,0.0009004988547336763,0.003620660336188786,0.0010157959136967243,9.243566384669972e-05,0.49889522059021285,9.925295980985247,0.008030324268193136
0.05,0.04,0.008,8,True,1.0704999999999376,0.73917497435132,3.7443201934619754,95.31349935880617,8.68689003236063,0.24072911928304336,0.06562854669070427,0.001237666433073275,0.059363842166896275,0.015011638446681368,0.020644162864735433,0.0026096895350886484,0.002173254419617582,0.0023136456193683964,2.7440165521545802e-05,0.4271231740331686,9.94314245206847,0.007413521450846823
0.05,0.04,0.008,9,True,1.3904999999999024,1.4225448898776158,6.085116726749356,115.55886905146315,8.885032957745363,0.41876512438463015,0.10141459360266417,0.0031903885322791745,0.024340860454377767,0.02126925930113436,0.02035579469014759,0.002148223888810696,0.0037461403614715227,0.003581180947548654,0.00012020741258969977,0.41876512438463015,9.875646939803113,0.00984944326977288
0.05,0.04,0.008,10,True,1.430499999999898,1.3612204698819335,5.323816496211082,124.44685922651406,9.272917199739824,0.4602529357301176,0.08984373094215248,0.003704716329310304,0.02038409050395734,0.026225787476039677,0.003908196843223018,0.0015384138493096946,0.0014077588120615199,0.0030671094393433934,9.771745351894099e-05,0.4602529357301176,10.716444487502452,0.013253329063847984
0.05,0.04,0.008,11,True,1.1604999999999277,1.0843030133840506,6.123991514093368,118.611358760837,9.632887355263898,0.20532411298326336,0.03912130808894878,0.0008758319652234292,0.03496389312200575,0.021232963867713863,0.0007510764828339755,0.0004437782537323678,0.0037846330688811086,0.0012112617284625905,1.4211044766893634e-05,0.5146261591423446,10.17437259788254,0.00868993123729791
0.05,0.04,0.008,12,True,1.1504999999999288,0.5384280945295888,2.3065986151658504,114.70484530266353,9.44245637027277,0.4716408493947668,0.061740125557409604,0.0010838336019541883,0.057337647142971224,0.012165048459874749,0.004693838148510661,0.0010496677217878725,0.0016916237397697179,0.003011337228318354,1.3656639817761454e-05,0.5092161748652868,10.556601227494834,0.005028270321866201
0.05,0.04,0.008,13,True,1.1004999999999343,0.8079906604024195,3.5558802231065716,105.35551987609303,9.203964154371958,0.44922945374507256,0.08307140021310841,0.0031602170290511893,0.05276512574660295,0.025842514773255526,0.0068446497361148734,0.00023159837315526422,0.00383939734133819,0.0028413750731413057,1.0071496504630682e-05,0.5106823465188471,10.761548012689753,0.007862966041661704
0.05,0.04,0.008,14,True,1.085499999999936,0.9037279683255498,4.19364347896705,114.87478747129353,9.252351218152443,0.46458555040672866,0.07444409406361381,0.002979344988679685,0.028047333341712825,0.023460264722805206,0.022517857178019643,0.001923952442364494,0.002645089626439942,0.00328694026759358,6.957465863408183e-05,0.46458555040672866,10.094407449984567,0.012463223600913117
0.05,0.04,0.008,15,True,1.1004999999999343,0.11603812757483874,0.40281161020220907,106.4001982167867,9.385407046369087,0.36847275288301323,0.08390866435397923,0.002341415082513897,0.05079085556680287,0.015576948671442846,0.001173860694578235,0.001714791771101193,0.0014387362801707927,0.0031563141306264137,2.547831869663868e-05,0.4635290062633226,10.747204198879444,0.012814660277720307
0.05,0.05,0.0,0,False,inf,179.7022415479138,102.72154801113977,1501.6137645882748,9.433236095490596,0.3004429609551411,0.1059806780740542,0.0021244856490258636,0.023489335688193516,0.008901417526596284,0.00043269248631363886,0.0024398107176008175,0.0037382667318331653,0.0028199073273015396,7.210319823797473e-05,0.47253699911240404,10.68108713915643,0.013158535541215322
0.05,0.05,0.0,1,False,inf,136.70781368821144,23.283406818068954,141.8518903560348,8.167570311904802,0.3176948693051741,0.1812152923814183,0.001708156019624724,0.057523184816296764,0.011171511479831942,0.0248355844496532,0.0009354943560314564,0.0022699793469177273,0.0034831077814613254,3.0286949087099423e-05,0.4731577435179982,9.212803007193706,0.012535131086748067
0.05,0.05,0.0,2,False,inf,120.38463584799109,26.66819025048063,101.55951164148051,9.80859812564445,0.18620303306173017,0.1052763144544463,0.0011044052733180985,0.024924557170706164,0.025912966293074165,0.0024063537379950413,0.001800301577896962,0.003185681580435384,0.0015637032200998104,1.161067493821754e-05,0.444596814262228,10.231888726552896,0.010622656627804278
0.05,0.05,0.0,3,False,inf,122.4204896564241,28.154770226390905,97.747801601808,9.101810348635432,0.1474529875420607,0.08362552608034514,0.0008127017608135093,0.021840525329804985,0.02562803823454073,0.015240966464155783,0.00028238592672119757,0.0022993808207094216,0.0024371538944225023,1.5412303097482646e-05,0.49239602374655833,9.352126819818665,0.008912281904956621
0.05,0.05,0.0,4,False,inf,129.57725162537963,22.247355329950448,161.8522201600533,8.744027893917025,0.505334250010397,0.3051608534127107,0.0036220599140287797,0.03556637764071808,0.02947736152556949,0.002116282156798607,0.0018220674959850889,0.0021294597531318175,0.0034057036209574217,1.60420785683912e-05,0.5066500685155163,10.048268349666515,0.014022150797159886
0.05,0.05,0.0,5,False,inf,125.7378387115202,22.323174172260504,146.25679016225433,8.571337506276228,0.3981914859262456,0.24809482849154046,0.002847440277994798,0.05039703948682469,0.019337162342927122,0.0074822626339227484,0.0001617921071449693,0.002150106642356555,0.002225419616259996,1.1304406335961537e-05,0.4210708019156255,10.784801797232584,0.011523691115879878
0.05,0.05,0.0,6,False,inf,128.88251464293137,25.11337682957736,106.95380304340657,8.789121498349116,0.2839799290729627,0.18003495160322158,0.0017884136569469048,0.027163543490666922,0.01611947927549832,0.009804302396366918,0.0029623349705594,0.002898268817821438,0.003022971791513481,2.4438083011449394e-05,0.4867114367610584,9.367174052139356,0.005517292319837753
0.05,0.05,0.0,7,False,inf,179.7504666448415,75.4946937303326,1412.0454925763768,8.92173881088271,0.2488451672379906,0.078607095865227,0.0020809973356412242,0.05486069004847877,0.025065085185394256,0.005895910446750368,0.0009004988547336763,0.003620660336188786,0.0010157959136967243,9.243566384669972e-05,0.49889522059021285,9.925295980985247,0.008030324268193136
0.05,0.05,0.0,8,False,inf,133.2297784414309,23.968266511945853,119.95780406863042,8.66484207126316,0.24037918479967552,0.13555933324852776,0.001237666433073275,0.059363842166896275,0.015011638446681368,0.020644162864735433,0.0026096895350886484,0.002173254419617582,0.0023136456193683964,2.7440165521545802e-05,0.4271231740331686,9.94314245206847,0.007413521450846823
0.05,0.05,0.0,9,False,inf,179.660386664809,125.98886809616285,1600.167939356865,9.04032772612918,0.31268153665575527,0.0978620604288236,0.0031903885322791745,0.024340860454377767,0.02126925930113436,0.02035579469014759,0.002148223888810696,0.0037461403614715227,0.003581180947548654,0.00012020741258969977,0.41876512438463015,9.875646939803113,0.00984944326977288
0.05,0.05,0.0,10,False,inf,179.57371188776065,133.06819958496314,1415.8109971921185,9.305189099582675,0.33561006847319735,0.09772946065767983,0.003704716329310304,0.02038409050395734,0.026225787476039677,0.003908196843223018,0.0015384138493096946,0.0014077588120615199,0.0030671094393433934,9.771745351894099e-05,0.4602529357301176,10.716444487502452,0.013253329063847984
0.05,0.05,0.0,11,False,inf,121.66921046094278,27.503066480769498,95.5164464070802,9.639347054527942,0.16216053211522893,0.08938740624942376,0.0008758319652234292,0.03496389312200575,0.021232963867713863,0.0007510764828339755,0.0004437782537323678,0.0037846330688811086,0.0012112617284625905,1.4211044766893634e-05,0.5146261591423446,10.17437259788254,0.00868993123729791
0.05,0.05,0.0,12,False,inf,121.11861140282521,26.509903169716473,89.49687641984247,9.395815235304594,0.2192262404593255,0.12474672419808534,0.0010838336019541883,0.057337647142971224,0.012165048459874749,0.004693838148510661,0.0010496677217878725,0.0016916237397697179,0.003011337228318354,1.3656639817761454e-05,0.5092161748652868,10.556601227494834,0.005028270321866201
0.05,0.05,0.0,13,False,inf,122.09995416735393,23.426259260568916,88.29813110028108,8.84883454441572,0.458289248768757,0.2786456279980594,0.0031602170290511893,0.05276512574660295,0.025842514773255526,0.0068446497361148734,0.00023159837315526422,0.00383939734133819,0.0028413750731413057,1.0071496504630682e-05,0.5106823465188471,10.761548012689753,0.007862966041661704
0.05,0.05,0.0,14,False,inf,179.79047098809227,115.20867945979556,1444.9380096493098,9.044117465212544,0.3463550396631121,0.08975898291419397,0.002979344988679685,0.028047333341712825,0.023460264722805206,0.022517857178019643,0.001923952442364494,0.002645089626439942,0.00328694026759358,6.957465863408183e-05,0.46458555040672866,10.094407449984567,0.012463223600913117
0.05,0.05,0.0,15,False,inf,132.78611626120394,24.15393034470257,153.57531627506899,9.150399288815874,0.3771803256383305,0.23518663737166534,0.002341415082513897,0.05079085556680287,0.015576948671442846,0.001173860694578235,0.001714791771101193,0.0014387362801707927,0.0031563141306264137,2.547831869663868e-05,0.4635290062633226,10.747204198879444,0.012814660277720307
0.05,0.05,0.002,0,True,5.450499999999699,1.5035405818771312,6.467369047674517,431.8406576569483,9.54884114596571,0.45083536239720867,0.095521590160263,0.0021244856490258636,0.023489335688193516,0.008901417526596284,0.00043269248631363886,0.0024398107176008175,0.0037382667318331653,0.0028199073273015396,7.210319823797473e-05,0.47253699911240404,10.68108713915643,0.013158535541215322
0.05,0.05,0.002,1,True,1.0954999999999349,0.15967396487508556,0.3811310325570785,119.47326436084656,8.28434948248992,0.4021611148004585,0.06925716212393462,0.001708156019624724,0.057523184816296764,0.011171511479831942,0.0248355844496532,0.0009354943560314564,0.0022699793469177273,0.0034831077814613254,3.0286949087099423e-05,0.4731577435179982,9.212803007193706,0.012535131086748067
0.05,0.05,0.002,2,True,0.8604999999999606,1.4261449792454945,5.662695198448655,117.42629724688803,9.875388161453534,0.2554806083658871,0.03170636395879307,0.0011044052733180985,0.024924557170706164,0.025912966293074165,0.0024063537379950413,0.001800301577896962,0.003185681580435384,0.0015637032200998104,1.161067493821754e-05,0.444596814262228,10.231888726552896,0.010622656627804278
0.05,0.05,0.002,3,True,0.8504999999999617,1.7481488829322673,6.745825781159002,104.6670650729817,9.098958427973605,0.1577693130545751,0.02722934242471203,0.0008127017608135093,0.021840525329804985,0.02562803823454073,0.015240966464155783,0.00028238592672119757,0.0022993808207094216,0.0024371538944225023,1.5412303097482646e-05,0.49239602374655833,9.352126819818665,0.008912281904956621
0.05,0.05,0.002,4,True,1.1004999999999343,1.4296885682856744,4.8147047125527545,117.58338910266068,8.97834934059773,0.49805958936785033,0.07452684822108861,0.0036220599140287797,0.03556637764071808,0.02947736152556949,0.002116282156798607,0.0018220674959850889,0.0021294597531318175,0.0034057036209574217,1.60420785683912e-05,0.5066500685155163,10.048268349666515,0.014022150797159886
0.05,0.05,0.002,5,True,1.1004999999999343,0.6708837103723299,2.674846207630447,107.61920737199533,9.048306462138537,0.4061484525515946,0.07660626434688851,0.002847440277994798,0.05039703948682469,0.019337162342927122,0.0074822626339227484,0.0001617921071449693,0.002150106642356555,0.002225419616259996,1.1304406335961537e-05,0.4210708019156255,10.784801797232584,0.011523691115879878
0.05,0.05,0.002,6,True,0.8054999999999667,0.13268051128482616,0.45253585183361833,97.07719658340841,8.88477972314515,0.2878743238567128,0.04934801107369812,0.0017884136569469048,0.027163543490666922,0.01611947927549832,0.009804302396366918,0.0029623349705594,0.002898268817821438,0.003022971791513481,2.4438083011449394e-05,0.4867114367610584,9.367174052139356,0.005517292319837753
0.05,0.05,0.002,7,False,inf,89.1225613018349,7.651000082009192,109.10783975724645,8.84423880504097,0.3216029544442629,0.11037932655908553,0.0020809973356412242,0.05486069004847877,0.025065085185394256,0.005895910446750368,0.0009004988547336763,0.003620660336188786,0.0010157959136967243,9.243566384669972e-05,0.49889522059021285,9.925295980985247,0.008030324268193136
0.05,0.05,0.002,8,True,0.7904999999999683,0.2758470786525305,0.7315683286734346,92.9013679985472,8.695377537170094,0.24057204828143317,0.04594573746419091,0.001237666433073275,0.059363842166896275,0.015011638446681368,0.020644162864735433,0.0026096895350886484,0.002173254419617582,0.0023136456193683964,2.7440165521545802e-05,0.4271231740331686,9.94314245206847,0.007413521450846823
0.05,0.05,0.002,9,False,inf,85.2999583666259,6.218201410684718,118.67082392427679,8.875786140615821,0.41876512438463015,0.16051251957643348,0.0031903885322791745,0.024340860454377767,0.02126925930113436,0.02035579469014759,0.002148223888810696,0.0037461403614715227,0.003581180947548654,0.00012020741258969977,0.41876512438463015,9.875646939803113,0.00984944326977288
0.05,0.05,0.002,10,False,inf,90.12512121902729,236.60747465735065,448.5959223019509,9.277470871416833,0.4602529357301176,0.1846301691041155,0.003704716329310304,0.02038409050395734,0.026225787476039677,0.003908196843223018,0.0015384138493096946,0.0014077588120615199,0.0030671094393433934,9.771745351894099e-05,0.4602529357301176,10.716444487502452,0.013253329063847984
0.05,0.05,0.002,11,True,0.8354999999999634,1.5003927845647498,6.890015071447917,111.68668593388215,9.645777942704562,0.16392295710579333,0.036114668765387756,0.0008758319652234292,0.03496389312200575,0.021232963867713863,0.0007510764828339755,0.0004437782537323678,0.0037846330688811086,0.0012112617284625905,1.4211044766893634e-05,0.5146261591423446,10.17437259788254,0.00868993123729791
0.05,0.05,0.002,12,True,0.7904999999999683,0.693978016635144,2.7674945361778684,102.41300603724662,9.454625853158058,0.36300063107475056,0.05829785959193458,0.0010838336019541883,0.057337647142971224,0.012165048459874749,0.004693838148510661,0.0010496677217878725,0.0016916237397697179,0.003011337228318354,1.3656639817761454e-05,0.5092161748652868,10.556601227494834,0.005028270321866201
0.05,0.05,0.002,13,True,1.375499999999904,1.2387495415846717,4.5236654849449245,123.50781151822676,9.209646563970697,0.5106823465188471,0.07513631865372374,0.0031602170290511893,0.05276512574660295,0.025842514773255526,0.0068446497361148734,0.00023159837315526422,0.00383939734133819,0.0028413750731413057,1.0071496504630682e-05,0.5106823465188471,10.761548012689753,0.007862966041661704
0.05,0.05,0.002,14,True,1.0904999999999354,3.3696934528900546,10.737882785635207,121.68451681318585,9.201889190451373,0.46458555040672866,0.09564105056294309,0.002979344988679685,0.028047333341712825,0.023460264722805206,0.022517857178019643,0.001923952442364494,0.002645089626439942,0.00328694026759358,6.957465863408183e-05,0.46458555040672866,10.094407449984567,0.012463223600913117
0.05,0.05,0.002,15,True,0.8054999999999667,0.22108549700097085,0.5350954629837812,101.49217357142035,9.388898604296356,0.36967434605254496,0.0712147628945138,0.002341415082513897,0.05079085556680287,0.015576948671442846,0.001173860694578235,0.001714791771101193,0.0014387362801707927,0.0031563141306264137,2.547831869663868e-05,0.4635290062633226,10.747204198879444,0.012814660277720307
0.05,0.05,0.004,0,True,0.77549999999997,0.16202118082344794,0.9506591126625961,97.83453775851717,9.50080157037981,0.34757002730299225,0.09299583015171757,0.0021244856490258636,0.023489335688193516,0.008901417526596284,0.00043269248631363886,0.0024398107176008175,0.0037382667318331653,0.0028199073273015396,7.210319823797473e-05,0.47253699911240404,10.68108713915643,0.013158535541215322
0.05,0.05,0.004,1,True,0.7904999999999683,0.1280795559278068,0.1885355996444044,90.75131460313439,8.283969696519122,0.3155704027147186,0.06826570930061276,0.001708156019624724,0.057523184816296764,0.011171511479831942,0.0248355844496532,0.0009354943560314564,0.0022699793469177273,0.0034831077814613254,3.0286949087099423e-05,0.4731577435179982,9.212803007193706,0.012535131086748067
0.05,0.05,0.004,2,True,0.9004999999999562,1.2566225815989782,5.139544063189197,119.63924312782333,9.86579133293911,0.2614676189191454,0.03054739264638438,0.0011044052733180985,0.024924557170706164,0.025912966293074165,0.0024063537379950413,0.001800301577896962,0.003185681580435384,0.0015637032200998104,1.161067493821754e-05,0.444596814262228,10.231888726552896,0.010622656627804278
0.05,0.05,0.004,3,True,0.875499999999959,1.4410083946017145,5.874528432988689,107.98170068289801,9.09324216976396,0.17328379790217166,0.02615564667438633,0.0008127017608135093,0.021840525329804985,0.02562803823454073,0.015240966464155783,0.00028238592672119757,0.0022993808207094216,0.0024371538944225023,1.5412303097482646e-05,0.49239602374655833,9.352126819818665,0.008912281904956621
0.05,0.05,0.004,4,True,1.1354999999999305,0.9167135389783811,3.534864061545354,117.13738143194341,8.97209830502319,0.4997762186605396,0.06871302006243984,0.0036220599140287797,0.03556637764071808,0.02947736152556949,0.002116282156798607,0.0018220674959850889,0.0021294597531318175,0.0034057036209574217,1.60420785683912e-05,0.5066500685155163,10.048268349666515,0.014022150797159886
0.05,0.05,0.004,5,True,1.4354999999998974,0.6010242670296123,2.3158139178286823,160.67490479107045,9.083360851356005,0.4210708019156255,0.07887962021737722,0.002847440277994798,0.05039703948682469,0.019337162342927122,0.0074822626339227484,0.0001617921071449693,0.002150106642356555,0.002225419616259996,1.1304406335961537e-05,0.4210708019156255,10.784801797232584,0.011523691115879878
0.05,0.05,0.004,6,True,0.8354999999999634,0.12142753967110002,0.2976617394339438,99.56413479172362,8.885278135780496,0.32651422524424917,0.049801321504672404,0.0017884136569469048,0.027163543490666922,0.01611947927549832,0.009804302396366918,0.0029623349705594,0.002898268817821438,0.003022971791513481,2.4438083011449394e-05,0.4867114367610584,9.367174052139356,0.005517292319837753
0.05,0.05,0.004,7,True,1.1054999999999338,3.2565565652855346,11.50852055419488,115.78441228142351,8.850756046864014,0.32216319803401594,0.07776760520521062,0.0020809973356412242,0.05486069004847877,0.025065085185394256,0.005895910446750368,0.0009004988547336763,0.003620660336188786,0.0010157959136967243,9.243566384669972e-05,0.49889522059021285,9.925295980985247,0.008030324268193136
0.05,0.05,0.004,8,True,0.8054999999999667,0.9091541950447656,4.081231030866424,95.32637122560472,8.691649614041504,0.24918216528824627,0.060875456036240574,0.001237666433073275,0.059363842166896275,0.015011638446681368,0.020644162864735433,0.0026096895350886484,0.002173254419617582,0.0023136456193683964,2.7440165521545802e-05,0.4271231740331686,9.94314245206847,0.007413521450846823
0.05,0.05,0.004,9,True,1.0954999999999349,2.774740216845946,9.585778156158572,116.26188275137208,8.883659742332913,0.41876512438463015,0.10035894092183935,0.0031903885322791745,0.024340860454377767,0.02126925930113436,0.02035579469014759,0.002148223888810696,0.0037461403614715227,0.003581180947548654,0.00012020741258969977,0.41876512438463015,9.875646939803113,0.00984944326977288
0.05,0.05,0.004,10,True,1.0904999999999354,2.5907480700486367,8.19650204513565,111.26341339894086,9.267144318211443,0.4602529357301176,0.09549523953805515,0.003704716329310304,0.02038409050395734,0.026225787476039677,0.003908196843223018,0.0015384138493096946,0.0014077588120615199,0.0030671094393433934,9.771745351894099e-05,0.4602529357301176,10.716444487502452,0.013253329063847984
0.05,0.05,0.004,11,True,0.8554999999999612,1.3757535275115218,6.3876222204398365,111.60968722319593,9.638399450310748,0.20704210541761223,0.03648659115949612,0.0008758319652234292,0.03496389312200575,0.021232963867713863,0.0007510764828339755,0.0004437782537323678,0.0037846330688811086,0.0012112617284625905,1.4211044766893634e-05,0.5146261591423446,10.17437259788254,0.00868993123729791
0.05,0.05,0.004,12,True,0.8004999999999672,0.6774512126175889,2.488777920220325,102.34028000118586,9.445995882545823,0.41415115796602553,0.058659898239265554,0.0010838336019541883,0.057337647142971224,0.012165048459874749,0.004693838148510661,0.0010496677217878725,0.0016916237397697179,0.003011337228318354,1.3656639817761454e-05,0.5092161748652868,10.556601227494834,0.005028270321866201
0.05,0.05,0.004,13,True,0.8654999999999601,1.072825778225066,3.9508597288575986,105.33788609543903,9.206001519317871,0.45036370924816715,0.07317080971309095,0.0031602170290511893,0.05276512574660295,0.025842514773255526,0.0068446497361148734,0.00023159837315526422,0.00383939734133819,0.0028413750731413057,1.0071496504630682e-05,0.5106823465188471,10.761548012689753,0.007862966041661704
0.05,0.05,0.004,14,True,1.1004999999999343,1.8563129841897557,6.5153416603947845,123.40996549649186,9.254247928861128,0.44304715741907746,0.07411056641982015,0.002979344988679685,0.028047333341712825,0.023460264722805206,0.022517857178019643,0.001923952442364494,0.002645089626439942,0.00328694026759358,6.957465863408183e-05,0.46458555040672866,10.094407449984567,0.012463223600913117
0.05,0.05,0.004,15,True,0.8354999999999634,0.1358727468529533,0.23820713001969185,101.40062710041558,9.375622726193098,0.3784741883317811,0.06911899826725645,0.002341415082513897,0.05079085556680287,0.015576948671442846,0.001173860694578235,0.001714791771101193,0.0014387362801707927,0.0031563141306264137,2.547831869663868e-05,0.4635290062633226,10.747204198879444,0.012814660277720307
0.05,0.05,0.008,0,True,0.7954999999999678,0.13137777573804366,0.48905544828352304,101.7231800483756,9.497266770644194,0.37612276511162723,0.09233794139886807,0.0021244856490258636,0.023489335688193516,0.008901417526596284,0.00043269248631363886,0.0024398107176008175,0.0037382667318331653,0.0028199073273015396,7.210319823797473e-05,0.47253699911240404,10.68108713915643,0.013158535541215322
0.05,0.05,0.008,1,True,0.7904999999999683,0.14621917359018075,0.3489081082345549,91.14757187680843,8.270163073938456,0.3322471588725955,0.06930815651969517,0.001708156019624724,0.057523184816296764,0.011171511479831942,0.0248355844496532,0.0009354943560314564,0.0022699793469177273,0.0034831077814613254,3.0286949087099423e-05,0.4731577435179982,9.212803007193706,0.012535131086748067
0.05,0.05,0.008,2,True,0.8954999999999568,1.1278360170091835,4.766634165999301,119.36501188157011,9.846653738350861,0.28574781970654567,0.03241365903373268,0.0011044052733180985,0.024924557170706164,0.025912966293074165,0.0024063537379950413,0.001800301577896962,0.003185681580435384,0.0015637032200998104,1.161067493821754e-05,0.444596814262228,10.231888726552896,0.010622656627804278
0.05,0.05,0.008,3,True,0.8454999999999623,1.2988844345153583,5.735114627102518,107.79012641764837,9.08071008120589,0.15322200853509255,0.026667174555462247,0.0008127017608135093,0.021840525329804985,0.02562803823454073,0.015240966464155783,0.00028238592672119757,0.0022993808207094216,0.0024371538944225023,1.5412303097482646e-05,0.49239602374655833,9.352126819818665,0.008912281904956621
0.05,0.05,0.008,4,True,1.175499999999926,0.7912685289949218,2.9251352082521995,117.47380081402659,8.995281545943191,0.49789506001659806,0.06921375459954882,0.0036220599140287797,0.03556637764071808,0.02947736152556949,0.002116282156798607,0.0018220674959850889,0.0021294597531318175,0.0034057036209574217,1.60420785683912e-05,0.5066500685155163,10.048268349666515,0.014022150797159886
0.05,0.05,0.008,5,True,1.4704999999998936,0.5661813697843718,2.1771641480148793,176.69338383225514,9.067398294950719,0.4210708019156255,0.08005702334607039,0.002847440277994798,0.05039703948682469,0.019337162342927122,0.0074822626339227484,0.0001617921071449693,0.002150106642356555,0.002225419616259996,1.1304406335961537e-05,0.4210708019156255,10.784801797232584,0.011523691115879878
0.05,0.05,0.008,6,True,0.8404999999999628,0.1040203516675182,0.23725945071655902,99.43710186864,8.870174811121066,0.35718349517619863,0.05027170805476911,0.0017884136569469048,0.027163543490666922,0.01611947927549832,0.009804302396366918,0.0029623349705594,0.002898268817821438,0.003022971791513481,2.4438083011449394e-05,0.4867114367610584,9.367174052139356,0.005517292319837753
0.05,0.05,0.008,7,True,1.3654999999999051,1.926472986488148,7.492752771866413,151.07052230903295,8.835938180374841,0.49889522059021285,0.06585488045187031,0.0020809973356412242,0.05486069004847877,0.025065085185394256,0.005895910446750368,0.0009004988547336763,0.003620660336188786,0.0010157959136967243,9.243566384669972e-05,0.49889522059021285,9.925295980985247,0.008030324268193136
0.05,0.05,0.008,8,True,0.8004999999999672,0.909514153810414,3.960843597184389,95.18891596026197,8.674297178582044,0.2907087286444786,0.06229471243018692,0.001237666433073275,0.059363842166896275,0.015011638446681368,0.020644162864735433,0.0026096895350886484,0.002173254419617582,0.0023136456193683964,2.7440165521545802e-05,0.4271231740331686,9.94314245206847,0.007413521450846823
0.05,0.05,0.008,9,True,1.085499999999936,1.390979313124287,5.178626237815825,103.04506590590233,8.849294428061494,0.41876512438463015,0.08223892332436235,0.0031903885322791745,0.024340860454377767,0.02126925930113436,0.02035579469014759,0.002148223888810696,0.0037461403614715227,0.003581180947548654,0.00012020741258969977,0.41876512438463015,9.875646939803113,0.00984944326977288
0.05,0.05,0.008,10,True,1.1104999999999332,1.3511226408298553,4.724461107545496,119.29642922273298,9.260306283848662,0.4602529357301176,0.07256483227892521,0.003704716329310304,0.02038409050395734,0.026225787476039677,0.003908196843223018,0.0015384138493096946,0.0014077588120615199,0.0030671094393433934,9.771745351894099e-05,0.4602529357301176,10.716444487502452,0.013253329063847984
0.05,0.05,0.008,11,True,0.8654999999999601,1.3306266263284132,6.269429072898375,111.39617439811785,9.623668205679152,0.25025753185275307,0.03736517087546116,0.0008758319652234292,0.03496389312200575,0.021232963867713863,0.0007510764828339755,0.0004437782537323678,0.0037846330688811086,0.0012112617284625905,1.4211044766893634e-05,0.5146261591423446,10.17437259788254,0.00868993123729791
0.05,0.05,0.008,12,True,0.8104999999999661,0.6666360015989865,2.5553437665889116,102.17421307082749,9.428764463556766,0.40903752836551915,0.05845659548460714,0.0010838336019541883,0.057337647142971224,0.012165048459874749,0.004693838148510661,0.0010496677217878725,0.0016916237397697179,0.003011337228318354,1.3656639817761454e-05,0.5092161748652868,10.556601227494834,0.005028270321866201
0.05,0.05,0.008,13,True,0.8904999999999573,1.0020921043834075,3.688872170156526,105.25002618141886,9.198579395098017,0.49532213616785187,0.07563781716621923,0.0031602170290511893,0.05276512574660295,0.025842514773255526,0.0068446497361148734,0.00023159837315526422,0.00383939734133819,0.0028413750731413057,1.0071496504630682e-05,0.5106823465188471,10.761548012689753,0.007862966041661704
0.05,0.05,0.008,14,True,1.3354999999999084,1.012781658016326,3.938058834003059,106.85388701157044,9.238623589718877,0.4559125345359956,0.062436201994040624,0.002979344988679685,0.028047333341712825,0.023460264722805206,0.022517857178019643,0.001923952442364494,0.002645089626439942,0.00328694026759358,6.957465863408183e-05,0.46458555040672866,10.094407449984567,0.012463223600913117
0.05,0.05,0.008,15,True,0.8504999999999617,0.4456295432499471,1.6663799209349963,101.74637501815805,9.372640149466568,0.3775505417458289,0.07803097959451127,0.002341415082513897,0.05079085556680287,0.015576948671442846,0.001173860694578235,0.001714791771101193,0.0014387362801707927,0.0031563141306264137,2.547831869663868e-05,0.4635290062633226,10.747204198879444,0.012814660277720307
0.05,0.06,0.0,0,False,inf,154.0817435689865,29.549527469059242,86.6081665685897,9.788930402496248,0.3200484170035363,0.21337092103238844,0.0021244856490258636,0.023489335688193516,0.008901417526596284,0.00043269248631363886,0.0024398107176008175,0.0037382667318331653,0.0028199073273015396,7.210319823797473e-05,0.47253699911240404,10.68108713915643,0.013158535541215322
0.05,0.06,0.0,1,False,inf,129.20109633348858,23.24637292324529,137.35225837606086,8.188744430293632,0.31892092880469,0.18194199691284008,0.001708156019624724,0.057523184816296764,0.011171511479831942,0.0248355844496532,0.0009354943560314564,0.0022699793469177273,0.0034831077814613254,3.0286949087099423e-05,0.4731577435179982,9.212803007193706,0.012535131086748067
0.05,0.06,0.0,2,False,inf,115.53242660788571,25.282654942657217,105.71589221830641,9.816274875797522,0.18678583838898624,0.10463186767615895,0.0011044052733180985,0.024924557170706164,0.025912966293074165,0.0024063537379950413,0.001800301577896962,0.003185681580435384,0.0015637032200998104,1.161067493821754e-05,0.444596814262228,10.231888726552896,0.010622656627804278
0.05,0.06,0.0,3,False,inf,118.92404073599745,26.539874678777736,93.63754706014154,9.0970287366377,0.14808214984432827,0.08259091230092631,0.0008127017608135093,0.021840525329804985,0.02562803823454073,0.015240966464155783,0.00028238592672119757,0.0022993808207094216,0.0024371538944225023,1.5412303097482646e-05,0.49239602374655833,9.352126819818665,0.008912281904956621
0.05,0.06,0.0,4,False,inf,121.78704879406574,22.615263722757348,100.83157726968932,8.571309552131325,0.5048878354729058,0.30147704236816,0.0036220599140287797,0.03556637764071808,0.02947736152556949,0.002116282156798607,0.0018220674959850889,0.0021294597531318175,0.0034057036209574217,1.60420785683912e-05,0.5066500685155163,10.048268349666515,0.014022150797159886
0.05,0.06,0.0,5,False,inf,118.18742670198426,21.841530107032074,106.38444156744211,8.601578555469139,0.39528352875888517,0.2350221261161803,0.002847440277994798,0.05039703948682469,0.019337162342927122,0.0074822626339227484,0.0001617921071449693,0.002150106642356555,0.002225419616259996,1.1304406335961537e-05,0.4210708019156255,10.784801797232584,0.011523691115879878
0.05,0.06,0.0,6,False,inf,121.76657900257858,27.281064461550248,91.7965622333735,8.73443779841868,0.28422019412229554,0.17533032005286892,0.0017884136569469048,0.027163543490666922,0.01611947927549832,0.009804302396366918,0.0029623349705594,0.002898268817821438,0.003022971791513481,2.4438083011449394e-05,0.4867114367610584,9.367174052139356,0.005517292319837753
0.05,0.06,0.0,7,False,inf,179.654976968028,99.30974708618521,1416.179598876269,8.972753314169239,0.25853869008741287,0.08101475563493632,0.0020809973356412242,0.05486069004847877,0.025065085185394256,0.005895910446750368,0.0009004988547336763,0.003620660336188786,0.0010157959136967243,9.243566384669972e-05,0.49889522059021285,9.925295980985247,0.008030324268193136
0.05,0.06,0.0,8,False,inf,125.76966698872933,26.024129384598194,126.07006891145805,8.649050078438654,0.24169445682036114,0.13556021459184533,0.001237666433073275,0.059363842166896275,0.015011638446681368,0.020644162864735433,0.0026096895350886484,0.002173254419617582,0.0023136456193683964,2.7440165521545802e-05,0.4271231740331686,9.94314245206847,0.007413521450846823
0.05,0.06,0.0,9,False,inf,179.51053305060657,160.57967453692888,1417.247451474549,8.855671134649045,0.3539060191251726,0.08961315100323086,0.0031903885322791745,0.024340860454377767,0.02126925930113436,0.02035579469014759,0.002148223888810696,0.0037461403614715227,0.003581180947548654,0.00012020741258969977,0.41876512438463015,9.875646939803113,0.00984944326977288
0.05,0.06,0.0,10,False,inf,179.50572251170104,155.41452246595045,1577.564962708238,8.985958663298586,0.3742570313252631,0.10786939776710969,0.003704716329310304,0.02038409050395734,0.026225787476039677,0.003908196843223018,0.0015384138493096946,0.0014077588120615199,0.0030671094393433934,9.771745351894099e-05,0.4602529357301176,10.716444487502452,0.013253329063847984
0.05,0.06,0.0,11,False,inf,118.11657633108393,25.870035125618887,96.59594281784734,9.638059292664325,0.16329833356958204,0.09027962252029918,0.0008758319652234292,0.03496389312200575,0.021232963867713863,0.0007510764828339755,0.0004437782537323678,0.0037846330688811086,0.0012112617284625905,1.4211044766893634e-05,0.5146261591423446,10.17437259788254,0.00868993123729791
0.05,0.06,0.0,12,False,inf,114.76096352118752,23.682287600040276,93.70726474350248,9.39260423364418,0.222015187870946,0.13869340741306768,0.0010838336019541883,0.057337647142971224,0.012165048459874749,0.004693838148510661,0.0010496677217878725,0.0016916237397697179,0.003011337228318354,1.3656639817761454e-05,0.5092161748652868,10.556601227494834,0.005028270321866201
0.05,0.06,0.0,13,False,inf,117.4149313041606,22.688385573071965,91.14091670873184,8.84316114434462,0.4571775924911654,0.26500693212509085,0.0031602170290511893,0.05276512574660295,0.025842514773255526,0.0068446497361148734,0.00023159837315526422,0.00383939734133819,0.0028413750731413057,1.0071496504630682e-05,0.5106823465188471,10.761548012689753,0.007862966041661704
0.05,0.06,0.0,14,False,inf,179.6338503726317,73.8830484924682,1432.9015355648437,9.160402072204384,0.3462633191439541,0.08176316290210305,0.002979344988679685,0.028047333341712825,0.023460264722805206,0.022517857178019643,0.001923952442364494,0.002645089626439942,0.00328694026759358,6.957465863408183e-05,0.46458555040672866,10.094407449984567,0.012463223600913117
0.05,0.06,0.0,15,False,inf,125.44633774439926,25.73856542581693,155.2950757540637,9.187415761257485,0.37774964316182086,0.23398010001578484,0.002341415082513897,0.05079085556680287,0.015576948671442846,0.001173860694578235,0.001714791771101193,0.0014387362801707927,0.0031563141306264137,2.547831869663868e-05,0.4635290062633226,10.747204198879444,0.012814660277720307
0.05,0.06,0.002,0,True,0.7654999999999711,0.7414849947565983,3.5265094752649655,96.67121145241633,9.503236737703176,0.4182578123366207,0.08326390482937558,0.0021244856490258636,0.023489335688193516,0.008901417526596284,0.00043269248631363886,0.0024398107176008175,0.0037382667318331653,0.0028199073273015396,7.210319823797473e-05,0.47253699911240404,10.68108713915643,0.013158535541215322
0.05,0.06,0.002,1,True,0.7804999999999694,0.12948796253856118,0.28102180968276186,87.15569910259205,8.280175666678966,0.3591172207947262,0.06089691848224288,0.001708156019624724,0.057523184816296764,0.011171511479831942,0.0248355844496532,0.0009354943560314564,0.0022699793469177273,0.0034831077814613254,3.0286949087099423e-05,0.4731577435179982,9.212803007193706,0.012535131086748067
0.05,0.06,0.002,2,True,0.920499999999954,1.5616562752955576,5.470649817970343,114.97557735864605,9.872730530221277,0.3496256870668775,0.029828603552972212,0.0011044052733180985,0.024924557170706164,0.025912966293074165,0.0024063537379950413,0.001800301577896962,0.003185681580435384,0.0015637032200998104,1.161067493821754e-05,0.444596814262228,10.231888726552896,0.010622656627804278
0.05,0.06,0.002,3,True,0.8504999999999617,1.896555666677888,6.588584505296774,104.57874336267948,9.096546059328345,0.26161337044197114,0.024737826125123888,0.0008127017608135093,0.021840525329804985,0.02562803823454073,0.015240966464155783,0.00028238592672119757,0.0022993808207094216,0.0024371538944225023,1.5412303097482646e-05,0.49239602374655833,9.352126819818665,0.008912281904956621
0.05,0.06,0.002,4,True,1.6404999999998748,1.4767855179231562,4.475206304814696,158.07248825927593,8.971586153935805,0.5066500685155163,0.06762228308619024,0.0036220599140287797,0.03556637764071808,0.02947736152556949,0.002116282156798607,0.0018220674959850889,0.0021294597531318175,0.0034057036209574217,1.60420785683912e-05,0.5066500685155163,10.048268349666515,0.014022150797159886
0.05,0.06,0.002,5,True,0.8654999999999601,0.7072792500427335,2.682944806525608,96.47752504484251,9.038502792274215,0.39301815018363745,0.06809364963978887,0.002847440277994798,0.05039703948682469,0.019337162342927122,0.0074822626339227484,0.0001617921071449693,0.002150106642356555,0.002225419616259996,1.1304406335961537e-05,0.4210708019156255,10.784801797232584,0.011523691115879878
0.05,0.06,0.002,6,True,0.8154999999999656,0.5584676765834815,1.9982261294539339,97.26212109943506,8.880421899847384,0.4241767614284375,0.045166508947940956,0.0017884136569469048,0.027163543490666922,0.01611947927549832,0.009804302396366918,0.0029623349705594,0.002898268817821438,0.003022971791513481,2.4438083011449394e-05,0.4867114367610584,9.367174052139356,0.005517292319837753
0.05,0.06,0.002,7,True,0.8254999999999645,5.502416336892231,15.97855593285284,96.49188716811636,8.83945406796245,0.32323814005860724,0.09034458828577699,0.0020809973356412242,0.05486069004847877,0.025065085185394256,0.005895910446750368,0.0009004988547336763,0.003620660336188786,0.0010157959136967243,9.243566384669972e-05,0.49889522059021285,9.925295980985247,0.008030324268193136
0.05,0.06,0.002,8,True,0.7854999999999689,1.0624870258173649,4.1475517518915765,92.79769167042161,8.690638652487985,0.3549569563221783,0.057096107326971915,0.001237666433073275,0.059363842166896275,0.015011638446681368,0.020644162864735433,0.0026096895350886484,0.002173254419617582,0.0023136456193683964,2.7440165521545802e-05,0.4271231740331686,9.94314245206847,0.007413521450846823
0.05,0.06,0.002,9,True,3.095500000000201,5.046470511144649,16.045509515593995,294.6228617066582,9.031452344838748,0.41876512438463015,0.11924807583174409,0.0031903885322791745,0.024340860454377767,0.02126925930113436,0.02035579469014759,0.002148223888810696,0.0037461403614715227,0.003581180947548654,0.00012020741258969977,0.41876512438463015,9.875646939803113,0.00984944326977288
0.05,0.06,0.002,10,True,1.0954999999999349,4.6310321877848,12.649315622032203,120.30915032604682,9.268020256647905,0.4602529357301176,0.11743767122638793,0.003704716329310304,0.02038409050395734,0.026225787476039677,0.003908196843223018,0.0015384138493096946,0.0014077588120615199,0.0030671094393433934,9.771745351894099e-05,0.4602529357301176,10.716444487502452,0.013253329063847984
0.05,0.06,0.002,11,True,0.8604999999999606,1.7019664630143885,6.506757083849176,110.28064532827867,9.64349604372085,0.32420169794449555,0.03566516845962333,0.0008758319652234292,0.03496389312200575,0.021232963867713863,0.0007510764828339755,0.0004437782537323678,0.0037846330688811086,0.0012112617284625905,1.4211044766893634e-05,0.5146261591423446,10.17437259788254,0.00868993123729791
0.05,0.06,0.002,12,True,0.8154999999999656,0.8011157692665422,2.8250678588721314,102.33388855846547,9.451378497186626,0.22164819561200652,0.057644902092389254,0.0010838336019541883,0.057337647142971224,0.012165048459874749,0.004693838148510661,0.0010496677217878725,0.0016916237397697179,0.003011337228318354,1.3656639817761454e-05,0.5092161748652868,10.556601227494834,0.005028270321866201
0.05,0.06,0.002,13,True,0.9254999999999535,1.351041941434882,4.431288472518169,105.31031432193758,9.207658828607597,0.45305050304731853,0.06869578392997841,0.0031602170290511893,0.05276512574660295,0.025842514773255526,0.0068446497361148734,0.00023159837315526422,0.00383939734133819,0.0028413750731413057,1.0071496504630682e-05,0.5106823465188471,10.761548012689753,0.007862966041661704
0.05,0.06,0.002,14,True,0.8354999999999634,3.3922107847312883,9.907569292862803,99.29545679170172,9.189716997643956,0.45561145604796316,0.0810920485540963,0.002979344988679685,0.028047333341712825,0.023460264722805206,0.022517857178019643,0.001923952442364494,0.002645089626439942,0.00328694026759358,6.957465863408183e-05,0.46458555040672866,10.094407449984567,0.012463223600913117
0.05,0.06,0.002,15,True,0.820499999999965,0.17862476055759088,0.2546692739018949,101.36400196354414,9.377196545646791,0.41016742855635147,0.06103875566920156,0.002341415082513897,0.05079085556680287,0.015576948671442846,0.001173860694578235,0.001714791771101193,0.0014387362801707927,0.0031563141306264137,2.547831869663868e-05,0.4635290062633226,10.747204198879444,0.012814660277720307
0.05,0.06,0.004,0,True,0.7954999999999678,0.19132350323458464,0.713036028879643,97.95385057124003,9.50061395605422,0.35609591373930644,0.08208831990093803,0.0021244856490258636,0.023489335688193516,0.008901417526596284,0.00043269248631363886,0.0024398107176008175,0.0037382667318331653,0.0028199073273015396,7.210319823797473e-05,0.47253699911240404,10.68108713915643,0.013158535541215322
0.05,0.06,0.004,1,True,0.7904999999999683,0.1230735170562546,0.20306479449762205,88.31250611068661,8.270439794285556,0.3842169744525741,0.060764614987959646,0.001708156019624724,0.057523184816296764,0.011171511479831942,0.0248355844496532,0.0009354943560314564,0.0022699793469177273,0.0034831077814613254,3.0286949087099423e-05,0.4731577435179982,9.212803007193706,0.012535131086748067
0.05,0.06,0.004,2,True,0.920499999999954,1.3440667232863033,5.317443213507451,115.58766174998186,9.86061361117093,0.3516421688608134,0.03049793476348055,0.0011044052733180985,0.024924557170706164,0.025912966293074165,0.0024063537379950413,0.001800301577896962,0.003185681580435384,0.0015637032200998104,1.161067493821754e-05,0.444596814262228,10.231888726552896,0.010622656627804278
0.05,0.06,0.004,3,True,0.9054999999999557,1.6129701629631719,6.143719432752598,107.69403498282469,9.089049355624965,0.27652074032991414,0.025101183060325393,0.0008127017608135093,0.021840525329804985,0.02562803823454073,0.015240966464155783,0.00028238592672119757,0.0022993808207094216,0.0024371538944225023,1.5412303097482646e-05,0.49239602374655833,9.352126819818665,0.008912281904956621
0.05,0.06,0.004,4,True,1.5904999999998803,1.0284723595838055,3.3715538264198823,134.5723283013539,8.961912781860294,0.5066500685155163,0.06310246861903396,0.0036220599140287797,0.03556637764071808,0.02947736152556949,0.002116282156798607,0.0018220674959850889,0.0021294597531318175,0.0034057036209574217,1.60420785683912e-05,0.5066500685155163,10.048268349666515,0.014022150797159886
0.05,0.06,0.004,5,True,0.9104999999999551,0.672914154253714,2.4643943896650433,101.42789556146586,9.072505332302438,0.3941701808583068,0.0703536860370249,0.002847440277994798,0.05039703948682469,0.019337162342927122,0.0074822626339227484,0.0001617921071449693,0.002150106642356555,0.002225419616259996,1.1304406335961537e-05,0.4210708019156255,10.784801797232584,0.011523691115879878
0.05,0.06,0.004,6,True,0.8454999999999623,0.33366321702836454,1.1068078071903134,99.44250504179523,8.87871333781528,0.4584978654824502,0.04532415604359419,0.0017884136569469048,0.027163543490666922,0.01611947927549832,0.009804302396366918,0.0029623349705594,0.002898268817821438,0.003022971791513481,2.4438083011449394e-05,0.4867114367610584,9.367174052139356,0.005517292319837753
0.05,0.06,0.004,7,True,0.875499999999959,3.2878122750991237,10.841039158895244,98.91750721881968,8.841852301515871,0.3241027229492874,0.07108782207745573,0.0020809973356412242,0.05486069004847877,0.025065085185394256,0.005895910446750368,0.0009004988547336763,0.003620660336188786,0.0010157959136967243,9.243566384669972e-05,0.49889522059021285,9.925295980985247,0.008030324268193136
0.05,0.06,0.004,8,True,0.8104999999999661,1.0246209357939842,4.2629826444289955,92.97787555328047,8.67848320196756,0.36093666217611836,0.05900180165068935,0.001237666433073275,0.059363842166896275,0.015011638446681368,0.020644162864735433,0.0026096895350886484,0.002173254419617582,0.0023136456193683964,2.7440165521545802e-05,0.4271231740331686,9.94314245206847,0.007413521450846823
0.05,0.06,0.004,9,True,1.175499999999926,2.776026815220711,8.875210790818155,103.05359612072041,8.878505673775217,0.41876512438463015,0.08748323112454363,0.0031903885322791745,0.024340860454377767,0.02126925930113436,0.02035579469014759,0.002148223888810696,0.0037461403614715227,0.003581180947548654,0.00012020741258969977,0.41876512438463015,9.875646939803113,0.00984944326977288
0.05,0.06,0.004,10,True,0.8704999999999595,2.574298304279718,7.34211320905608,102.85806403249445,9.263152868144905,0.4602529357301176,0.08013553313185086,0.003704716329310304,0.02038409050395734,0.026225787476039677,0.003908196843223018,0.0015384138493096946,0.0014077588120615199,0.0030671094393433934,9.771745351894099e-05,0.4602529357301176,10.716444487502452,0.013253329063847984
0.05,0.06,0.004,11,True,0.8654999999999601,1.5978884394254456,6.685287684669786,111.45244404244183,9.634112274238175,0.3224992365280356,0.036086478732365646,0.0008758319652234292,0.03496389312200575,0.021232963867713863,0.0007510764828339755,0.0004437782537323678,0.0037846330688811086,0.0012112617284625905,1.4211044766893634e-05,0.5146261591423446,10.17437259788254,0.00868993123729791
0.05,0.06,0.004,12,True,0.8504999999999617,0.820978891866493,2.8903692043516926,102.2315371768797,9.440330561727704,0.40336950809030564,0.05659594254312634,0.0010838336019541883,0.057337647142971224,0.012165048459874749,0.004693838148510661,0.0010496677217878725,0.0016916237397697179,0.003011337228318354,1.3656639817761454e-05,0.5092161748652868,10.556601227494834,0.005028270321866201
0.05,0.06,0.004,13,True,0.9504999999999507,1.2131412279277674,3.875122337002401,105.24685650023982,9.202661558908817,0.49004926144024125,0.0682830616995051,0.0031602170290511893,0.05276512574660295,0.025842514773255526,0.0068446497361148734,0.00023159837315526422,0.00383939734133819,0.0028413750731413057,1.0071496504630682e-05,0.5106823465188471,10.761548012689753,0.007862966041661704
0.05,0.06,0.004,14,True,0.9304999999999529,1.8922102678424757,6.141332759305032,106.67539824457045,9.209190891457341,0.46458555040672866,0.06349700238788819,0.002979344988679685,0.028047333341712825,0.023460264722805206,0.022517857178019643,0.001923952442364494,0.002645089626439942,0.00328694026759358,6.957465863408183e-05,0.46458555040672866,10.094407449984567,0.012463223600913117
0.05,0.06,0.004,15,True,0.8504999999999617,0.14984226878678764,0.21369518860330447,101.31889210923809,9.37576444611678,0.4187633732320886,0.062218054319781106,0.002341415082513897,0.05079085556680287,0.015576948671442846,0.001173860694578235,0.001714791771101193,0.0014387362801707927,0.0031563141306264137,2.547831869663868e-05,0.4635290062633226,10.747204198879444,0.012814660277720307
0.05,0.06,0.008,0,True,0.8104999999999661,0.12143319143098252,0.5110897199104308,99.99741186227676,9.497696442365374,0.47253699911240404,0.08445432715929056,0.0021244856490258636,0.023489335688193516,0.008901417526596284,0.00043269248631363886,0.0024398107176008175,0.0037382667318331653,0.0028199073273015396,7.210319823797473e-05,0.47253699911240404,10.68108713915643,0.013158535541215322
0.05,0.06,0.008,1,True,0.7954999999999678,0.13132711652867463,0.2056680020884107,90.31621249414819,8.258771800956428,0.4434998135952742,0.060494553735862364,0.001708156019624724,0.057523184816296764,0.011171511479831942,0.0248355844496532,0.0009354943560314564,0.0022699793469177273,0.0034831077814613254,3.0286949087099423e-05,0.4731577435179982,9.212803007193706,0.012535131086748067
0.05,0.06,0.008,2,True,0.9104999999999551,1.3053792660108967,5.004461041544738,115.34739880965608,9.83639124479605,0.35219625771040236,0.030140332819661098,0.0011044052733180985,0.024924557170706164,0.025912966293074165,0.0024063537379950413,0.001800301577896962,0.003185681580435384,0.0015637032200998104,1.161067493821754e-05,0.444596814262228,10.231888726552896,0.010622656627804278
0.05,0.06,0.008,3,True,0.920499999999954,1.5156069940089356,5.86610204091146,107.60143010783179,9.072704788790487,0.28444520311596944,0.025759599455053135,0.0008127017608135093,0.021840525329804985,0.02562803823454073,0.015240966464155783,0.00028238592672119757,0.0022993808207094216,0.0024371538944225023,1.5412303097482646e-05,0.49239602374655833,9.352126819818665,0.008912281904956621
0.05,0.06,0.008,4,True,1.6004999999998792,0.9313654570344474,2.942421392107046,138.54920090541614,8.981090763938422,0.5066500685155163,0.06151546628158163,0.0036220599140287797,0.03556637764071808,0.02947736152556949,0.002116282156798607,0.0018220674959850889,0.0021294597531318175,0.0034057036209574217,1.60420785683912e-05,0.5066500685155163,10.048268349666515,0.014022150797159886
0.05,0.06,0.008,5,True,0.9104999999999551,0.6561752321935302,2.3331534129167837,101.32703671593306,9.047593743518316,0.39142516504366054,0.07229131736509252,0.002847440277994798,0.05039703948682469,0.019337162342927122,0.0074822626339227484,0.0001617921071449693,0.002150106642356555,0.002225419616259996,1.1304406335961537e-05,0.4210708019156255,10.784801797232584,0.011523691115879878
0.05,0.06,0.008,6,True,0.8504999999999617,0.2938156553545456,0.7998416640274952,99.26312910923224,8.858668381658925,0.4610138626264992,0.04500529942360542,0.0017884136569469048,0.027163543490666922,0.01611947927549832,0.009804302396366918,0.0029623349705594,0.002898268817821438,0.003022971791513481,2.4438083011449394e-05,0.4867114367610584,9.367174052139356,0.005517292319837753
0.05,0.06,0.008,7,True,0.8804999999999584,1.9773368354564138,7.226475544079244,99.0980296771138,8.821994689299554,0.34376550198308486,0.06215923050374885,0.0020809973356412242,0.05486069004847877,0.025065085185394256,0.005895910446750368,0.0009004988547336763,0.003620660336188786,0.0010157959136967243,9.243566384669972e-05,0.49889522059021285,9.925295980985247,0.008030324268193136
0.05,0.06,0.008,8,True,0.8104999999999661,1.0665913883782685,4.0886118683588535,94.99715490337502,8.660962400329353,0.24609371273840366,0.06024051507875901,0.001237666433073275,0.059363842166896275,0.015011638446681368,0.020644162864735433,0.0026096895350886484,0.002173254419617582,0.0023136456193683964,2.7440165521545802e-05,0.4271231740331686,9.94314245206847,0.007413521450846823
0.05,0.06,0.008,9,True,0.8854999999999579,1.3822306353230864,4.631526052874708,102.01474064198494,8.832547501293355,0.41876512438463015,0.07218785294416974,0.0031903885322791745,0.024340860454377767,0.02126925930113436,0.02035579469014759,0.002148223888810696,0.0037461403614715227,0.003581180947548654,0.00012020741258969977,0.41876512438463015,9.875646939803113,0.00984944326977288
0.05,0.06,0.008,10,True,0.9504999999999507,1.3353998719256843,4.207312756934997,113.25676327167487,9.253973052770094,0.4602529357301176,0.0645267003021667,0.003704716329310304,0.02038409050395734,0.026225787476039677,0.003908196843223018,0.0015384138493096946,0.0014077588120615199,0.0030671094393433934,9.771745351894099e-05,0.4602529357301176,10.716444487502452,0.013253329063847984
0.05,0.06,0.008,11,True,0.9154999999999546,1.593849662223807,6.772850747436215,111.20431335054694,9.615502416532454,0.3244379934352131,0.03652770298470353,0.0008758319652234292,0.03496389312200575,0.021232963867713863,0.0007510764828339755,0.0004437782537323678,0.0037846330688811086,0.0012112617284625905,1.4211044766893634e-05,0.5146261591423446,10.17437259788254,0.00868993123729791
0.05,0.06,0.008,12,True,0.8554999999999612,0.773579450303605,2.6938281955069643,102.0283654034464,9.418217596876625,0.31590833764005033,0.05637951310724171,0.0010838336019541883,0.057337647142971224,0.012165048459874749,0.004693838148510661,0.0010496677217878725,0.0016916237397697179,0.003011337228318354,1.3656639817761454e-05,0.5092161748652868,10.556601227494834,0.005028270321866201
0.05,0.06,0.008,13,True,0.9854999999999469,1.117339171314543,3.798878942196295,105.5330637522193,9.192286383609577,0.5106823465188471,0.06887132095718876,0.0031602170290511893,0.05276512574660295,0.025842514773255526,0.0068446497361148734,0.00023159837315526422,0.00383939734133819,0.0028413750731413057,1.0071496504630682e-05,0.5106823465188471,10.761548012689753,0.007862966041661704
0.05,0.06,0.008,14,True,0.8904999999999573,0.9690159073713743,3.3753181295558687,103.87227196280952,9.222313021217614,0.43682500898869736,0.05679910159097274,0.002979344988679685,0.028047333341712825,0.023460264722805206,0.022517857178019643,0.001923952442364494,0.002645089626439942,0.00328694026759358,6.957465863408183e-05,0.46458555040672866,10.094407449984567,0.012463223600913117
0.05,0.06,0.008,15,True,0.8504999999999617,0.5596998623030482,1.7884669891421152,101.83313667398174,9.370838038264454,0.4333307196912548,0.0704957162335492,0.002341415082513897,0.05079085556680287,0.015576948671442846,0.001173860694578235,0.001714791771101193,0.0014387362801707927,0.0031563141306264137,2.547831869663868e-05,0.4635290062633226,10.747204198879444,0.012814660277720307
0.05,0.08,0.0,0,False,inf,137.28392579742578,26.64387577469025,139.40254611942322,9.768757568586908,0.32790353285429813,0.2234477175940845,0.0021244856490258636,0.023489335688193516,0.008901417526596284,0.00043269248631363886,0.0024398107176008175,0.0037382667318331653,0.0028199073273015396,7.210319823797473e-05,0.47253699911240404,10.68108713915643,0.013158535541215322
0.05,0.08,0.0,1,False,inf,113.65949889442373,23.45954144954514,83.12033277354875,8.17508459443051,0.32115365089892317,0.18705092441964632,0.001708156019624724,0.057523184816296764,0.011171511479831942,0.0248355844496532,0.0009354943560314564,0.0022699793469177273,0.0034831077814613254,3.0286949087099423e-05,0.4731577435179982,9.212803007193706,0.012535131086748067
0.05,0.08,0.0,2,False,inf,107.14599042955518,45.634667532752566,130.4662875788328,9.79636313555605,0.18991470640280983,0.10206463439430125,0.0011044052733180985,0.024924557170706164,0.025912966293074165,0.0024063537379950413,0.001800301577896962,0.003185681580435384,0.0015637032200998104,1.161067493821754e-05,0.444596814262228,10.231888726552896,0.010622656627804278
0.05,0.08,0.0,3,False,inf,109.967221158138,46.26529490578818,156.00728431283235,9.09467956154764,0.1518024792057826,0.08138575372809798,0.0008127017608135093,0.021840525329804985,0.02562803823454073,0.015240966464155783,0.00028238592672119757,0.0022993808207094216,0.0024371538944225023,1.5412303097482646e-05,0.49239602374655833,9.352126819818665,0.008912281904956621
0.05,0.08,0.0,4,False,inf,113.25070636887182,20.244989104340736,96.76321194605448,8.53688518727004,0.500022459574639,0.2801765804412608,0.0036220599140287797,0.03556637764071808,0.02947736152556949,0.002116282156798607,0.0018220674959850889,0.0021294597531318175,0.0034057036209574217,1.60420785683912e-05,0.5066500685155163,10.048268349666515,0.014022150797159886
0.05,0.08,0.0,5,False,inf,106.40503502161333,48.27031996962973,110.80000904441256,8.544983873903101,0.39361511684305356,0.24701176825284604,0.002847440277994798,0.05039703948682469,0.019337162342927122,0.0074822626339227484,0.0001617921071449693,0.002150106642356555,0.002225419616259996,1.1304406335961537e-05,0.4210708019156255,10.784801797232584,0.011523691115879878
0.05,0.08,0.0,6,False,inf,106.29247085766715,18.76504973038686,86.76789486443525,8.724396239278205,0.2928597806475462,0.1972939589505418,0.0017884136569469048,0.027163543490666922,0.01611947927549832,0.009804302396366918,0.0029623349705594,0.002898268817821438,0.003022971791513481,2.4438083011449394e-05,0.4867114367610584,9.367174052139356,0.005517292319837753
0.05,0.08,0.0,7,False,inf,174.89927250763176,232.86374198478987,1439.1068408596657,8.910318472002608,0.3173300199349354,0.08895567496410894,0.0020809973356412242,0.05486069004847877,0.025065085185394256,0.005895910446750368,0.0009004988547336763,0.003620660336188786,0.0010157959136967243,9.243566384669972e-05,0.49889522059021285,9.925295980985247,0.008030324268193136
0.05,0.08,0.0,8,False,inf,112.45015029598186,22.222261441464187,96.46175758409767,8.641235688098805,0.24591216940937766,0.1426570335672024,0.001237666433073275,0.059363842166896275,0.015011638446681368,0.020644162864735433,0.0026096895350886484,0.002173254419617582,0.0023136456193683964,2.7440165521545802e-05,0.4271231740331686,9.94314245206847,0.007413521450846823
0.05,0.08,0.0,9,False,inf,179.50153526874308,86.39719508984935,1440.1079018504317,8.943840530503557,0.3422592906556055,0.09415453783288708,0.0031903885322791745,0.024340860454377767,0.02126925930113436,0.02035579469014759,0.002148223888810696,0.0037461403614715227,0.003581180947548654,0.00012020741258969977,0.41876512438463015,9.875646939803113,0.00984944326977288
0.05,0.08,0.0,10,False,inf,178.86551909737773,155.97929850599974,1412.18017082482,9.537008151439853,0.4398262698112783,0.11016480239643446,0.003704716329310304,0.02038409050395734,0.026225787476039677,0.003908196843223018,0.0015384138493096946,0.0014077588120615199,0.0030671094393433934,9.771745351894099e-05,0.4602529357301176,10.716444487502452,0.013253329063847984
0.05,0.08,0.0,11,False,inf,107.20844151864038,73.12272797816804,148.4430569561144,9.636796514009188,0.16634318488210356,0.09147727609090607,0.0008758319652234292,0.03496389312200575,0.021232963867713863,0.0007510764828339755,0.0004437782537323678,0.0037846330688811086,0.0012112617284625905,1.4211044766893634e-05,0.5146261591423446,10.17437259788254,0.00868993123729791
0.05,0.08,0.0,12,False,inf,97.26902922410261,14.531288923583594,81.96141807224681,9.428830916137864,0.2304837072547316,0.11889896556552157,0.0010838336019541883,0.057337647142971224,0.012165048459874749,0.004693838148510661,0.0010496677217878725,0.0016916237397697179,0.003011337228318354,1.3656639817761454e-05,0.5092161748652868,10.556601227494834,0.005028270321866201
0.05,0.08,0.0,13,False,inf,110.11429369110044,17.51186492393434,84.8278823686021,8.828500348603866,0.45422631718571876,0.2699428177197303,0.0031602170290511893,0.05276512574660295,0.025842514773255526,0.0068446497361148734,0.00023159837315526422,0.00383939734133819,0.0028413750731413057,1.0071496504630682e-05,0.5106823465188471,10.761548012689753,0.007862966041661704
0.05,0.08,0.0,14,False,inf,140.77965324878699,25.905271845765178,173.42864256883934,8.804815227200905,0.44647153399267303,0.26778605504167124,0.002979344988679685,0.028047333341712825,0.023460264722805206,0.022517857178019643,0.001923952442364494,0.002645089626439942,0.00328694026759358,6.957465863408183e-05,0.46458555040672866,10.094407449984567,0.012463223600913117
0.05,0.08,0.0,15,False,inf,112.09659242974365,23.413457982916608,99.04628484669581,9.132788797778096,0.37978924695981825,0.23665759923922638,0.002341415082513897,0.05079085556680287,0.015576948671442846,0.001173860694578235,0.001714791771101193,0.0014387362801707927,0.0031563141306264137,2.547831869663868e-05,0.4635290062633226,10.747204198879444,0.012814660277720307
0.05,0.08,0.002,0,True,0.4955000000000004,0.5049526054407988,1.850431828947647,95.6714216446336,9.492478113263195,0.3139112579159819,0.06817283195707842,0.0021244856490258636,0.023489335688193516,0.008901417526596284,0.00043269248631363886,0.0024398107176008175,0.0037382667318331653,0.0028199073273015396,7.210319823797473e-05,0.47253699911240404,10.68108713915643,0.013158535541215322
0.05,0.08,0.002,1,True,0.4955000000000004,0.20134979446295742,0.2396202521602586,87.0543610152193,8.27098805367089,0.31989953201632193,0.04981342476391094,0.001708156019624724,0.057523184816296764,0.011171511479831942,0.0248355844496532,0.0009354943560314564,0.0022699793469177273,0.0034831077814613254,3.0286949087099423e-05,0.4731577435179982,9.212803007193706,0.012535131086748067
0.05,0.08,0.002,2,True,0.6154999999999876,1.8553173560197034,5.708331430040123,112.90004149161176,9.861546818739171,0.175628528864241,0.028847105590982428,0.0011044052733180985,0.024924557170706164,0.025912966293074165,0.0024063537379950413,0.001800301577896962,0.003185681580435384,0.0015637032200998104,1.161067493821754e-05,0.444596814262228,10.231888726552896,0.010622656627804278
0.05,0.08,0.002,3,True,0.5954999999999898,2.1777343876089432,6.706808708254695,102.62001702011254,9.092182645641984,0.14248111229737986,0.02408568545371602,0.0008127017608135093,0.021840525329804985,0.02562803823454073,0.015240966464155783,0.00028238592672119757,0.0022993808207094216,0.0024371538944225023,1.5412303097482646e-05,0.49239602374655833,9.352126819818665,0.008912281904956621
0.05,0.08,0.002,4,True,0.8154999999999656,1.5508897492615803,4.103507153453573,98.67644399750742,8.916101606029935,0.5066500685155163,0.05641316141907119,0.0036220599140287797,0.03556637764071808,0.02947736152556949,0.002116282156798607,0.0018220674959850889,0.0021294597531318175,0.0034057036209574217,1.60420785683912e-05,0.5066500685155163,10.048268349666515,0.014022150797159886
0.05,0.08,0.002,5,True,0.9154999999999546,0.8770403785232838,2.679270361501308,94.43920013737238,9.014072369611485,0.4210708019156255,0.06330360421832716,0.002847440277994798,0.05039703948682469,0.019337162342927122,0.0074822626339227484,0.0001617921071449693,0.002150106642356555,0.002225419616259996,1.1304406335961537e-05,0.4210708019156255,10.784801797232584,0.011523691115879878
0.05,0.08,0.002,6,True,0.5604999999999937,0.5712427137691918,2.0443032912351367,96.79807689043203,8.87136478803325,0.2831533841239072,0.038745188285440095,0.0017884136569469048,0.027163543490666922,0.01611947927549832,0.009804302396366918,0.0029623349705594,0.002898268817821438,0.003022971791513481,2.4438083011449394e-05,0.4867114367610584,9.367174052139356,0.005517292319837753
0.05,0.08,0.002,7,True,0.8004999999999672,5.5863638657023404,15.118910994700292,96.25141144602853,8.824833851924,0.4689212503416415,0.07716308808400558,0.0020809973356412242,0.05486069004847877,0.025065085185394256,0.005895910446750368,0.0009004988547336763,0.003620660336188786,0.0010157959136967243,9.243566384669972e-05,0.49889522059021285,9.925295980985247,0.008030324268193136
0.05,0.08,0.002,8,True,0.530499999999997,1.328847131417283,4.490014969163319,92.60168126553735,8.680948932228953,0.24505879736722047,0.05555225347534746,0.001237666433073275,0.059363842166896275,0.015011638446681368,0.020644162864735433,0.0026096895350886484,0.002173254419617582,0.0023136456193683964,2.7440165521545802e-05,0.4271231740331686,9.94314245206847,0.007413521450846823
0.05,0.08,0.002,9,True,0.875499999999959,5.337673890504685,16.54538238568361,93.64215409380063,8.759307672490108,0.41876512438463015,0.08509458334351348,0.0031903885322791745,0.024340860454377767,0.02126925930113436,0.02035579469014759,0.002148223888810696,0.0037461403614715227,0.003581180947548654,0.00012020741258969977,0.41876512438463015,9.875646939803113,0.00984944326977288
0.05,0.08,0.002,10,True,0.9004999999999562,4.661120684516619,11.458411017065774,102.7410434838622,9.261484155019241,0.4602529357301176,0.0864748043543937,0.003704716329310304,0.02038409050395734,0.026225787476039677,0.003908196843223018,0.0015384138493096946,0.0014077588120615199,0.0030671094393433934,9.771745351894099e-05,0.4602529357301176,10.716444487502452,0.013253329063847984
0.05,0.08,0.002,11,True,0.5954999999999898,2.0807422528677746,7.24197344995642,108.57719722138005,9.639324641602531,0.18147737915030202,0.0351173772650608,0.0008758319652234292,0.03496389312200575,0.021232963867713863,0.0007510764828339755,0.0004437782537323678,0.0037846330688811086,0.0012112617284625905,1.4211044766893634e-05,0.5146261591423446,10.17437259788254,0.00868993123729791
0.05,0.08,0.002,12,True,2.4804999999999957,1.0212043691646258,3.021977500187674,151.52526694214626,9.446188165010762,0.5092161748652868,0.05400924358902345,0.0010838336019541883,0.057337647142971224,0.012165048459874749,0.004693838148510661,0.0010496677217878725,0.0016916237397697179,0.003011337228318354,1.3656639817761454e-05,0.5092161748652868,10.556601227494834,0.005028270321866201
0.05,0.08,0.002,13,True,0.5704999999999926,1.630806724029986,4.570780277791629,102.46883579484589,9.183015127054544,0.5106823465188471,0.06290213029612973,0.0031602170290511893,0.05276512574660295,0.025842514773255526,0.0068446497361148734,0.00023159837315526422,0.00383939734133819,0.0028413750731413057,1.0071496504630682e-05,0.5106823465188471,10.761548012689753,0.007862966041661704
0.05,0.08,0.002,14,True,0.7954999999999678,3.4627424556193467,9.126433713449503,98.548585073726,9.16331310780095,0.46017376214125716,0.06409428493170023,0.002979344988679685,0.028047333341712825,0.023460264722805206,0.022517857178019643,0.001923952442364494,0.002645089626439942,0.00328694026759358,6.957465863408183e-05,0.46458555040672866,10.094407449984567,0.012463223600913117
0.05,0.08,0.002,15,True,0.5454999999999953,0.7760343858922325,2.435902380175667,99.51671187543188,9.379486865422445,0.37206310219750166,0.06496377424413367,0.002341415082513897,0.05079085556680287,0.015576948671442846,0.001173860694578235,0.001714791771101193,0.0014387362801707927,0.0031563141306264137,2.547831869663868e-05,0.4635290062633226,10.747204198879444,0.012814660277720307
0.05,0.08,0.004,0,True,0.5154999999999986,0.15577910228764447,0.5107046536185272,96.46026484483824,9.49042573163768,0.3168222254622432,0.06833923501584689,0.0021244856490258636,0.023489335688193516,0.008901417526596284,0.00043269248631363886,0.0024398107176008175,0.0037382667318331653,0.0028199073273015396,7.210319823797473e-05,0.47253699911240404,10.68108713915643,0.013158535541215322
0.05,0.08,0.004,1,True,0.5204999999999981,0.17891483581110534,0.25946042640450406,86.87821789017356,8.25618778964429,0.32072409598950935,0.05338088143095712,0.001708156019624724,0.057523184816296764,0.011171511479831942,0.0248355844496532,0.0009354943560314564,0.0022699793469177273,0.0034831077814613254,3.0286949087099423e-05,0.4731577435179982,9.212803007193706,0.012535131086748067
0.05,0.08,0.004,2,True,0.6254999999999865,1.6781962886770232,5.596060920318904,114.51286010367144,9.851160204362214,0.17437935318026937,0.028961833425597352,0.0011044052733180985,0.024924557170706164,0.025912966293074165,0.0024063537379950413,0.001800301577896962,0.003185681580435384,0.0015637032200998104,1.161067493821754e-05,0.444596814262228,10.231888726552896,0.010622656627804278
0.05,0.08,0.004,3,True,0.6004999999999893,1.9491371868374987,6.3759255640082975,104.99202944522537,9.082070985192832,0.14293072505528662,0.02459626062716456,0.0008127017608135093,0.021840525329804985,0.02562803823454073,0.015240966464155783,0.00028238592672119757,0.0022993808207094216,0.0024371538944225023,1.5412303097482646e-05,0.49239602374655833,9.352126819818665,0.008912281904956621
0.05,0.08,0.004,4,True,0.8604999999999606,1.2933020871262741,3.458006198972516,99.44387711888803,8.910742295670158,0.5066500685155163,0.056687731545172544,0.0036220599140287797,0.03556637764071808,0.02947736152556949,0.002116282156798607,0.0018220674959850889,0.0021294597531318175,0.0034057036209574217,1.60420785683912e-05,0.5066500685155163,10.048268349666515,0.014022150797159886
0.05,0.08,0.004,5,True,0.5554999999999942,0.8547081340970154,2.6411429152350423,94.29941488015386,8.99306639929829,0.4210708019156255,0.06351568172891758,0.002847440277994798,0.05039703948682469,0.019337162342927122,0.0074822626339227484,0.0001617921071449693,0.002150106642356555,0.002225419616259996,1.1304406335961537e-05,0.4210708019156255,10.784801797232584,0.011523691115879878
0.05,0.08,0.004,6,True,0.5954999999999898,0.1423782395311604,0.15535107326244077,96.60880796797244,8.856493900570866,0.28313876941807303,0.036379022086376105,0.0017884136569469048,0.027163543490666922,0.01611947927549832,0.009804302396366918,0.0029623349705594,0.002898268817821438,0.003022971791513481,2.4438083011449394e-05,0.4867114367610584,9.367174052139356,0.005517292319837753
0.05,0.08,0.004,7,True,0.9104999999999551,3.1971307639812476,9.599558027888952,97.40168564963295,8.821614415071174,0.3257848625557604,0.06073957707950086,0.0020809973356412242,0.05486069004847877,0.025065085185394256,0.005895910446750368,0.0009004988547336763,0.003620660336188786,0.0010157959136967243,9.243566384669972e-05,0.49889522059021285,9.925295980985247,0.008030324268193136
0.05,0.08,0.004,8,True,0.5504999999999948,1.2966044632237272,4.467822550894898,92.99092016809725,8.663272820032184,0.24579553261397052,0.055493987114443616,0.001237666433073275,0.059363842166896275,0.015011638446681368,0.020644162864735433,0.0026096895350886484,0.002173254419617582,0.0023136456193683964,2.7440165521545802e-05,0.4271231740331686,9.94314245206847,0.007413521450846823
0.05,0.08,0.004,9,True,0.8854999999999579,2.833789403794559,7.8107225736323675,93.97492081895368,8.74927176151171,0.41876512438463015,0.06793892660789272,0.0031903885322791745,0.024340860454377767,0.02126925930113436,0.02035579469014759,0.002148223888810696,0.0037461403614715227,0.003581180947548654,0.00012020741258969977,0.41876512438463015,9.875646939803113,0.00984944326977288
0.05,0.08,0.004,10,True,0.8054999999999667,2.55382951616016,6.608438766088472,102.63532790613417,9.254082165678598,0.4602529357301176,0.06366422762949346,0.003704716329310304,0.02038409050395734,0.026225787476039677,0.003908196843223018,0.0015384138493096946,0.0014077588120615199,0.0030671094393433934,9.771745351894099e-05,0.4602529357301176,10.716444487502452,0.013253329063847984
0.05,0.08,0.004,11,True,0.6054999999999887,1.9709473997381606,6.851399630204402,110.18409576171513,9.629605035809282,0.17853271421627606,0.03538820359656545,0.0008758319652234292,0.03496389312200575,0.021232963867713863,0.0007510764828339755,0.0004437782537323678,0.0037846330688811086,0.0012112617284625905,1.4211044766893634e-05,0.5146261591423446,10.17437259788254,0.00868993123729791
0.05,0.08,0.004,12,True,2.175499999999894,0.9657826130673745,2.8402566798487303,149.79395370219186,9.437569985567151,0.5092161748652868,0.05564929548342019,0.0010838336019541883,0.057337647142971224,0.012165048459874749,0.004693838148510661,0.0010496677217878725,0.0016916237397697179,0.003011337228318354,1.3656639817761454e-05,0.5092161748652868,10.556601227494834,0.005028270321866201
0.05,0.08,0.004,13,True,0.5654999999999931,1.4273780604843374,4.144485996787854,102.3909426774529,9.173864751279806,0.4553247701561457,0.0630034532457205,0.0031602170290511893,0.05276512574660295,0.025842514773255526,0.0068446497361148734,0.00023159837315526422,0.00383939734133819,0.0028413750731413057,1.0071496504630682e-05,0.5106823465188471,10.761548012689753,0.007862966041661704
0.05,0.08,0.004,14,True,0.8854999999999579,1.9238846507310572,5.434513532252616,99.9051416511621,9.167406065864775,0.46458555040672866,0.05384063582107818,0.002979344988679685,0.028047333341712825,0.023460264722805206,0.022517857178019643,0.001923952442364494,0.002645089626439942,0.00328694026759358,6.957465863408183e-05,0.46458555040672866,10.094407449984567,0.012463223600913117
0.05,0.08,0.004,15,True,0.5704999999999926,0.678035823539139,2.005373814175479,99.87018586456686,9.37600860252234,0.3713085647548716,0.061556909657860495,0.002341415082513897,0.05079085556680287,0.015576948671442846,0.001173860694578235,0.001714791771101193,0.0014387362801707927,0.0031563141306264137,2.547831869663868e-05,0.4635290062633226,10.747204198879444,0.012814660277720307
0.05,0.08,0.008,0,True,0.5204999999999981,0.11771059074404744,0.2220980958923852,97.32135562703625,9.47052359791278,0.31637093600552146,0.07069326060262912,0.0021244856490258636,0.023489335688193516,0.008901417526596284,0.00043269248631363886,0.0024398107176008175,0.0037382667318331653,0.0028199073273015396,7.210319823797473e-05,0.47253699911240404,10.68108713915643,0.013158535541215322
0.05,0.08,0.008,1,True,0.530499999999997,0.5343677628090688,1.2001319480516266,86.6174169074171,8.226777427816993,0.32265095846496955,0.0651650851261132,0.001708156019624724,0.057523184816296764,0.011171511479831942,0.0248355844496532,0.0009354943560314564,0.0022699793469177273,0.0034831077814613254,3.0286949087099423e-05,0.4731577435179982,9.212803007193706,0.012535131086748067
0.05,0.08,0.008,2,True,0.6254999999999865,1.6099404370973796,5.574139641249398,114.10560854790505,9.819772833525024,0.1746468221680082,0.028856009418221296,0.0011044052733180985,0.024924557170706164,0.025912966293074165,0.0024063537379950413,0.001800301577896962,0.003185681580435384,0.0015637032200998104,1.161067493821754e-05,0.444596814262228,10.231888726552896,0.010622656627804278
0.05,0.08,0.008,3,True,0.5954999999999898,1.7902717768771024,6.554903562272382,106.97236893526835,9.06118463143084,0.14490193788356678,0.023455020645098166,0.0008127017608135093,0.021840525329804985,0.02562803823454073,0.015240966464155783,0.00028238592672119757,0.0022993808207094216,0.0024371538944225023,1.5412303097482646e-05,0.49239602374655833,9.352126819818665,0.008912281904956621
0.05,0.08,0.008,4,True,0.8804999999999584,1.111393079678506,3.0232503082612987,100.40399431276647,8.907880984061986,0.5066500685155163,0.05602980039911999,0.0036220599140287797,0.03556637764071808,0.02947736152556949,0.002116282156798607,0.0018220674959850889,0.0021294597531318175,0.0034057036209574217,1.60420785683912e-05,0.5066500685155163,10.048268349666515,0.014022150797159886
0.05,0.08,0.008,5,True,0.5554999999999942,0.8011723317968483,2.5311263017011627,95.6699246833117,8.974957147359703,0.4210708019156255,0.06467298901159572,0.002847440277994798,0.05039703948682469,0.019337162342927122,0.0074822626339227484,0.0001617921071449693,0.002150106642356555,0.002225419616259996,1.1304406335961537e-05,0.4210708019156255,10.784801797232584,0.011523691115879878
0.05,0.08,0.008,6,True,0.6054999999999887,0.5128375162402801,1.359505031748971,98.04980071118054,8.834522899099511,0.2845928883510115,0.040325358820090834,0.0017884136569469048,0.027163543490666922,0.01611947927549832,0.009804302396366918,0.0029623349705594,0.002898268817821438,0.003022971791513481,2.4438083011449394e-05,0.4867114367610584,9.367174052139356,0.005517292319837753
0.05,0.08,0.008,7,True,0.5504999999999948,2.2748332715373887,6.85337561205564,98.37465530069785,8.795263002115087,0.33003858150252213,0.05853970280732775,0.0020809973356412242,0.05486069004847877,0.025065085185394256,0.005895910446750368,0.0009004988547336763,0.003620660336188786,0.0010157959136967243,9.243566384669972e-05,0.49889522059021285,9.925295980985247,0.008030324268193136
0.05,0.08,0.008,8,True,0.5554999999999942,1.3029628039757053,4.2685363324363825,94.4354656637782,8.63611876076415,0.24614730340668822,0.058137797599493904,0.001237666433073275,0.059363842166896275,0.015011638446681368,0.020644162864735433,0.0026096895350886484,0.002173254419617582,0.0023136456193683964,2.7440165521545802e-05,0.4271231740331686,9.94314245206847,0.007413521450846823
0.05,0.08,0.008,9,True,0.8154999999999656,1.4111326485464024,4.022108034202691,94.38894501015736,8.728952197989258,0.41876512438463015,0.05939257371458586,0.0031903885322791745,0.024340860454377767,0.02126925930113436,0.02035579469014759,0.002148223888810696,0.0037461403614715227,0.003581180947548654,0.00012020741258969977,0.41876512438463015,9.875646939803113,0.00984944326977288
0.05,0.08,0.008,10,True,0.8354999999999634,1.3290609089713847,3.7884730913007045,102.37565449083382,9.232372887458261,0.4602529357301176,0.05194402571480429,0.003704716329310304,0.02038409050395734,0.026225787476039677,0.003908196843223018,0.0015384138493096946,0.0014077588120615199,0.0030671094393433934,9.771745351894099e-05,0.4602529357301176,10.716444487502452,0.013253329063847984
0.05,0.08,0.008,11,True,0.6004999999999893,1.9163403742860725,6.704191689358904,110.80146203693064,9.606918777654945,0.18363663625556698,0.03579002785323928,0.0008758319652234292,0.03496389312200575,0.021232963867713863,0.0007510764828339755,0.0004437782537323678,0.0037846330688811086,0.0012112617284625905,1.4211044766893634e-05,0.5146261591423446,10.17437259788254,0.00868993123729791
0.05,0.08,0.008,12,True,2.1054999999998705,0.9692056852573897,2.8527464474476347,149.86692453856497,9.409111082966444,0.5092161748652868,0.05620391032987406,0.0010838336019541883,0.057337647142971224,0.012165048459874749,0.004693838148510661,0.0010496677217878725,0.0016916237397697179,0.003011337228318354,1.3656639817761454e-05,0.5092161748652868,10.556601227494834,0.005028270321866201
0.05,0.08,0.008,13,True,0.5704999999999926,1.3714739177899624,4.221469878438235,103.03454773070767,9.146530079096438,0.4574265875412851,0.06349765342492314,0.0031602170290511893,0.05276512574660295,0.025842514773255526,0.0068446497361148734,0.00023159837315526422,0.00383939734133819,0.0028413750731413057,1.0071496504630682e-05,0.5106823465188471,10.761548012689753,0.007862966041661704
0.05,0.08,0.008,14,True,0.5704999999999926,1.0441481265397763,3.1441183297111874,100.75504277268168,9.149740475839588,0.46458555040672866,0.04803606763547931,0.002979344988679685,0.028047333341712825,0.023460264722805206,0.022517857178019643,0.001923952442364494,0.002645089626439942,0.00328694026759358,6.957465863408183e-05,0.46458555040672866,10.094407449984567,0.012463223600913117
0.05,0.08,0.008,15,True,0.5804999999999915,0.7017866105517225,1.8963305657762781,100.83414081378763,9.356489779016254,0.37423497914029613,0.06538401196570426,0.002341415082513897,0.05079085556680287,0.015576948671442846,0.001173860694578235,0.001714791771101193,0.0014387362801707927,0.0031563141306264137,2.547831869663868e-05,0.4635290062633226,10.747204198879444,0.012814660277720307
0.06,0.03,0.0,0,False,inf,179.8323114323184,94.45824345552522,1631.7837746045736,8.99002376100693,0.28368138248152047,0.10261665654447173,0.0021244856490258636,0.023489335688193516,0.008901417526596284,0.00043269248631363886,0.0024398107176008175,0.0037382667318331653,0.0028199073273015396,7.210319823797473e-05,0.47253699911240404,10.68108713915643,0.013158535541215322
0.06,0.03,0.0,1,False,inf,144.32199772295644,25.482972048258702,161.9992437911464,8.23620308776193,0.3155553630682218,0.17822047844451686,0.001708156019624724,0.057523184816296764,0.011171511479831942,0.0248355844496532,0.0009354943560314564,0.0022699793469177273,0.0034831077814613254,3.0286949087099423e-05,0.4731577435179982,9.212803007193706,0.012535131086748067
0.06,0.03,0.0,2,False,inf,121.56482170366661,30.867140556180775,107.18924402516808,9.842398318044767,0.18399344143887636,0.10087234361798932,0.0011044052733180985,0.024924557170706164,0.025912966293074165,0.0024063537379950413,0.001800301577896962,0.003185681580435384,0.0015637032200998104,1.161067493821754e-05,0.444596814262228,10.231888726552896,0.010622656627804278
0.06,0.03,0.0,3,False,inf,124.65327064454944,30.81989488407145,114.20456741343068,9.103534938405206,0.14575519340622164,0.08015121730265368,0.0008127017608135093,0.021840525329804985,0.02562803823454073,0.015240966464155783,0.00028238592672119757,0.0022993808207094216,0.0024371538944225023,1.5412303097482646e-05,0.49239602374655833,9.352126819818665,0.008912281904956621
0.06,0.03,0.0,4,False,inf,135.20807565974698,24.655020364678215,161.04817954631386,8.871703169103526,0.5037484954488534,0.29992479935143107,0.0036220599140287797,0.03556637764071808,0.02947736152556949,0.002116282156798607,0.0018220674959850889,0.0021294597531318175,0.0034057036209574217,1.60420785683912e-05,0.5066500685155163,10.048268349666515,0.014022150797159886
0.06,0.03,0.0,5,False,inf,130.0670421030202,24.97889491357592,142.53240535705385,8.773555905788836,0.395738922503102,0.23996690639725218,0.002847440277994798,0.05039703948682469,0.019337162342927122,0.0074822626339227484,0.0001617921071449693,0.002150106642356555,0.002225419616259996,1.1304406335961537e-05,0.4210708019156255,10.784801797232584,0.011523691115879878
0.06,0.03,0.0,6,False,inf,134.20161074374954,27.949743744287836,121.95784790397535,8.839390825871991,0.28198812875615237,0.17190729114696288,0.0017884136569469048,0.027163543490666922,0.01611947927549832,0.009804302396366918,0.0029623349705594,0.002898268817821438,0.003022971791513481,2.4438083011449394e-05,0.4867114367610584,9.367174052139356,0.005517292319837753
0.06,0.03,0.0,7,False,inf,179.86700276535197,76.0795703583598,1473.2677106510132,8.903812161035193,0.25739124771682315,0.0737869806948344,0.0020809973356412242,0.05486069004847877,0.025065085185394256,0.005895910446750368,0.0009004988547336763,0.003620660336188786,0.0010157959136967243,9.243566384669972e-05,0.49889522059021285,9.925295980985247,0.008030324268193136
0.06,0.03,0.0,8,False,inf,138.4048097663757,27.20122957527475,137.01871625394244,8.66652630696475,0.23854044693807921,0.13102070436474555,0.001237666433073275,0.059363842166896275,0.015011638446681368,0.020644162864735433,0.0026096895350886484,0.002173254419617582,0.0023136456193683964,2.7440165521545802e-05,0.4271231740331686,9.94314245206847,0.007413521450846823
0.06,0.03,0.0,9,False,inf,179.85365513252103,105.95089508903123,1426.679260070614,8.869943738715493,0.31164604556764086,0.09449587219388995,0.0031903885322791745,0.024340860454377767,0.02126925930113436,0.02035579469014759,0.002148223888810696,0.0037461403614715227,0.003581180947548654,0.00012020741258969977,0.41876512438463015,9.875646939803113,0.00984944326977288
0.06,0.03,0.0,10,False,inf,179.7013438912758,140.73363295887216,1501.2599823588755,9.385321535815708,0.35605992508044404,0.09110296474623111,0.003704716329310304,0.02038409050395734,0.026225787476039677,0.003908196843223018,0.0015384138493096946,0.0014077588120615199,0.0030671094393433934,9.771745351894099e-05,0.4602529357301176,10.716444487502452,0.013253329063847984
0.06,0.03,0.0,11,False,inf,122.76719170073527,32.15373449469493,106.86409265908499,9.64446314812332,0.16041490727961177,0.0870166105779127,0.0008758319652234292,0.03496389312200575,0.021232963867713863,0.0007510764828339755,0.0004437782537323678,0.0037846330688811086,0.0012112617284625905,1.4211044766893634e-05,0.5146261591423446,10.17437259788254,0.00868993123729791
0.06,0.03,0.0,12,False,inf,123.21750001413567,31.194739570507217,99.66478954279759,9.445693117588638,0.21715193003162014,0.12102958492274388,0.0010838336019541883,0.057337647142971224,0.012165048459874749,0.004693838148510661,0.0010496677217878725,0.0016916237397697179,0.003011337228318354,1.3656639817761454e-05,0.5092161748652868,10.556601227494834,0.005028270321866201
0.06,0.03,0.0,13,False,inf,126.0183663823899,26.445569375205235,129.09998235907818,9.028284098728573,0.45721415101972446,0.2717670576794286,0.0031602170290511893,0.05276512574660295,0.025842514773255526,0.0068446497361148734,0.00023159837315526422,0.00383939734133819,0.0028413750731413057,1.0071496504630682e-05,0.5106823465188471,10.761548012689753,0.007862966041661704
0.06,0.03,0.0,14,False,inf,179.92516953419468,73.31966703318807,1498.3738571589242,9.213149089112248,0.3465234122970526,0.07467616300404543,0.002979344988679685,0.028047333341712825,0.023460264722805206,0.022517857178019643,0.001923952442364494,0.002645089626439942,0.00328694026759358,6.957465863408183e-05,0.46458555040672866,10.094407449984567,0.012463223600913117
0.06,0.03,0.0,15,False,inf,137.9338561611107,28.009188633485223,175.83076362655183,9.23135135011401,0.3753417116569571,0.22728486030197348,0.002341415082513897,0.05079085556680287,0.015576948671442846,0.001173860694578235,0.001714791771101193,0.0014387362801707927,0.0031563141306264137,2.547831869663868e-05,0.4635290062633226,10.747204198879444,0.012814660277720307
0.06,0.03,0.002,0,False,inf,87.5365074271605,6.037953230020964,118.07435818407274,9.877683136408427,0.3241732544372544,0.10254496703066762,0.0021244856490258636,0.023489335688193516,0.008901417526596284,0.00043269248631363886,0.0024398107176008175,0.0037382667318331653,0.0028199073273015396,7.210319823797473e-05,0.47253699911240404,10.68108713915643,0.013158535541215322
0.06,0.03,0.002,1,False,inf,81.45054908877968,141.82951203445703,395.03228061835,8.384766423679734,0.4731577435179982,0.10289484406540104,0.001708156019624724,0.057523184816296764,0.011171511479831942,0.0248355844496532,0.0009354943560314564,0.0022699793469177273,0.0034831077814613254,3.0286949087099423e-05,0.4731577435179982,9.212803007193706,0.012535131086748067
0.06,0.03,0.002,2,True,3.3355000000002812,0.8218520377873113,5.777211859025423,253.78633028101282,9.924869003124735,0.444596814262228,0.04114884492562741,0.0011044052733180985,0.024924557170706164,0.025912966293074165,0.0024063537379950413,0.001800301577896962,0.003185681580435384,0.0015637032200998104,1.161067493821754e-05,0.444596814262228,10.231888726552896,0.010622656627804278
0.06,0.03,0.002,3,True,3.505500000000338,1.1136096552288015,7.280316916880819,289.62809477661284,9.170331459733323,0.3014817380605277,0.03413051121687301,0.0008127017608135093,0.021840525329804985,0.02562803823454073,0.015240966464155783,0.00028238592672119757,0.0022993808207094216,0.0024371538944225023,1.5412303097482646e-05,0.49239602374655833,9.352126819818665,0.008912281904956621
0.06,0.03,0.002,4,False,8.685499999999124,56.67349657327707,93.31615052427442,272.64158634045657,9.100045021225743,0.5066500685155163,0.17702200291183562,0.0036220599140287797,0.03556637764071808,0.02947736152556949,0.002116282156798607,0.0018220674959850889,0.0021294597531318175,0.0034057036209574217,1.60420785683912e-05,0.5066500685155163,10.048268349666515,0.014022150797159886
0.06,0.03,0.002,5,True,1.8154999999998556,0.10789734154781487,0.5074392740760546,122.5598846172099,9.173975727359347,0.4210708019156255,0.1145537053658693,0.002847440277994798,0.05039703948682469,0.019337162342927122,0.0074822626339227484,0.0001617921071449693,0.002150106642356555,0.002225419616259996,1.1304406335961537e-05,0.4210708019156255,10.784801797232584,0.011523691115879878
0.06,0.03,0.002,6,True,4.945499999999979,0.1716147968353008,2.217137885606959,167.406758790039,8.932260522424256,0.4867114367610584,0.08492174036140354,0.0017884136569469048,0.027163543490666922,0.01611947927549832,0.009804302396366918,0.0029623349705594,0.002898268817821438,0.003022971791513481,2.4438083011449394e-05,0.4867114367610584,9.367174052139356,0.005517292319837753
0.06,0.03,0.002,7,False,inf,96.83811079630871,13.29638327215731,115.75252827447464,8.881011476658113,0.3194766600021108,0.13970510876063363,0.0020809973356412242,0.05486069004847877,0.025065085185394256,0.005895910446750368,0.0009004988547336763,0.003620660336188786,0.0010157959136967243,9.243566384669972e-05,0.49889522059021285,9.925295980985247,0.008030324268193136
0.06,0.03,0.002,8,True,3.3955000000003013,0.7659879365157743,5.5424687745182455,260.14810198926585,8.715997901626109,0.39354302258306173,0.07801807842994996,0.001237666433073275,0.059363842166896275,0.015011638446681368,0.020644162864735433,0.0026096895350886484,0.002173254419617582,0.0023136456193683964,2.7440165521545802e-05,0.4271231740331686,9.94314245206847,0.007413521450846823
0.06,0.03,0.002,9,False,inf,95.43074023197842,11.728176300740623,152.58245620154236,9.017563277671327,0.41876512438463015,0.22858072851449582,0.0031903885322791745,0.024340860454377767,0.02126925930113436,0.02035579469014759,0.002148223888810696,0.0037461403614715227,0.003581180947548654,0.00012020741258969977,0.41876512438463015,9.875646939803113,0.00984944326977288
0.06,0.03,0.002,10,False,inf,95.29260303402951,10.280575462518623,150.8450143963998,9.280954576704765,0.4602529357301176,0.23252473487054665,0.003704716329310304,0.02038409050395734,0.026225787476039677,0.003908196843223018,0.0015384138493096946,0.0014077588120615199,0.0030671094393433934,9.771745351894099e-05,0.4602529357301176,10.716444487502452,0.013253329063847984
0.06,0.03,0.002,11,True,1.5404999999998858,0.937376042260472,6.680975695742288,131.62856569508958,9.651280668038071,0.3071685546677086,0.044510905775900014,0.0008758319652234292,0.03496389312200575,0.021232963867713863,0.0007510764828339755,0.0004437782537323678,0.0037846330688811086,0.0012112617284625905,1.4211044766893634e-05,0.5146261591423446,10.17437259788254,0.00868993123729791
0.06,0.03,0.002,12,True,1.520499999999888,0.09501071981441757,0.6153431550219075,127.64722050881842,9.461670587110046,0.3415703322937001,0.06824966005225291,0.0010838336019541883,0.057337647142971224,0.012165048459874749,0.004693838148510661,0.0010496677217878725,0.0016916237397697179,0.003011337228318354,1.3656639817761454e-05,0.5092161748652868,10.556601227494834,0.005028270321866201
0.06,0.03,0.002,13,True,3.4505000000003196,0.7423910998443671,4.612063237570534,319.4515030914603,9.491998841827478,0.5106823465188471,0.11020405595694482,0.0031602170290511893,0.05276512574660295,0.025842514773255526,0.0068446497361148734,0.00023159837315526422,0.00383939734133819,0.0028413750731413057,1.0071496504630682e-05,0.5106823465188471,10.761548012689753,0.007862966041661704
0.06,0.03,0.002,14,False,inf,88.71738765372417,6.625237933074373,123.3383818583399,9.349689463050453,0.4414166545843093,0.1491318987171846,0.002979344988679685,0.028047333341712825,0.023460264722805206,0.022517857178019643,0.001923952442364494,0.002645089626439942,0.00328694026759358,6.957465863408183e-05,0.46458555040672866,10.094407449984567,0.012463223600913117
0.06,0.03,0.002,15,True,1.8804999999998484,0.3026764777854506,2.351435193239952,127.3345601339089,9.559196464203692,0.45665837873329096,0.11769410532498774,0.002341415082513897,0.05079085556680287,0.015576948671442846,0.001173860694578235,0.001714791771101193,0.0014387362801707927,0.0031563141306264137,2.547831869663868e-05,0.4635290062633226,10.747204198879444,0.012814660277720307
0.06,0.03,0.004,0,True,1.965499999999839,0.16313023829242088,1.3495229287495587,172.7896200427039,9.865873999595475,0.47253699911240404,0.16477489491043695,0.0021244856490258636,0.023489335688193516,0.008901417526596284,0.00043269248631363886,0.0024398107176008175,0.0037382667318331653,0.0028199073273015396,7.210319823797473e-05,0.47253699911240404,10.68108713915643,0.013158535541215322
0.06,0.03,0.004,1,True,2.3054999999999373,0.12598512782804352,0.7859756612334081,187.4633805505264,8.308170640184679,0.4309446056619189,0.12025818287708467,0.001708156019624724,0.057523184816296764,0.011171511479831942,0.0248355844496532,0.0009354943560314564,0.0022699793469177273,0.0034831077814613254,3.0286949087099423e-05,0.4731577435179982,9.212803007193706,0.012535131086748067
0.06,0.03,0.004,2,True,1.5704999999998825,0.6883429059651698,4.733947622661825,132.81343001630904,9.886621496138268,0.18264650951027753,0.04178305927306883,0.0011044052733180985,0.024924557170706164,0.025912966293074165,0.0024063537379950413,0.001800301577896962,0.003185681580435384,0.0015637032200998104,1.161067493821754e-05,0.444596814262228,10.231888726552896,0.010622656627804278
0.06,0.03,0.004,3,True,1.520499999999888,0.864390099100634,5.869868495184165,126.48645784166393,9.102199255155695,0.14542283034894155,0.03315159414371269,0.0008127017608135093,0.021840525329804985,0.02562803823454073,0.015240966464155783,0.00028238592672119757,0.0022993808207094216,0.0024371538944225023,1.5412303097482646e-05,0.49239602374655833,9.352126819818665,0.008912281904956621
0.06,0.03,0.004,4,True,1.8804999999998484,0.5701651107370013,3.4500099339299473,132.26950828453718,9.214734020083435,0.5066500685155163,0.10775088444259866,0.0036220599140287797,0.03556637764071808,0.02947736152556949,0.002116282156798607,0.0018220674959850889,0.0021294597531318175,0.0034057036209574217,1.60420785683912e-05,0.5066500685155163,10.048268349666515,0.014022150797159886
0.06,0.03,0.004,5,True,2.505500000000004,0.11510055656456993,0.5565652391203769,126.48527333584553,9.173247186087776,0.4210708019156255,0.12171420621573603,0.002847440277994798,0.05039703948682469,0.019337162342927122,0.0074822626339227484,0.0001617921071449693,0.002150106642356555,0.002225419616259996,1.1304406335961537e-05,0.4210708019156255,10.784801797232584,0.011523691115879878
0.06,0.03,0.004,6,True,1.4904999999998914,0.10201217426664463,0.5522517966925355,122.86295231405538,8.913413590989292,0.3944735738205598,0.08480692031570342,0.0017884136569469048,0.027163543490666922,0.01611947927549832,0.009804302396366918,0.0029623349705594,0.002898268817821438,0.003022971791513481,2.4438083011449394e-05,0.4867114367610584,9.367174052139356,0.005517292319837753
0.06,0.03,0.004,7,False,inf,81.73146727016125,108.33738704661972,479.3869047328142,9.073145879650028,0.49889522059021285,0.14080026233322981,0.0020809973356412242,0.05486069004847877,0.025065085185394256,0.005895910446750368,0.0009004988547336763,0.003620660336188786,0.0010157959136967243,9.243566384669972e-05,0.49889522059021285,9.925295980985247,0.008030324268193136
0.06,0.03,0.004,8,True,2.005499999999837,0.5691913134836907,3.88960207669635,199.80785442898392,8.716567712411516,0.3667384998047671,0.07848892496774995,0.001237666433073275,0.059363842166896275,0.015011638446681368,0.020644162864735433,0.0026096895350886484,0.002173254419617582,0.0023136456193683964,2.7440165521545802e-05,0.4271231740331686,9.94314245206847,0.007413521450846823
0.06,0.03,0.004,9,False,inf,87.47224600100891,96.47151167817718,481.0084975062,9.072279423568734,0.41876512438463015,0.15999247218038176,0.0031903885322791745,0.024340860454377767,0.02126925930113436,0.02035579469014759,0.002148223888810696,0.0037461403614715227,0.003581180947548654,0.00012020741258969977,0.41876512438463015,9.875646939803113,0.00984944326977288
0.06,0.03,0.004,10,False,inf,87.71493998318832,257.4863654911631,478.0617110011171,9.299481827798502,0.4602529357301176,0.1565353087635561,0.003704716329310304,0.02038409050395734,0.026225787476039677,0.003908196843223018,0.0015384138493096946,0.0014077588120615199,0.0030671094393433934,9.771745351894099e-05,0.4602529357301176,10.716444487502452,0.013253329063847984
0.06,0.03,0.004,11,True,1.575499999999882,0.8142658392459432,5.892070969077787,135.50124376168438,9.649985936048717,0.1610302410324052,0.04406926241290745,0.0008758319652234292,0.03496389312200575,0.021232963867713863,0.0007510764828339755,0.0004437782537323678,0.0037846330688811086,0.0012112617284625905,1.4211044766893634e-05,0.5146261591423446,10.17437259788254,0.00868993123729791
0.06,0.03,0.004,12,True,1.565499999999883,0.1400246271551486,0.6073219836665721,130.23265290696796,9.457756684120232,0.26359167079998547,0.07109391628620139,0.0010838336019541883,0.057337647142971224,0.012165048459874749,0.004693838148510661,0.0010496677217878725,0.0016916237397697179,0.003011337228318354,1.3656639817761454e-05,0.5092161748652868,10.556601227494834,0.005028270321866201
0.06,0.03,0.004,13,True,2.5405000000000157,0.5897638567712019,3.764020478082803,135.56068495550014,9.234071975546668,0.5106823465188471,0.10880781591126565,0.0031602170290511893,0.05276512574660295,0.025842514773255526,0.0068446497361148734,0.00023159837315526422,0.00383939734133819,0.0028413750731413057,1.0071496504630682e-05,0.5106823465188471,10.761548012689753,0.007862966041661704
0.06,0.03,0.004,14,True,5.980499999999405,1.3562449096497387,11.231727707399031,310.36474566604124,9.376470040933313,0.46458555040672866,0.11497339851573271,0.002979344988679685,0.028047333341712825,0.023460264722805206,0.022517857178019643,0.001923952442364494,0.002645089626439942,0.00328694026759358,6.957465863408183e-05,0.46458555040672866,10.094407449984567,0.012463223600913117
0.06,0.03,0.004,15,True,2.110499999999872,0.09727867200819566,0.5695668190050458,216.41875107943775,9.402048612383757,0.4635290062633226,0.12009846186720179,0.002341415082513897,0.05079085556680287,0.015576948671442846,0.001173860694578235,0.001714791771101193,0.0014387362801707927,0.0031563141306264137,2.547831869663868e-05,0.4635290062633226,10.747204198879444,0.012814660277720307
0.06,0.03,0.008,0,True,1.5054999999998897,0.15129155859046006,1.0544864400945102,120.01149742915072,9.867806661141772,0.47253699911240404,0.16845624656586158,0.0021244856490258636,0.023489335688193516,0.008901417526596284,0.00043269248631363886,0.0024398107176008175,0.0037382667318331653,0.0028199073273015396,7.210319823797473e-05,0.47253699911240404,10.68108713915643,0.013158535541215322
0.06,0.03,0.008,1,True,3.050500000000186,0.12171432579750774,0.39264397856004657,217.28530612780136,8.50999106865907,0.4731577435179982,0.12037987533948252,0.001708156019624724,0.057523184816296764,0.011171511479831942,0.0248355844496532,0.0009354943560314564,0.0022699793469177273,0.0034831077814613254,3.0286949087099423e-05,0.4731577435179982,9.212803007193706,0.012535131086748067
0.06,0.03,0.008,2,True,1.5804999999998814,0.6648363787106191,4.561799270119815,134.84511297737828,9.882109480115066,0.18350096790446394,0.04172113243445614,0.0011044052733180985,0.024924557170706164,0.025912966293074165,0.0024063537379950413,0.001800301577896962,0.003185681580435384,0.0015637032200998104,1.161067493821754e-05,0.444596814262228,10.231888726552896,0.010622656627804278
0.06,0.03,0.008,3,True,1.5254999999998875,0.7964536808060894,5.338070348675121,127.5195747330011,9.097827406920874,0.14604237283639468,0.03371392782225031,0.0008127017608135093,0.021840525329804985,0.02562803823454073,0.015240966464155783,0.00028238592672119757,0.0022993808207094216,0.0024371538944225023,1.5412303097482646e-05,0.49239602374655833,9.352126819818665,0.008912281904956621
0.06,0.03,0.008,4,True,1.910499999999845,0.4094901959394867,2.594039795540605,131.97659857272427,9.2092180835428,0.5026046118691565,0.10581776241330453,0.0036220599140287797,0.03556637764071808,0.02947736152556949,0.002116282156798607,0.0018220674959850889,0.0021294597531318175,0.0034057036209574217,1.60420785683912e-05,0.5066500685155163,10.048268349666515,0.014022150797159886
0.06,0.03,0.008,5,False,8.135499999998451,46.89939877598632,48.38797371724706,129.4054275944023,9.172621704757992,0.4210708019156255,0.1483711823255996,0.002847440277994798,0.05039703948682469,0.019337162342927122,0.0074822626339227484,0.0001617921071449693,0.002150106642356555,0.002225419616259996,1.1304406335961537e-05,0.4210708019156255,10.784801797232584,0.011523691115879878
0.06,0.03,0.008,6,True,1.5004999999998903,0.09969149260170626,0.3942995601602365,123.83456211561075,8.919882241620178,0.4867114367610584,0.08687121305314023,0.0017884136569469048,0.027163543490666922,0.01611947927549832,0.009804302396366918,0.0029623349705594,0.002898268817821438,0.003022971791513481,2.4438083011449394e-05,0.4867114367610584,9.367174052139356,0.005517292319837753
0.06,0.03,0.008,7,True,5.570499999999632,1.336023423742792,9.782800883341466,321.5515620059973,9.037515519801648,0.49889522059021285,0.08621918316297034,0.0020809973356412242,0.05486069004847877,0.025065085185394256,0.005895910446750368,0.0009004988547336763,0.003620660336188786,0.0010157959136967243,9.243566384669972e-05,0.49889522059021285,9.925295980985247,0.008030324268193136
0.06,0.03,0.008,8,True,1.475499999999893,0.4759359723000497,3.0036811955186336,121.99356357067781,8.710039831379214,0.2879226417745834,0.07715827231956117,0.001237666433073275,0.059363842166896275,0.015011638446681368,0.020644162864735433,0.0026096895350886484,0.002173254419617582,0.0023136456193683964,2.7440165521545802e-05,0.4271231740331686,9.94314245206847,0.007413521450846823
0.06,0.03,0.008,9,True,3.9055000000004716,0.9080158943370511,5.962387831640198,282.46393099938877,9.044009598734606,0.41876512438463015,0.13530207223436727,0.0031903885322791745,0.024340860454377767,0.02126925930113436,0.02035579469014759,0.002148223888810696,0.0037461403614715227,0.003581180947548654,0.00012020741258969977,0.41876512438463015,9.875646939803113,0.00984944326977288
0.06,0.03,0.008,10,True,4.215500000000383,0.9857907098262996,5.7599161741068015,326.63711614891935,9.307944149172869,0.4602529357301176,0.12251236534454192,0.003704716329310304,0.02038409050395734,0.026225787476039677,0.003908196843223018,0.0015384138493096946,0.0014077588120615199,0.0030671094393433934,9.771745351894099e-05,0.4602529357301176,10.716444487502452,0.013253329063847984
0.06,0.03,0.008,11,True,1.5904999999998803,0.789087973007204,5.743209499007532,136.67905374272945,9.645294975618395,0.18354764462629225,0.04543180506937027,0.0008758319652234292,0.03496389312200575,0.021232963867713863,0.0007510764828339755,0.0004437782537323678,0.0037846330688811086,0.0012112617284625905,1.4211044766893634e-05,0.5146261591423446,10.17437259788254,0.00868993123729791
0.06,0.03,0.008,12,True,1.6904999999998693,0.2017842035728957,0.9174478107847369,257.9185393556614,9.454994280634645,0.5092161748652868,0.07186596838489094,0.0010838336019541883,0.057337647142971224,0.012165048459874749,0.004693838148510661,0.0010496677217878725,0.0016916237397697179,0.003011337228318354,1.3656639817761454e-05,0.5092161748652868,10.556601227494834,0.005028270321866201
0.06,0.03,0.008,13,True,2.9055000000001376,0.5264803246105225,3.201472614475745,133.15700243297272,9.232280981362619,0.5106823465188471,0.10866084931591515,0.0031602170290511893,0.05276512574660295,0.025842514773255526,0.0068446497361148734,0.00023159837315526422,0.00383939734133819,0.0028413750731413057,1.0071496504630682e-05,0.5106823465188471,10.761548012689753,0.007862966041661704
0.06,0.03,0.008,14,True,1.9054999999998457,0.5904505765202397,3.829037961253663,128.10445025506894,9.373022567768473,0.44182615557127514,0.10236350514931161,0.002979344988679685,0.028047333341712825,0.023460264722805206,0.022517857178019643,0.001923952442364494,0.002645089626439942,0.00328694026759358,6.957465863408183e-05,0.46458555040672866,10.094407449984567,0.012463223600913117
0.06,0.03,0.008,15,True,1.5254999999998875,0.10155052728132298,0.371345705625741,134.1684423857199,9.40138195382299,0.4540451465241219,0.1212002588217006,0.002341415082513897,0.05079085556680287,0.015576948671442846,0.001173860694578235,0.001714791771101193,0.0014387362801707927,0.0031563141306264137,2.547831869663868e-05,0.4635290062633226,10.747204198879444,0.012814660277720307
0.06,0.04,0.0,0,False,inf,165.08662109210596,42.367028082246335,1347.0385829584645,9.725901890960849,0.3149439965360737,0.18987303419718524,0.0021244856490258636,0.023489335688193516,0.008901417526596284,0.00043269248631363886,0.0024398107176008175,0.0037382667318331653,0.0028199073273015396,7.210319823797473e-05,0.47253699911240404,10.68108713915643,0.013158535541215322
0.06,0.04,0.0,1,False,inf,130.38339877760916,26.5583433684705,166.84137573623593,8.256925814609374,0.316150480547106,0.17297591245308735,0.001708156019624724,0.057523184816296764,0.011171511479831942,0.0248355844496532,0.0009354943560314564,0.0022699793469177273,0.0034831077814613254,3.0286949087099423e-05,0.4731577435179982,9.212803007193706,0.012535131086748067
0.06,0.04,0.0,2,False,inf,115.93441510517506,28.484109459782754,109.17308074534371,9.840447652247846,0.18511331144474588,0.10386238920198418,0.0011044052733180985,0.024924557170706164,0.025912966293074165,0.0024063537379950413,0.001800301577896962,0.003185681580435384,0.0015637032200998104,1.161067493821754e-05,0.444596814262228,10.231888726552896,0.010622656627804278
0.06,0.04,0.0,3,False,inf,118.10057918733878,28.550481095180096,96.01399208753112,9.103171495208565,0.1459896078553909,0.07748063399731309,0.0008127017608135093,0.021840525329804985,0.02562803823454073,0.015240966464155783,0.00028238592672119757,0.0022993808207094216,0.0024371538944225023,1.5412303097482646e-05,0.49239602374655833,9.352126819818665,0.008912281904956621
0.06,0.04,0.0,4,False,inf,122.7257678007305,26.062021904457694,114.25923993209018,8.815723681883314,0.5047352352061598,0.29688871273082684,0.0036220599140287797,0.03556637764071808,0.02947736152556949,0.002116282156798607,0.0018220674959850889,0.0021294597531318175,0.0034057036209574217,1.60420785683912e-05,0.5066500685155163,10.048268349666515,0.014022150797159886
0.06,0.04,0.0,5,False,inf,118.90627791468017,24.414078840239007,122.44286535922583,8.773564582083223,0.3955263218012531,0.22662831627903593,0.002847440277994798,0.05039703948682469,0.019337162342927122,0.0074822626339227484,0.0001617921071449693,0.002150106642356555,0.002225419616259996,1.1304406335961537e-05,0.4210708019156255,10.784801797232584,0.011523691115879878
0.06,0.04,0.0,6,False,inf,121.59495477069215,30.16727266144847,100.56343006292144,8.848519980112574,0.28230206621636666,0.16693517181256012,0.0017884136569469048,0.027163543490666922,0.01611947927549832,0.009804302396366918,0.0029623349705594,0.002898268817821438,0.003022971791513481,2.4438083011449394e-05,0.4867114367610584,9.367174052139356,0.005517292319837753
0.06,0.04,0.0,7,False,inf,179.8347159894138,120.40723499911054,1480.1353063445945,8.923332537486298,0.25730225197558265,0.06984254674134292,0.0020809973356412242,0.05486069004847877,0.025065085185394256,0.005895910446750368,0.0009004988547336763,0.003620660336188786,0.0010157959136967243,9.243566384669972e-05,0.49889522059021285,9.925295980985247,0.008030324268193136
0.06,0.04,0.0,8,False,inf,124.75499014480576,28.30443070776751,133.3265868432714,8.680119575927744,0.23940134433217916,0.1276001338997051,0.001237666433073275,0.059363842166896275,0.015011638446681368,0.020644162864735433,0.0026096895350886484,0.002173254419617582,0.0023136456193683964,2.7440165521545802e-05,0.4271231740331686,9.94314245206847,0.007413521450846823
0.06,0.04,0.0,9,False,inf,179.8143743453824,46.768414249422634,1522.0634054915006,8.990379876133755,0.3121183481089375,0.08759513160921631,0.0031903885322791745,0.024340860454377767,0.02126925930113436,0.02035579469014759,0.002148223888810696,0.0037461403614715227,0.003581180947548654,0.00012020741258969977,0.41876512438463015,9.875646939803113,0.00984944326977288
0.06,0.04,0.0,10,False,inf,179.66241009430453,137.63086132511677,1499.9402907750923,9.325099260836536,0.359193608677482,0.0910330471585133,0.003704716329310304,0.02038409050395734,0.026225787476039677,0.003908196843223018,0.0015384138493096946,0.0014077588120615199,0.0030671094393433934,9.771745351894099e-05,0.4602529357301176,10.716444487502452,0.013253329063847984
0.06,0.04,0.0,11,False,inf,116.06045200411937,28.03648877027828,104.34294923145856,9.647054218111869,0.16131844626015968,0.08865483208294493,0.0008758319652234292,0.03496389312200575,0.021232963867713863,0.0007510764828339755,0.0004437782537323678,0.0037846330688811086,0.0012112617284625905,1.4211044766893634e-05,0.5146261591423446,10.17437259788254,0.00868993123729791
0.06,0.04,0.0,12,False,inf,112.35310964776455,25.716927660841492,99.12044917737359,9.433574782220804,0.21937715425631954,0.13860002737476365,0.0010838336019541883,0.057337647142971224,0.012165048459874749,0.004693838148510661,0.0010496677217878725,0.0016916237397697179,0.003011337228318354,1.3656639817761454e-05,0.5092161748652868,10.556601227494834,0.005028270321866201
0.06,0.04,0.0,13,False,inf,118.37889280862406,25.326555462985617,100.12124446650483,9.028136167377333,0.45513361965437926,0.25852239708435787,0.0031602170290511893,0.05276512574660295,0.025842514773255526,0.0068446497361148734,0.00023159837315526422,0.00383939734133819,0.0028413750731413057,1.0071496504630682e-05,0.5106823465188471,10.761548012689753,0.007862966041661704
0.06,0.04,0.0,14,False,inf,179.8573662942281,148.70452607465168,1515.2772486458093,9.140622156420722,0.346441261199361,0.08419569839899618,0.002979344988679685,0.028047333341712825,0.023460264722805206,0.022517857178019643,0.001923952442364494,0.002645089626439942,0.00328694026759358,6.957465863408183e-05,0.46458555040672866,10.094407449984567,0.012463223600913117
0.06,0.04,0.0,15,False,inf,125.05303466517492,28.949529540401272,169.0499211125654,9.275259071460816,0.3759366950095933,0.22186703035248811,0.002341415082513897,0.05079085556680287,0.015576948671442846,0.001173860694578235,0.001714791771101193,0.0014387362801707927,0.0031563141306264137,2.547831869663868e-05,0.4635290062633226,10.747204198879444,0.012814660277720307
0.06,0.04,0.002,0,True,2.065499999999857,0.8122671648859717,4.753113649200188,181.19160993647787,9.654896613572838,0.47253699911240404,0.12483641000860882,0.0021244856490258636,0.023489335688193516,0.008901417526596284,0.00043269248631363886,0.0024398107176008175,0.0037382667318331653,0.0028199073273015396,7.210319823797473e-05,0.47253699911240404,10.68108713915643,0.013158535541215322
0.06,0.04,0.002,1,True,1.1154999999999327,0.13541853734248696,0.44082534117702427,115.30483228118368,8.30812069722642,0.4731577435179982,0.09007395398295463,0.001708156019624724,0.057523184816296764,0.011171511479831942,0.0248355844496532,0.0009354943560314564,0.0022699793469177273,0.0034831077814613254,3.0286949087099423e-05,0.4731577435179982,9.212803007193706,0.012535131086748067
0.06,0.04,0.002,2,True,1.2354999999999194,1.035472930524519,5.400594878173675,135.628160428451,9.884422950968162,0.183525769758819,0.036270025553868476,0.0011044052733180985,0.024924557170706164,0.025912966293074165,0.0024063537379950413,0.001800301577896962,0.003185681580435384,0.0015637032200998104,1.161067493821754e-05,0.444596814262228,10.231888726552896,0.010622656627804278
0.06,0.04,0.002,3,True,1.2104999999999222,1.3010814637106731,6.63078513796842,121.04439780807428,9.102453768004503,0.14629834814382128,0.029999698748118316,0.0008127017608135093,0.021840525329804985,0.02562803823454073,0.015240966464155783,0.00028238592672119757,0.0022993808207094216,0.0024371538944225023,1.5412303097482646e-05,0.49239602374655833,9.352126819818665,0.008912281904956621
0.06,0.04,0.002,4,True,1.5354999999998864,1.0248506642318247,4.753538225897309,122.82112782276995,9.095471542551843,0.5009604331530697,0.08978003498419068,0.0036220599140287797,0.03556637764071808,0.02947736152556949,0.002116282156798607,0.0018220674959850889,0.0021294597531318175,0.0034057036209574217,1.60420785683912e-05,0.5066500685155163,10.048268349666515,0.014022150797159886
0.06,0.04,0.002,5,True,2.730500000000079,0.3903237505137151,1.8898573302479886,323.0971692747807,9.173813672825911,0.4210708019156255,0.09636791277618591,0.002847440277994798,0.05039703948682469,0.019337162342927122,0.0074822626339227484,0.0001617921071449693,0.002150106642356555,0.002225419616259996,1.1304406335961537e-05,0.4210708019156255,10.784801797232584,0.011523691115879878
0.06,0.04,0.002,6,True,1.1504999999999288,0.1259079448130814,0.5479511808641648,107.35064710185627,8.913625646216566,0.3537963988575237,0.06368283241585018,0.0017884136569469048,0.027163543490666922,0.01611947927549832,0.009804302396366918,0.0029623349705594,0.002898268817821438,0.003022971791513481,2.4438083011449394e-05,0.4867114367610584,9.367174052139356,0.005517292319837753
0.06,0.04,0.002,7,False,inf,93.03240574297693,7.6872089887336434,128.2424366380801,8.893444038928777,0.32098488148189536,0.11044730588724902,0.0020809973356412242,0.05486069004847877,0.025065085185394256,0.005895910446750368,0.0009004988547336763,0.003620660336188786,0.0010157959136967243,9.243566384669972e-05,0.49889522059021285,9.925295980985247,0.008030324268193136
0.06,0.04,0.002,8,True,1.130499999999931,0.7978248713589544,4.779438880933337,109.73409514793201,8.710935133975239,0.4271231740331686,0.06762327319279245,0.001237666433073275,0.059363842166896275,0.015011638446681368,0.020644162864735433,0.0026096895350886484,0.002173254419617582,0.0023136456193683964,2.7440165521545802e-05,0.4271231740331686,9.94314245206847,0.007413521450846823
0.06,0.04,0.002,9,False,inf,88.06016693019666,6.5735079483809375,126.94178479701598,8.891556048745148,0.41876512438463015,0.162018066101491,0.0031903885322791745,0.024340860454377767,0.02126925930113436,0.02035579469014759,0.002148223888810696,0.0037461403614715227,0.003581180947548654,0.00012020741258969977,0.41876512438463015,9.875646939803113,0.00984944326977288
0.06,0.04,0.002,10,False,inf,87.38200925837943,106.23329967081084,458.03392148082816,9.278711335980782,0.4602529357301176,0.1999201803341492,0.003704716329310304,0.02038409050395734,0.026225787476039677,0.003908196843223018,0.0015384138493096946,0.0014077588120615199,0.0030671094393433934,9.771745351894099e-05,0.4602529357301176,10.716444487502452,0.013253329063847984
0.06,0.04,0.002,11,True,1.2504999999999178,1.1232284074865444,6.122452525598041,128.35977827389434,9.649826141531102,0.16178297500351013,0.039517746870075615,0.0008758319652234292,0.03496389312200575,0.021232963867713863,0.0007510764828339755,0.0004437782537323678,0.0037846330688811086,0.0012112617284625905,1.4211044766893634e-05,0.5146261591423446,10.17437259788254,0.00868993123729791
0.06,0.04,0.002,12,True,1.2054999999999227,0.4290680759224999,1.7221637741093851,125.61962429186984,9.462605420519896,0.37974135791779157,0.06315063141597191,0.0010838336019541883,0.057337647142971224,0.012165048459874749,0.004693838148510661,0.0010496677217878725,0.0016916237397697179,0.003011337228318354,1.3656639817761454e-05,0.5092161748652868,10.556601227494834,0.005028270321866201
0.06,0.04,0.002,13,True,1.2104999999999222,0.8719453345071446,4.3484004927196045,135.20837550613294,9.234618374688557,0.5106823465188471,0.08888971679761754,0.0031602170290511893,0.05276512574660295,0.025842514773255526,0.0068446497361148734,0.00023159837315526422,0.00383939734133819,0.0028413750731413057,1.0071496504630682e-05,0.5106823465188471,10.761548012689753,0.007862966041661704
0.06,0.04,0.002,14,False,inf,73.99558961971692,196.14146204626843,673.252776887861,9.734623302522568,0.46458555040672866,0.10515505732567348,0.002979344988679685,0.028047333341712825,0.023460264722805206,0.022517857178019643,0.001923952442364494,0.002645089626439942,0.00328694026759358,6.957465863408183e-05,0.46458555040672866,10.094407449984567,0.012463223600913117
0.06,0.04,0.002,15,True,1.1654999999999271,0.11700331577422012,0.3125712796552393,119.03947158680302,9.410296441793493,0.3915331369941213,0.09176840760847976,0.002341415082513897,0.05079085556680287,0.015576948671442846,0.001173860694578235,0.001714791771101193,0.0014387362801707927,0.0031563141306264137,2.547831869663868e-05,0.4635290062633226,10.747204198879444,0.012814660277720307
0.06,0.04,0.004,0,True,1.1604999999999277,0.1717174164008547,1.550732711200182,109.49715639499699,9.566535854067164,0.45163937380312924,0.12888931134389164,0.0021244856490258636,0.023489335688193516,0.008901417526596284,0.00043269248631363886,0.0024398107176008175,0.0037382667318331653,0.0028199073273015396,7.210319823797473e-05,0.47253699911240404,10.68108713915643,0.013158535541215322
0.06,0.04,0.004,1,True,1.120499999999932,0.10108098776120852,0.295580071426397,107.14496756702638,8.303644557139549,0.33693959407375046,0.09291740151982283,0.001708156019624724,0.057523184816296764,0.011171511479831942,0.0248355844496532,0.0009354943560314564,0.0022699793469177273,0.0034831077814613254,3.0286949087099423e-05,0.4731577435179982,9.212803007193706,0.012535131086748067
0.06,0.04,0.004,2,True,1.2604999999999167,0.9063672545520078,4.990953017884047,144.03681914407437,9.884005760425515,0.2897789661058685,0.03506581443609964,0.0011044052733180985,0.024924557170706164,0.025912966293074165,0.0024063537379950413,0.001800301577896962,0.003185681580435384,0.0015637032200998104,1.161067493821754e-05,0.444596814262228,10.231888726552896,0.010622656627804278
0.06,0.04,0.004,3,True,1.220499999999921,1.1042777134083095,5.6451128114401214,124.34685967736708,9.098534760869688,0.14693443446972795,0.029676286666032347,0.0008127017608135093,0.021840525329804985,0.02562803823454073,0.015240966464155783,0.00028238592672119757,0.0022993808207094216,0.0024371538944225023,1.5412303097482646e-05,0.49239602374655833,9.352126819818665,0.008912281904956621
0.06,0.04,0.004,4,True,2.0904999999998655,0.7067219023100862,3.372661667037313,173.35302225869717,9.19790321865393,0.5066500685155163,0.08765538378721709,0.0036220599140287797,0.03556637764071808,0.02947736152556949,0.002116282156798607,0.0018220674959850889,0.0021294597531318175,0.0034057036209574217,1.60420785683912e-05,0.5066500685155163,10.048268349666515,0.014022150797159886
0.06,0.04,0.004,5,True,1.1604999999999277,0.10504479221536678,0.35667995600160873,119.57333229605976,9.172423786772608,0.38799752853407093,0.09478657269367466,0.002847440277994798,0.05039703948682469,0.019337162342927122,0.0074822626339227484,0.0001617921071449693,0.002150106642356555,0.002225419616259996,1.1304406335961537e-05,0.4210708019156255,10.784801797232584,0.011523691115879878
0.06,0.04,0.004,6,True,1.175499999999926,0.10227092241409641,0.41346378360311464,110.79150938967378,8.913165216416877,0.38345712825768546,0.06606912022510633,0.0017884136569469048,0.027163543490666922,0.01611947927549832,0.009804302396366918,0.0029623349705594,0.002898268817821438,0.003022971791513481,2.4438083011449394e-05,0.4867114367610584,9.367174052139356,0.005517292319837753
0.06,0.04,0.004,7,True,1.565499999999883,2.456945318664416,11.616873066762695,121.01437084219076,8.904758465117386,0.32023016693618145,0.08648318898043583,0.0020809973356412242,0.05486069004847877,0.025065085185394256,0.005895910446750368,0.0009004988547336763,0.003620660336188786,0.0010157959136967243,9.243566384669972e-05,0.49889522059021285,9.925295980985247,0.008030324268193136
0.06,0.04,0.004,8,True,1.1654999999999271,0.6745282637059079,3.741276600509266,102.8900416924007,8.708171731650902,0.29429377877382445,0.06758621878031754,0.001237666433073275,0.059363842166896275,0.015011638446681368,0.020644162864735433,0.0026096895350886484,0.002173254419617582,0.0023136456193683964,2.7440165521545802e-05,0.4271231740331686,9.94314245206847,0.007413521450846823
0.06,0.04,0.004,9,True,2.430499999999979,2.129136169074102,9.839188669764932,178.16024094736363,9.038282891967631,0.41876512438463015,0.1259138598970742,0.0031903885322791745,0.024340860454377767,0.02126925930113436,0.02035579469014759,0.002148223888810696,0.0037461403614715227,0.003581180947548654,0.00012020741258969977,0.41876512438463015,9.875646939803113,0.00984944326977288
0.06,0.04,0.004,10,True,1.530499999999887,1.9980228674304805,8.552281378831188,135.53889421963814,9.308445636110998,0.4602529357301176,0.11371289276271293,0.003704716329310304,0.02038409050395734,0.026225787476039677,0.003908196843223018,0.0015384138493096946,0.0014077588120615199,0.0030671094393433934,9.771745351894099e-05,0.4602529357301176,10.716444487502452,0.013253329063847984
0.06,0.04,0.004,11,True,1.275499999999915,1.0280176233055558,5.997004093973544,140.4953169696539,9.64586333639254,0.1627414728585014,0.040719823227701804,0.0008758319652234292,0.03496389312200575,0.021232963867713863,0.0007510764828339755,0.0004437782537323678,0.0037846330688811086,0.0012112617284625905,1.4211044766893634e-05,0.5146261591423446,10.17437259788254,0.00868993123729791
0.06,0.04,0.004,12,True,1.240499999999919,0.5174803470812418,2.2352973350866394,130.133964298292,9.456732823901742,0.2425319254137098,0.06603839936152586,0.0010838336019541883,0.057337647142971224,0.012165048459874749,0.004693838148510661,0.0010496677217878725,0.0016916237397697179,0.003011337228318354,1.3656639817761454e-05,0.5092161748652868,10.556601227494834,0.005028270321866201
0.06,0.04,0.004,13,True,1.2054999999999227,0.7691895254863618,3.727498101803474,121.00608313348074,9.233176734971108,0.44848441297421443,0.09128341627811841,0.0031602170290511893,0.05276512574660295,0.025842514773255526,0.0068446497361148734,0.00023159837315526422,0.00383939734133819,0.0028413750731413057,1.0071496504630682e-05,0.5106823465188471,10.761548012689753,0.007862966041661704
0.06,0.04,0.004,14,True,1.575499999999882,1.3949778938293527,6.367111780903853,122.00093690808855,9.373756694071323,0.46458555040672866,0.08812880710453037,0.002979344988679685,0.028047333341712825,0.023460264722805206,0.022517857178019643,0.001923952442364494,0.002645089626439942,0.00328694026759358,6.957465863408183e-05,0.46458555040672866,10.094407449984567,0.012463223600913117
0.06,0.04,0.004,15,True,1.1954999999999238,0.11109799588163674,0.386089735284384,118.53255177518544,9.409556786204348,0.36752390472709123,0.09314064759349079,0.002341415082513897,0.05079085556680287,0.015576948671442846,0.001173860694578235,0.001714791771101193,0.0014387362801707927,0.0031563141306264137,2.547831869663868e-05,0.4635290062633226,10.747204198879444,0.012814660277720307
0.06,0.04,0.008,0,True,1.1904999999999244,0.1370361225486839,0.43749160216076155,109.58634316441017,9.566845327893088,0.4130840458057992,0.1319233767962766,0.0021244856490258636,0.023489335688193516,0.008901417526596284,0.00043269248631363886,0.0024398107176008175,0.0037382667318331653,0.0028199073273015396,7.210319823797473e-05,0.47253699911240404,10.68108713915643,0.013158535541215322
0.06,0.04,0.008,1,True,1.14049999999993,0.12133854350355987,0.27573437763683284,102.7670993953964,8.294720709120625,0.3351313964438206,0.09393981917577725,0.001708156019624724,0.057523184816296764,0.011171511479831942,0.0248355844496532,0.0009354943560314564,0.0022699793469177273,0.0034831077814613254,3.0286949087099423e-05,0.4731577435179982,9.212803007193706,0.012535131086748067
0.06,0.04,0.008,2,True,1.2654999999999161,0.8547171446458189,4.60367486989431,133.0251173033411,9.871408097788416,0.3204516466678652,0.03544222987080072,0.0011044052733180985,0.024924557170706164,0.025912966293074165,0.0024063537379950413,0.001800301577896962,0.003185681580435384,0.0015637032200998104,1.161067493821754e-05,0.444596814262228,10.231888726552896,0.010622656627804278
0.06,0.04,0.008,3,True,1.2354999999999194,1.0071584506610212,5.279664923441367,118.8195655355823,9.090686206093848,0.147999108256066,0.029801542757227118,0.0008127017608135093,0.021840525329804985,0.02562803823454073,0.015240966464155783,0.00028238592672119757,0.0022993808207094216,0.0024371538944225023,1.5412303097482646e-05,0.49239602374655833,9.352126819818665,0.008912281904956621
0.06,0.04,0.008,4,True,1.2104999999999222,0.5551785778390851,2.7481832239905057,128.41976721910933,9.199096034418684,0.5066500685155163,0.0874987475194616,0.0036220599140287797,0.03556637764071808,0.02947736152556949,0.002116282156798607,0.0018220674959850889,0.0021294597531318175,0.0034057036209574217,1.60420785683912e-05,0.5066500685155163,10.048268349666515,0.014022150797159886
0.06,0.04,0.008,5,True,1.175499999999926,0.3225894369350434,1.5061536134021807,119.0429711051472,9.17155076139816,0.3915072502864896,0.09702320667402434,0.002847440277994798,0.05039703948682469,0.019337162342927122,0.0074822626339227484,0.0001617921071449693,0.002150106642356555,0.002225419616259996,1.1304406335961537e-05,0.4210708019156255,10.784801797232584,0.011523691115879878
0.06,0.04,0.008,6,True,1.185499999999925,0.08518563392133835,0.2858339811154467,112.70302116447236,8.898107797774855,0.3590651051545048,0.06869849919462642,0.0017884136569469048,0.027163543490666922,0.01611947927549832,0.009804302396366918,0.0029623349705594,0.002898268817821438,0.003022971791513481,2.4438083011449394e-05,0.4867114367610584,9.367174052139356,0.005517292319837753
0.06,0.04,0.008,7,True,1.2104999999999222,1.4995464965348213,7.809381455486146,129.27867774086656,8.91237956839152,0.49889522059021285,0.07337052262382818,0.0020809973356412242,0.05486069004847877,0.025065085185394256,0.005895910446750368,0.0009004988547336763,0.003620660336188786,0.0010157959136967243,9.243566384669972e-05,0.49889522059021285,9.925295980985247,0.008030324268193136
0.06,0.04,0.008,8,True,1.175499999999926,0.6852066267890468,3.6371246308379797,105.31019457231349,8.700030935359289,0.28625767223240045,0.06820030351844118,0.001237666433073275,0.059363842166896275,0.015011638446681368,0.020644162864735433,0.0026096895350886484,0.002173254419617582,0.0023136456193683964,2.7440165521545802e-05,0.4271231740331686,9.94314245206847,0.007413521450846823
0.06,0.04,0.008,9,True,1.530499999999887,0.963696768198579,5.271483146798934,128.87567911903363,9.033291063289989,0.41876512438463015,0.10693533019840226,0.0031903885322791745,0.024340860454377767,0.02126925930113436,0.02035579469014759,0.002148223888810696,0.0037461403614715227,0.003581180947548654,0.00012020741258969977,0.41876512438463015,9.875646939803113,0.00984944326977288
0.06,0.04,0.008,10,True,1.5604999999998836,1.0322321191374262,4.636989810651617,132.0592012273729,9.305403472203464,0.4602529357301176,0.09423903645979956,0.003704716329310304,0.02038409050395734,0.026225787476039677,0.003908196843223018,0.0015384138493096946,0.0014077588120615199,0.0030671094393433934,9.771745351894099e-05,0.4602529357301176,10.716444487502452,0.013253329063847984
0.06,0.04,0.008,11,True,1.2904999999999134,1.0069036618926568,5.879115384055288,135.44241319567018,9.637070696074383,0.20400880330407972,0.041195973519923546,0.0008758319652234292,0.03496389312200575,0.021232963867713863,0.0007510764828339755,0.0004437782537323678,0.0037846330688811086,0.0012112617284625905,1.4211044766893634e-05,0.5146261591423446,10.17437259788254,0.00868993123729791
0.06,0.04,0.008,12,True,1.2704999999999156,0.47592398868165225,1.966690421576337,128.2837876853225,9.449231962540518,0.46752462093680147,0.06629682730267264,0.0010838336019541883,0.057337647142971224,0.012165048459874749,0.004693838148510661,0.0010496677217878725,0.0016916237397697179,0.003011337228318354,1.3656639817761454e-05,0.5092161748652868,10.556601227494834,0.005028270321866201
0.06,0.04,0.008,13,True,1.2154999999999216,0.7076172979116193,3.441386485974991,121.03340274667019,9.230253464978727,0.44888858961270567,0.09097322858050633,0.0031602170290511893,0.05276512574660295,0.025842514773255526,0.0068446497361148734,0.00023159837315526422,0.00383939734133819,0.0028413750731413057,1.0071496504630682e-05,0.5106823465188471,10.761548012689753,0.007862966041661704
0.06,0.04,0.008,14,True,1.185499999999925,0.6842894498185067,3.5557140562664062,121.82993811221,9.366987628483544,0.4335263486294774,0.08263537134991109,0.002979344988679685,0.028047333341712825,0.023460264722805206,0.022517857178019643,0.001923952442364494,0.002645089626439942,0.00328694026759358,6.957465863408183e-05,0.46458555040672866,10.094407449984567,0.012463223600913117
0.06,0.04,0.008,15,True,1.2054999999999227,0.09649900550422379,0.22912839427853113,118.0761280687131,9.384199038190562,0.37620702617549767,0.09636291132807362,0.002341415082513897,0.05079085556680287,0.015576948671442846,0.001173860694578235,0.001714791771101193,0.0014387362801707927,0.0031563141306264137,2.547831869663868e-05,0.4635290062633226,10.747204198879444,0.012814660277720307
0.06,0.05,0.0,0,False,inf,144.04024911072827,28.967592219363695,149.47287663908406,9.875099751949135,0.3186754501932793,0.21647615539022433,0.0021244856490258636,0.023489335688193516,0.008901417526596284,0.00043269248631363886,0.0024398107176008175,0.0037382667318331653,0.0028199073273015396,7.210319823797473e-05,0.47253699911240404,10.68108713915643,0.013158535541215322
0.06,0.05,0.0,1,False,inf,119.79387861428802,26.64265381372045,113.24031039251298,8.270548643638866,0.3163492941645217,0.16726288380634133,0.001708156019624724,0.057523184816296764,0.011171511479831942,0.0248355844496532,0.0009354943560314564,0.0022699793469177273,0.0034831077814613254,3.0286949087099423e-05,0.4731577435179982,9.212803007193706,0.012535131086748067
0.06,0.05,0.0,2,False,inf,108.31912300590288,22.969924995327865,118.31626746830011,9.866072885890768,0.18493164570549953,0.10375985071515645,0.0011044052733180985,0.024924557170706164,0.025912966293074165,0.0024063537379950413,0.001800301577896962,0.003185681580435384,0.0015637032200998104,1.161067493821754e-05,0.444596814262228,10.231888726552896,0.010622656627804278
0.06,0.05,0.0,3,False,inf,112.72514990519706,26.882120308781396,98.46647850693047,9.10248804903978,0.14718470693363037,0.0814085436202855,0.0008127017608135093,0.021840525329804985,0.02562803823454073,0.015240966464155783,0.00028238592672119757,0.0022993808207094216,0.0024371538944225023,1.5412303097482646e-05,0.49239602374655833,9.352126819818665,0.008912281904956621
0.06,0.05,0.0,4,False,inf,114.88168087465542,23.899960533491015,112.20496876293929,8.757200989951368,0.5026891674176881,0.27416834755380404,0.0036220599140287797,0.03556637764071808,0.02947736152556949,0.002116282156798607,0.0018220674959850889,0.0021294597531318175,0.0034057036209574217,1.60420785683912e-05,0.5066500685155163,10.048268349666515,0.014022150797159886
0.06,0.05,0.0,5,False,inf,109.65638324002798,21.94893705689518,94.29643070752675,8.777845369634406,0.3938897273791926,0.23945884566003686,0.002847440277994798,0.05039703948682469,0.019337162342927122,0.0074822626339227484,0.0001617921071449693,0.002150106642356555,0.002225419616259996,1.1304406335961537e-05,0.4210708019156255,10.784801797232584,0.011523691115879878
0.06,0.05,0.0,6,False,inf,112.55668616550862,25.892778702600364,94.81674197429294,8.846980162428098,0.28342021696123487,0.17798644697441668,0.0017884136569469048,0.027163543490666922,0.01611947927549832,0.009804302396366918,0.0029623349705594,0.002898268817821438,0.003022971791513481,2.4438083011449394e-05,0.4867114367610584,9.367174052139356,0.005517292319837753
0.06,0.05,0.0,7,False,inf,179.78447452645904,160.96714431900045,1513.196647859462,8.912183547471711,0.24833464565673555,0.07260748089869667,0.0020809973356412242,0.05486069004847877,0.025065085185394256,0.005895910446750368,0.0009004988547336763,0.003620660336188786,0.0010157959136967243,9.243566384669972e-05,0.49889522059021285,9.925295980985247,0.008030324268193136
0.06,0.05,0.0,8,False,inf,115.28293650900122,25.897553444656676,95.73199597028942,8.664161544663848,0.24008973581342588,0.1306584408596163,0.001237666433073275,0.059363842166896275,0.015011638446681368,0.020644162864735433,0.0026096895350886484,0.002173254419617582,0.0023136456193683964,2.7440165521545802e-05,0.4271231740331686,9.94314245206847,0.007413521450846823
0.06,0.05,0.0,9,False,inf,179.72444671400575,68.86873207753018,1620.0122519298764,8.951140542367396,0.3127046885884086,0.08722131025875263,0.0031903885322791745,0.024340860454377767,0.02126925930113436,0.02035579469014759,0.002148223888810696,0.0037461403614715227,0.003581180947548654,0.00012020741258969977,0.41876512438463015,9.875646939803113,0.00984944326977288
0.06,0.05,0.0,10,False,inf,179.65584963680473,105.30742116423718,1383.376329074473,9.271559684375573,0.3474409597775456,0.09476631483372001,0.003704716329310304,0.02038409050395734,0.026225787476039677,0.003908196843223018,0.0015384138493096946,0.0014077588120615199,0.0030671094393433934,9.771745351894099e-05,0.4602529357301176,10.716444487502452,0.013253329063847984
0.06,0.05,0.0,11,False,inf,109.33515514225739,33.48652789818754,110.96368587819777,9.6474105177417,0.16184803287923938,0.09137503734209167,0.0008758319652234292,0.03496389312200575,0.021232963867713863,0.0007510764828339755,0.0004437782537323678,0.0037846330688811086,0.0012112617284625905,1.4211044766893634e-05,0.5146261591423446,10.17437259788254,0.00868993123729791
0.06,0.05,0.0,12,False,inf,101.73526249037741,13.964921749129928,107.03803275822746,9.450207963819079,0.22229760102058133,0.12402157521888209,0.0010838336019541883,0.057337647142971224,0.012165048459874749,0.004693838148510661,0.0010496677217878725,0.0016916237397697179,0.003011337228318354,1.3656639817761454e-05,0.5092161748652868,10.556601227494834,0.005028270321866201
0.06,0.05,0.0,13,False,inf,111.96545882549259,23.75705351197258,105.964125819915,9.024485758978253,0.45413530807006414,0.2625260891676522,0.0031602170290511893,0.05276512574660295,0.025842514773255526,0.0068446497361148734,0.00023159837315526422,0.00383939734133819,0.0028413750731413057,1.0071496504630682e-05,0.5106823465188471,10.761548012689753,0.007862966041661704
0.06,0.05,0.0,14,False,inf,179.8136710152498,38.01242056087513,1428.0848428635563,9.094099741235821,0.34635165008254976,0.0766929463746982,0.002979344988679685,0.028047333341712825,0.023460264722805206,0.022517857178019643,0.001923952442364494,0.002645089626439942,0.00328694026759358,6.957465863408183e-05,0.46458555040672866,10.094407449984567,0.012463223600913117
0.06,0.05,0.0,15,False,inf,114.67949531030864,25.290561765538715,104.75538347662915,9.19583391973552,0.3742468100571031,0.216733182651564,0.002341415082513897,0.05079085556680287,0.015576948671442846,0.001173860694578235,0.001714791771101193,0.0014387362801707927,0.0031563141306264137,2.547831869663868e-05,0.4635290062633226,10.747204198879444,0.012814660277720307
0.06,0.05,0.002,0,True,1.240499999999919,0.6461140237419312,3.287718866707016,184.59449987550732,9.575581016780019,0.3887151203262246,0.10521426597660088,0.0021244856490258636,0.023489335688193516,0.008901417526596284,0.00043269248631363886,0.0024398107176008175,0.0037382667318331653,0.0028199073273015396,7.210319823797473e-05,0.47253699911240404,10.68108713915643,0.013158535541215322
0.06,0.05,0.002,1,True,1.175499999999926,0.11307667820830286,0.22074645941414073,114.53919734803841,8.30494995932295,0.314759366110194,0.07638580775797818,0.001708156019624724,0.057523184816296764,0.011171511479831942,0.0248355844496532,0.0009354943560314564,0.0022699793469177273,0.0034831077814613254,3.0286949087099423e-05,0.4731577435179982,9.212803007193706,0.012535131086748067
0.06,0.05,0.002,2,True,0.9604999999999496,1.1873818193933394,5.374579788427801,125.7457291130434,9.884607173825891,0.23698041405285436,0.03386056356287291,0.0011044052733180985,0.024924557170706164,0.025912966293074165,0.0024063537379950413,0.001800301577896962,0.003185681580435384,0.0015637032200998104,1.161067493821754e-05,0.444596814262228,10.231888726552896,0.010622656627804278
0.06,0.05,0.002,3,True,0.9404999999999518,1.5011822168890891,6.326360128543257,118.52476625301503,9.100317001074947,0.18027566142336998,0.02831700638634499,0.0008127017608135093,0.021840525329804985,0.02562803823454073,0.015240966464155783,0.00028238592672119757,0.0022993808207094216,0.0024371538944225023,1.5412303097482646e-05,0.49239602374655833,9.352126819818665,0.008912281904956621
0.06,0.05,0.002,4,True,1.2054999999999227,1.1429043331383804,4.321121207565964,115.06399680593142,9.092492644815083,0.4993117558620298,0.07822519828877214,0.0036220599140287797,0.03556637764071808,0.02947736152556949,0.002116282156798607,0.0018220674959850889,0.0021294597531318175,0.0034057036209574217,1.60420785683912e-05,0.5066500685155163,10.048268349666515,0.014022150797159886
0.06,0.05,0.002,5,True,1.2104999999999222,0.5514927083848543,2.4231951911674026,110.30670312483133,9.168719526761683,0.38856069388988285,0.08562507912450457,0.002847440277994798,0.05039703948682469,0.019337162342927122,0.0074822626339227484,0.0001617921071449693,0.002150106642356555,0.002225419616259996,1.1304406335961537e-05,0.4210708019156255,10.784801797232584,0.011523691115879878
0.06,0.05,0.002,6,True,0.8904999999999573,0.14750373407469855,0.5473875620834133,107.28828606801767,8.91019703926479,0.32586895129759647,0.054387835222269705,0.0017884136569469048,0.027163543490666922,0.01611947927549832,0.009804302396366918,0.0029623349705594,0.002898268817821438,0.003022971791513481,2.4438083011449394e-05,0.4867114367610584,9.367174052139356,0.005517292319837753
0.06,0.05,0.002,7,True,1.4104999999999002,4.286617382899198,15.632706186169546,161.6131400645838,8.889072489322484,0.49889522059021285,0.09460940550138383,0.0020809973356412242,0.05486069004847877,0.025065085185394256,0.005895910446750368,0.0009004988547336763,0.003620660336188786,0.0010157959136967243,9.243566384669972e-05,0.49889522059021285,9.925295980985247,0.008030324268193136
0.06,0.05,0.002,8,True,0.8554999999999612,0.9462383089229441,4.584944885103925,100.43160706186931,8.706966178593238,0.23999896393153436,0.06393331187758265,0.001237666433073275,0.059363842166896275,0.015011638446681368,0.020644162864735433,0.0026096895350886484,0.002173254419617582,0.0023136456193683964,2.7440165521545802e-05,0.4271231740331686,9.94314245206847,0.007413521450846823
0.06,0.05,0.002,9,False,7.960499999998308,47.62398605804804,63.86282503992288,260.94516202585316,9.499497696514322,0.41876512438463015,0.15367165741063682,0.0031903885322791745,0.024340860454377767,0.02126925930113436,0.02035579469014759,0.002148223888810696,0.0037461403614715227,0.003581180947548654,0.00012020741258969977,0.41876512438463015,9.875646939803113,0.00984944326977288
0.06,0.05,0.002,10,False,9.37049999999996,66.32863321432305,133.0864740682484,1155.2665318565562,9.710421650947943,0.4602529357301176,0.17704666770100883,0.003704716329310304,0.02038409050395734,0.026225787476039677,0.003908196843223018,0.0015384138493096946,0.0014077588120615199,0.0030671094393433934,9.771745351894099e-05,0.4602529357301176,10.716444487502452,0.013253329063847984
0.06,0.05,0.002,11,True,0.9554999999999502,1.3301070662639127,6.215118964600978,124.76813015637175,9.647478918815704,0.23273650999718862,0.03735368747027473,0.0008758319652234292,0.03496389312200575,0.021232963867713863,0.0007510764828339755,0.0004437782537323678,0.0037846330688811086,0.0012112617284625905,1.4211044766893634e-05,0.5146261591423446,10.17437259788254,0.00868993123729791
0.06,0.05,0.002,12,True,0.875499999999959,0.6140959062775132,2.481757882497637,113.56986519223231,9.459211964280618,0.3767437822908789,0.06073556934315051,0.0010838336019541883,0.057337647142971224,0.012165048459874749,0.004693838148510661,0.0010496677217878725,0.0016916237397697179,0.003011337228318354,1.3656639817761454e-05,0.5092161748652868,10.556601227494834,0.005028270321866201
0.06,0.05,0.002,13,True,1.2554999999999172,1.0427747041546371,4.240827266436235,122.18109382364594,9.234563619510832,0.49153327020708776,0.07916572210637636,0.0031602170290511893,0.05276512574660295,0.025842514773255526,0.0068446497361148734,0.00023159837315526422,0.00383939734133819,0.0028413750731413057,1.0071496504630682e-05,0.5106823465188471,10.761548012689753,0.007862966041661704
0.06,0.05,0.002,14,True,1.185499999999925,2.6263842186565234,9.337488688231707,114.87131703692503,9.374055168464244,0.4356133898192531,0.09256399563184825,0.002979344988679685,0.028047333341712825,0.023460264722805206,0.022517857178019643,0.001923952442364494,0.002645089626439942,0.00328694026759358,6.957465863408183e-05,0.46458555040672866,10.094407449984567,0.012463223600913117
0.06,0.05,0.002,15,True,0.8854999999999579,0.1097898995133055,0.1816950906755837,111.73748494455764,9.388179827537199,0.36896894162506616,0.07784906995327752,0.002341415082513897,0.05079085556680287,0.015576948671442846,0.001173860694578235,0.001714791771101193,0.0014387362801707927,0.0031563141306264137,2.547831869663868e-05,0.4635290062633226,10.747204198879444,0.012814660277720307
0.06,0.05,0.004,0,True,0.8604999999999606,0.16026851429536873,0.4853596852176442,109.41212335430416,9.50084693186811,0.35088063402144665,0.10579445606660269,0.0021244856490258636,0.023489335688193516,0.008901417526596284,0.00043269248631363886,0.0024398107176008175,0.0037382667318331653,0.0028199073273015396,7.210319823797473e-05,0.47253699911240404,10.68108713915643,0.013158535541215322
0.06,0.05,0.004,1,True,1.2354999999999194,0.09918344227557539,0.24085792280107945,121.64388242710528,8.298219503862441,0.3147721534734276,0.07909875720093981,0.001708156019624724,0.057523184816296764,0.011171511479831942,0.0248355844496532,0.0009354943560314564,0.0022699793469177273,0.0034831077814613254,3.0286949087099423e-05,0.4731577435179982,9.212803007193706,0.012535131086748067
0.06,0.05,0.004,2,True,0.9804999999999474,1.0522958597973329,4.820819274691776,130.0857904327767,9.877613752067704,0.24018762674110686,0.034041431849605404,0.0011044052733180985,0.024924557170706164,0.025912966293074165,0.0024063537379950413,0.001800301577896962,0.003185681580435384,0.0015637032200998104,1.161067493821754e-05,0.444596814262228,10.231888726552896,0.010622656627804278
0.06,0.05,0.004,3,True,0.9554999999999502,1.2894998717085273,5.735772249672798,118.41565434723321,9.094544531720562,0.17816054736138687,0.027993007002073807,0.0008127017608135093,0.021840525329804985,0.02562803823454073,0.015240966464155783,0.00028238592672119757,0.0022993808207094216,0.0024371538944225023,1.5412303097482646e-05,0.49239602374655833,9.352126819818665,0.008912281904956621
0.06,0.05,0.004,4,True,1.2254999999999205,0.769411920127711,3.225042288510986,132.00405309404272,9.171032710991602,0.4996268732760133,0.07518837375010723,0.0036220599140287797,0.03556637764071808,0.02947736152556949,0.002116282156798607,0.0018220674959850889,0.0021294597531318175,0.0034057036209574217,1.60420785683912e-05,0.5066500685155163,10.048268349666515,0.014022150797159886
0.06,0.05,0.004,5,True,1.2354999999999194,0.5066223615531469,2.1517259846699317,117.88025524423017,9.171430855438597,0.4071108783574428,0.0854334311781232,0.002847440277994798,0.05039703948682469,0.019337162342927122,0.0074822626339227484,0.0001617921071449693,0.002150106642356555,0.002225419616259996,1.1304406335961537e-05,0.4210708019156255,10.784801797232584,0.011523691115879878
0.06,0.05,0.004,6,True,0.9054999999999557,0.12362683232469471,0.47548088757138823,107.74765073796499,8.902621228866911,0.37685867732304285,0.05788116963593569,0.0017884136569469048,0.027163543490666922,0.01611947927549832,0.009804302396366918,0.0029623349705594,0.002898268817821438,0.003022971791513481,2.4438083011449394e-05,0.4867114367610584,9.367174052139356,0.005517292319837753
0.06,0.05,0.004,7,True,1.2354999999999194,2.6050519671521926,10.340106266695864,121.94515629037556,8.907885751135831,0.32171063796172716,0.07554293258791038,0.0020809973356412242,0.05486069004847877,0.025065085185394256,0.005895910446750368,0.0009004988547336763,0.003620660336188786,0.0010157959136967243,9.243566384669972e-05,0.49889522059021285,9.925295980985247,0.008030324268193136
0.06,0.05,0.004,8,True,0.8904999999999573,0.8639266807330497,4.064570047323405,105.30485031892383,8.704744493382613,0.24065070328311786,0.0634270342474811,0.001237666433073275,0.059363842166896275,0.015011638446681368,0.020644162864735433,0.0026096895350886484,0.002173254419617582,0.0023136456193683964,2.7440165521545802e-05,0.4271231740331686,9.94314245206847,0.007413521450846823
0.06,0.05,0.004,9,True,1.185499999999925,2.2071855248970453,8.714722145124565,125.1239371288563,9.025139879767679,0.41876512438463015,0.10131339485058952,0.0031903885322791745,0.024340860454377767,0.02126925930113436,0.02035579469014759,0.002148223888810696,0.0037461403614715227,0.003581180947548654,0.00012020741258969977,0.41876512438463015,9.875646939803113,0.00984944326977288
0.06,0.05,0.004,10,True,1.1954999999999238,2.025192539130488,7.459935676391108,118.68014392523676,9.299795759213293,0.4602529357301176,0.09018779209516686,0.003704716329310304,0.02038409050395734,0.026225787476039677,0.003908196843223018,0.0015384138493096946,0.0014077588120615199,0.0030671094393433934,9.771745351894099e-05,0.4602529357301176,10.716444487502452,0.013253329063847984
0.06,0.05,0.004,11,True,0.9654999999999491,1.2408654106969756,6.002702312398377,124.91861353170884,9.640693381262361,0.2516248646456316,0.03782986196758692,0.0008758319652234292,0.03496389312200575,0.021232963867713863,0.0007510764828339755,0.0004437782537323678,0.0037846330688811086,0.0012112617284625905,1.4211044766893634e-05,0.5146261591423446,10.17437259788254,0.00868993123729791
0.06,0.05,0.004,12,True,0.8904999999999573,0.6147405753776035,2.3202741545057544,116.35161867220393,9.450725100925757,0.3804096104078793,0.06183426128270636,0.0010838336019541883,0.057337647142971224,0.012165048459874749,0.004693838148510661,0.0010496677217878725,0.0016916237397697179,0.003011337228318354,1.3656639817761454e-05,0.5092161748652868,10.556601227494834,0.005028270321866201
0.06,0.05,0.004,13,True,0.920499999999954,0.932025414877293,3.7902742921033186,120.04738334437474,9.232548411959714,0.45143186544717095,0.07981434925260131,0.0031602170290511893,0.05276512574660295,0.025842514773255526,0.0068446497361148734,0.00023159837315526422,0.00383939734133819,0.0028413750731413057,1.0071496504630682e-05,0.5106823465188471,10.761548012689753,0.007862966041661704
0.06,0.05,0.004,14,True,1.2254999999999205,1.4172506437509513,5.701511806221487,117.253786053586,9.369435183150118,0.43555616165062055,0.07654174928976624,0.002979344988679685,0.028047333341712825,0.023460264722805206,0.022517857178019643,0.001923952442364494,0.002645089626439942,0.00328694026759358,6.957465863408183e-05,0.46458555040672866,10.094407449984567,0.012463223600913117
0.06,0.05,0.004,15,True,0.920499999999954,0.10334518980560789,0.44007211214721675,116.43477332308565,9.374531616810225,0.4486677987778387,0.07887805745538198,0.002341415082513897,0.05079085556680287,0.015576948671442846,0.001173860694578235,0.001714791771101193,0.0014387362801707927,0.0031563141306264137,2.547831869663868e-05,0.4635290062633226,10.747204198879444,0.012814660277720307
0.06,0.05,0.008,0,True,0.875499999999959,0.14260766196165614,0.3875003215142667,109.54641621078305,9.497125646465218,0.47253699911240404,0.10780864162495382,0.0021244856490258636,0.023489335688193516,0.008901417526596284,0.00043269248631363886,0.0024398107176008175,0.0037382667318331653,0.0028199073273015396,7.210319823797473e-05,0.47253699911240404,10.68108713915643,0.013158535541215322
0.06,0.05,0.008,1,True,1.23049999999992,0.13298944119293807,0.27996910217739396,109.40325894248508,8.284811289116849,0.31534878826705715,0.07785272860973193,0.001708156019624724,0.057523184816296764,0.011171511479831942,0.0248355844496532,0.0009354943560314564,0.0022699793469177273,0.0034831077814613254,3.0286949087099423e-05,0.4731577435179982,9.212803007193706,0.012535131086748067
0.06,0.05,0.008,2,True,0.9904999999999463,0.9767696581677745,4.6400506828066295,133.51257159976473,9.866088427987787,0.25682591956723727,0.032666374500920116,0.0011044052733180985,0.024924557170706164,0.025912966293074165,0.0024063537379950413,0.001800301577896962,0.003185681580435384,0.0015637032200998104,1.161067493821754e-05,0.444596814262228,10.231888726552896,0.010622656627804278
0.06,0.05,0.008,3,True,0.9454999999999513,1.1527338411746892,5.464594653061955,118.33836429832161,9.083000380783695,0.1678989865149856,0.026519917952565027,0.0008127017608135093,0.021840525329804985,0.02562803823454073,0.015240966464155783,0.00028238592672119757,0.0022993808207094216,0.0024371538944225023,1.5412303097482646e-05,0.49239602374655833,9.352126819818665,0.008912281904956621
0.06,0.05,0.008,4,True,1.2454999999999183,0.6624146131374632,2.788024121645469,132.11153726748165,9.186617135722841,0.49923680789394514,0.07620661229754089,0.0036220599140287797,0.03556637764071808,0.02947736152556949,0.002116282156798607,0.0018220674959850889,0.0021294597531318175,0.0034057036209574217,1.60420785683912e-05,0.5066500685155163,10.048268349666515,0.014022150797159886
0.06,0.05,0.008,5,True,1.2454999999999183,0.4424567030302895,1.929188287751946,110.35575955285326,9.166939422235991,0.40586008737399965,0.08650624124317062,0.002847440277994798,0.05039703948682469,0.019337162342927122,0.0074822626339227484,0.0001617921071449693,0.002150106642356555,0.002225419616259996,1.1304406335961537e-05,0.4210708019156255,10.784801797232584,0.011523691115879878
0.06,0.05,0.008,6,True,0.9254999999999535,0.14119025015470935,0.502405495750543,113.73507160962055,8.887532649753128,0.3974379476012908,0.056665903874686605,0.0017884136569469048,0.027163543490666922,0.01611947927549832,0.009804302396366918,0.0029623349705594,0.002898268817821438,0.003022971791513481,2.4438083011449394e-05,0.4867114367610584,9.367174052139356,0.005517292319837753
0.06,0.05,0.008,7,True,1.2554999999999172,1.6291463517390576,7.290581826919682,127.95320353539185,8.901611604823344,0.4533918864636331,0.06498511667871476,0.0020809973356412242,0.05486069004847877,0.025065085185394256,0.005895910446750368,0.0009004988547336763,0.003620660336188786,0.0010157959136967243,9.243566384669972e-05,0.49889522059021285,9.925295980985247,0.008030324268193136
0.06,0.05,0.008,8,True,0.8904999999999573,0.8119567676667271,3.73008739674578,105.15694315100087,8.688465202387336,0.250018052743883,0.06517230525854606,0.001237666433073275,0.059363842166896275,0.015011638446681368,0.020644162864735433,0.0026096895350886484,0.002173254419617582,0.0023136456193683964,2.7440165521545802e-05,0.4271231740331686,9.94314245206847,0.007413521450846823
0.06,0.05,0.008,9,True,1.1804999999999255,0.9073124748262433,3.827277803248418,115.82424878761105,9.025600331952385,0.41876512438463015,0.08923903417816213,0.0031903885322791745,0.024340860454377767,0.02126925930113436,0.02035579469014759,0.002148223888810696,0.0037461403614715227,0.003581180947548654,0.00012020741258969977,0.41876512438463015,9.875646939803113,0.00984944326977288
0.06,0.05,0.008,10,True,1.220499999999921,1.0676809355696208,4.140589842807427,118.60185763332706,9.295735777504019,0.4602529357301176,0.07776130859312223,0.003704716329310304,0.02038409050395734,0.026225787476039677,0.003908196843223018,0.0015384138493096946,0.0014077588120615199,0.0030671094393433934,9.771745351894099e-05,0.4602529357301176,10.716444487502452,0.013253329063847984
0.06,0.05,0.008,11,True,0.9704999999999485,1.1753208344978248,6.197087444235711,125.89499901725573,9.627669963465383,0.25352814818064906,0.038464471384989686,0.0008758319652234292,0.03496389312200575,0.021232963867713863,0.0007510764828339755,0.0004437782537323678,0.0037846330688811086,0.0012112617284625905,1.4211044766893634e-05,0.5146261591423446,10.17437259788254,0.00868993123729791
0.06,0.05,0.008,12,True,0.9054999999999557,0.5893401011187257,2.220280265393995,117.49972467210038,9.438980339476812,0.3667287469560649,0.062130479034484855,0.0010838336019541883,0.057337647142971224,0.012165048459874749,0.004693838148510661,0.0010496677217878725,0.0016916237397697179,0.003011337228318354,1.3656639817761454e-05,0.5092161748652868,10.556601227494834,0.005028270321866201
0.06,0.05,0.008,13,True,0.9304999999999529,0.8647709116206856,3.502438323920123,119.54948426328639,9.228351135647621,0.4517376850111455,0.07902049365007482,0.0031602170290511893,0.05276512574660295,0.025842514773255526,0.0068446497361148734,0.00023159837315526422,0.00383939734133819,0.0028413750731413057,1.0071496504630682e-05,0.5106823465188471,10.761548012689753,0.007862966041661704
0.06,0.05,0.008,14,True,1.240499999999919,0.7519625058539703,3.242660890577436,114.73708816386177,9.358480992449223,0.4354347736788582,0.06988762278525046,0.002979344988679685,0.028047333341712825,0.023460264722805206,0.022517857178019643,0.001923952442364494,0.002645089626439942,0.00328694026759358,6.957465863408183e-05,0.46458555040672866,10.094407449984567,0.012463223600913117
0.06,0.05,0.008,15,True,0.9304999999999529,0.10021449200282674,0.21961766240435354,116.73098376487496,9.370662315117611,0.44080065141494357,0.08114671447247465,0.002341415082513897,0.05079085556680287,0.015576948671442846,0.001173860694578235,0.001714791771101193,0.0014387362801707927,0.0031563141306264137,2.547831869663868e-05,0.4635290062633226,10.747204198879444,0.012814660277720307
0.06,0.06,0.0,0,False,inf,134.27995918508853,29.580642014962333,136.55366416500434,9.875074501638654,0.3210178267381087,0.21572915186652106,0.0021244856490258636,0.023489335688193516,0.008901417526596284,0.00043269248631363886,0.0024398107176008175,0.0037382667318331653,0.0028199073273015396,7.210319823797473e-05,0.47253699911240404,10.68108713915643,0.013158535541215322
0.06,0.06,0.0,1,False,inf,103.04862391333316,14.90940976176971,93.50076863449812,8.24859225267531,0.32697655552452726,0.20093175676488512,0.001708156019624724,0.057523184816296764,0.011171511479831942,0.0248355844496532,0.0009354943560314564,0.0022699793469177273,0.0034831077814613254,3.0286949087099423e-05,0.4731577435179982,9.212803007193706,0.012535131086748067
0.06,0.06,0.0,2,False,inf,101.68364606810661,25.134441366256418,101.3165741859108,9.85622550357671,0.18624835834305883,0.09410180760806851,0.0011044052733180985,0.024924557170706164,0.025912966293074165,0.0024063537379950413,0.001800301577896962,0.003185681580435384,0.0015637032200998104,1.161067493821754e-05,0.444596814262228,10.231888726552896,0.010622656627804278
0.06,0.06,0.0,3,False,inf,105.69168214613684,38.961172970171205,104.06599085117185,9.101700122774906,0.1485261050031665,0.07788933392790698,0.0008127017608135093,0.021840525329804985,0.02562803823454073,0.015240966464155783,0.00028238592672119757,0.0022993808207094216,0.0024371538944225023,1.5412303097482646e-05,0.49239602374655833,9.352126819818665,0.008912281904956621
0.06,0.06,0.0,4,False,inf,110.73436841071029,21.403312133510266,98.93862786141946,8.752891770415443,0.4979364493487384,0.2810115200972307,0.0036220599140287797,0.03556637764071808,0.02947736152556949,0.002116282156798607,0.0018220674959850889,0.0021294597531318175,0.0034057036209574217,1.60420785683912e-05,0.5066500685155163,10.048268349666515,0.014022150797159886
0.06,0.06,0.0,5,False,inf,94.41037746266622,10.891265640994964,100.98821198774758,8.798946544985128,0.394426145059925,0.2136827651830199,0.002847440277994798,0.05039703948682469,0.019337162342927122,0.0074822626339227484,0.0001617921071449693,0.002150106642356555,0.002225419616259996,1.1304406335961537e-05,0.4210708019156255,10.784801797232584,0.011523691115879878
0.06,0.06,0.0,6,False,inf,101.07829039654955,13.657528385168657,103.13734193972394,8.844284844606928,0.28710030054641505,0.17339686570419763,0.0017884136569469048,0.027163543490666922,0.01611947927549832,0.009804302396366918,0.0029623349705594,0.002898268817821438,0.003022971791513481,2.4438083011449394e-05,0.4867114367610584,9.367174052139356,0.005517292319837753
0.06,0.06,0.0,7,False,inf,179.4920295404929,123.07428095053547,1476.466354668448,8.93400524676411,0.25856853425393256,0.0794273498011523,0.0020809973356412242,0.05486069004847877,0.025065085185394256,0.005895910446750368,0.0009004988547336763,0.003620660336188786,0.0010157959136967243,9.243566384669972e-05,0.49889522059021285,9.925295980985247,0.008030324268193136
0.06,0.06,0.0,8,False,inf,104.30428646867801,17.41432186869557,91.14332027585715,8.653292631656868,0.2431640979364275,0.1422341234165826,0.001237666433073275,0.059363842166896275,0.015011638446681368,0.020644162864735433,0.0026096895350886484,0.002173254419617582,0.0023136456193683964,2.7440165521545802e-05,0.4271231740331686,9.94314245206847,0.007413521450846823
0.06,0.06,0.0,9,False,inf,179.59918913477046,131.40900749527233,1443.1912421185102,9.048322897509431,0.31352069407255306,0.09637843313241835,0.0031903885322791745,0.024340860454377767,0.02126925930113436,0.02035579469014759,0.002148223888810696,0.0037461403614715227,0.003581180947548654,0.00012020741258969977,0.41876512438463015,9.875646939803113,0.00984944326977288
0.06,0.06,0.0,10,False,inf,179.35974415620197,200.27766993542474,1589.2437865603029,9.209378376521357,0.3596013777239054,0.09441957012372974,0.003704716329310304,0.02038409050395734,0.026225787476039677,0.003908196843223018,0.0015384138493096946,0.0014077588120615199,0.0030671094393433934,9.771745351894099e-05,0.4602529357301176,10.716444487502452,0.013253329063847984
0.06,0.06,0.0,11,False,inf,100.7762892948748,19.2427874040077,109.32212935480949,9.647295866685084,0.16318713863520581,0.08328609223235016,0.0008758319652234292,0.03496389312200575,0.021232963867713863,0.0007510764828339755,0.0004437782537323678,0.0037846330688811086,0.0012112617284625905,1.4211044766893634e-05,0.5146261591423446,10.17437259788254,0.00868993123729791
0.06,0.06,0.0,12,False,inf,97.13959625791126,15.905283357614634,91.59171989449165,9.449139538187852,0.22069686922778026,0.10835155794819036,0.0010838336019541883,0.057337647142971224,0.012165048459874749,0.004693838148510661,0.0010496677217878725,0.0016916237397697179,0.003011337228318354,1.3656639817761454e-05,0.5092161748652868,10.556601227494834,0.005028270321866201
0.06,0.06,0.0,13,False,inf,99.48495699946746,16.463851711607614,102.99097083675923,9.01980726644322,0.4513452426994138,0.25936273207765215,0.0031602170290511893,0.05276512574660295,0.025842514773255526,0.0068446497361148734,0.00023159837315526422,0.00383939734133819,0.0028413750731413057,1.0071496504630682e-05,0.5106823465188471,10.761548012689753,0.007862966041661704
0.06,0.06,0.0,14,False,inf,137.7851993038576,26.496774675581467,155.79737969443832,8.843003157335279,0.4446032010257431,0.25994302879389825,0.002979344988679685,0.028047333341712825,0.023460264722805206,0.022517857178019643,0.001923952442364494,0.002645089626439942,0.00328694026759358,6.957465863408183e-05,0.46458555040672866,10.094407449984567,0.012463223600913117
0.06,0.06,0.0,15,False,inf,102.15635313674537,15.452830647098878,104.00218765276368,9.1989228458491,0.3810322766317712,0.23632917385115823,0.002341415082513897,0.05079085556680287,0.015576948671442846,0.001173860694578235,0.001714791771101193,0.0014387362801707927,0.0031563141306264137,2.547831869663868e-05,0.4635290062633226,10.747204198879444,0.012814660277720307
0.06,0.06,0.002,0,True,0.8454999999999623,0.3944202612932284,1.7721485342992673,109.38964309646794,9.50286863153345,0.3167639422205576,0.09030249407742341,0.0021244856490258636,0.023489335688193516,0.008901417526596284,0.00043269248631363886,0.0024398107176008175,0.0037382667318331653,0.0028199073273015396,7.210319823797473e-05,0.47253699911240404,10.68108713915643,0.013158535541215322
0.06,0.06,0.002,1,True,0.8604999999999606,0.11939694132529807,0.2558796040159636,96.75283717202026,8.301363983927354,0.3163258002570436,0.0671064554738659,0.001708156019624724,0.057523184816296764,0.011171511479831942,0.0248355844496532,0.0009354943560314564,0.0022699793469177273,0.0034831077814613254,3.0286949087099423e-05,0.4731577435179982,9.212803007193706,0.012535131086748067
0.06,0.06,0.002,2,True,1.0104999999999442,1.368693589742223,5.233114931911032,123.69310201072274,9.878675846666528,0.350909007117066,0.030313297533514392,0.0011044052733180985,0.024924557170706164,0.025912966293074165,0.0024063537379950413,0.001800301577896962,0.003185681580435384,0.0015637032200998104,1.161067493821754e-05,0.444596814262228,10.231888726552896,0.010622656627804278
0.06,0.06,0.002,3,True,0.9704999999999485,1.6161143079716802,6.27842755179428,115.54576123280924,9.097608710827188,0.24752067267768676,0.025305276658548127,0.0008127017608135093,0.021840525329804985,0.02562803823454073,0.015240966464155783,0.00028238592672119757,0.0022993808207094216,0.0024371538944225023,1.5412303097482646e-05,0.49239602374655833,9.352126819818665,0.008912281904956621
0.06,0.06,0.002,4,True,1.665499999999872,1.135803416722007,4.018372610599309,144.02270796574052,9.088638400890359,0.5066500685155163,0.06897240741485906,0.0036220599140287797,0.03556637764071808,0.02947736152556949,0.002116282156798607,0.0018220674959850889,0.0021294597531318175,0.0034057036209574217,1.60420785683912e-05,0.5066500685155163,10.048268349666515,0.014022150797159886
0.06,0.06,0.002,5,True,0.975499999999948,0.6062196473239376,2.381164170507374,119.2432416228004,9.16754415580747,0.4210708019156255,0.07498563908066257,0.002847440277994798,0.05039703948682469,0.019337162342927122,0.0074822626339227484,0.0001617921071449693,0.002150106642356555,0.002225419616259996,1.1304406335961537e-05,0.4210708019156255,10.784801797232584,0.011523691115879878
0.06,0.06,0.002,6,True,0.9004999999999562,0.16789911656090206,0.5965447272277257,107.21237522999593,8.90644813516115,0.39636597089708875,0.04914709195765015,0.0017884136569469048,0.027163543490666922,0.01611947927549832,0.009804302396366918,0.0029623349705594,0.002898268817821438,0.003022971791513481,2.4438083011449394e-05,0.4867114367610584,9.367174052139356,0.005517292319837753
0.06,0.06,0.002,7,True,0.9104999999999551,4.371655638787493,14.45424680633233,106.1565194272706,8.884601170797689,0.3228117716970655,0.0864240895651268,0.0020809973356412242,0.05486069004847877,0.025065085185394256,0.005895910446750368,0.0009004988547336763,0.003620660336188786,0.0010157959136967243,9.243566384669972e-05,0.49889522059021285,9.925295980985247,0.008030324268193136
0.06,0.06,0.002,8,True,0.875499999999959,0.9805206750886932,4.1705279307928835,100.65381060242835,8.702603607219196,0.31324613672563045,0.05900460938638147,0.001237666433073275,0.059363842166896275,0.015011638446681368,0.020644162864735433,0.0026096895350886484,0.002173254419617582,0.0023136456193683964,2.7440165521545802e-05,0.4271231740331686,9.94314245206847,0.007413521450846823
0.06,0.06,0.002,9,True,1.175499999999926,4.01869636046453,13.507358393212638,114.61987569669141,8.912266034581796,0.41876512438463015,0.10852424791605045,0.0031903885322791745,0.024340860454377767,0.02126925930113436,0.02035579469014759,0.002148223888810696,0.0037461403614715227,0.003581180947548654,0.00012020741258969977,0.41876512438463015,9.875646939803113,0.00984944326977288
0.06,0.06,0.002,10,True,1.2104999999999222,3.6476757558207846,11.16157011554366,115.76565921443968,9.292297925848608,0.4602529357301176,0.10409119653809702,0.003704716329310304,0.02038409050395734,0.026225787476039677,0.003908196843223018,0.0015384138493096946,0.0014077588120615199,0.0030671094393433934,9.771745351894099e-05,0.4602529357301176,10.716444487502452,0.013253329063847984
0.06,0.06,0.002,11,True,0.9454999999999513,1.4782053011747989,6.429530442310087,118.81979061138759,9.643954323112885,0.31868351730681516,0.03611175258947518,0.0008758319652234292,0.03496389312200575,0.021232963867713863,0.0007510764828339755,0.0004437782537323678,0.0037846330688811086,0.0012112617284625905,1.4211044766893634e-05,0.5146261591423446,10.17437259788254,0.00868993123729791
0.06,0.06,0.002,12,True,0.9004999999999562,0.7425834872405487,2.7001156725680286,112.26603673914757,9.456269690016056,0.2409087414038576,0.05825423379107485,0.0010838336019541883,0.057337647142971224,0.012165048459874749,0.004693838148510661,0.0010496677217878725,0.0016916237397697179,0.003011337228318354,1.3656639817761454e-05,0.5092161748652868,10.556601227494834,0.005028270321866201
0.06,0.06,0.002,13,True,1.0554999999999393,1.136671939115553,4.21378192097695,125.08325116800994,9.234626292900284,0.5106823465188471,0.07246318979119164,0.0031602170290511893,0.05276512574660295,0.025842514773255526,0.0068446497361148734,0.00023159837315526422,0.00383939734133819,0.0028413750731413057,1.0071496504630682e-05,0.5106823465188471,10.761548012689753,0.007862966041661704
0.06,0.06,0.002,14,True,0.9404999999999518,2.645799891714872,8.523548276274905,114.7957371800414,9.37104338955022,0.45375876540091326,0.07774137233096841,0.002979344988679685,0.028047333341712825,0.023460264722805206,0.022517857178019643,0.001923952442364494,0.002645089626439942,0.00328694026759358,6.957465863408183e-05,0.46458555040672866,10.094407449984567,0.012463223600913117
0.06,0.06,0.002,15,True,0.9054999999999557,0.18562217577377307,0.4107733866465565,109.1525905403816,9.376197335782969,0.38760792501212865,0.06865838420142152,0.002341415082513897,0.05079085556680287,0.015576948671442846,0.001173860694578235,0.001714791771101193,0.0014387362801707927,0.0031563141306264137,2.547831869663868e-05,0.4635290062633226,10.747204198879444,0.012814660277720307
0.06,0.06,0.004,0,True,0.875499999999959,0.15384218279047468,0.3429582850025209,109.37015794032152,9.500214167494338,0.46400017836053176,0.09276937909898592,0.0021244856490258636,0.023489335688193516,0.008901417526596284,0.00043269248631363886,0.0024398107176008175,0.0037382667318331653,0.0028199073273015396,7.210319823797473e-05,0.47253699911240404,10.68108713915643,0.013158535541215322
0.06,0.06,0.004,1,True,0.8704999999999595,0.09841606324465332,0.16933975746581056,96.66989010378144,8.292223236541654,0.3465786662190166,0.06953486000484527,0.001708156019624724,0.057523184816296764,0.011171511479831942,0.0248355844496532,0.0009354943560314564,0.0022699793469177273,0.0034831077814613254,3.0286949087099423e-05,0.4731577435179982,9.212803007193706,0.012535131086748067
0.06,0.06,0.004,2,True,1.0354999999999415,1.239971532877122,4.919200876734167,125.65945389498067,9.86928085071371,0.3469114418339936,0.031020429235463443,0.0011044052733180985,0.024924557170706164,0.025912966293074165,0.0024063537379950413,0.001800301577896962,0.003185681580435384,0.0015637032200998104,1.161067493821754e-05,0.444596814262228,10.231888726552896,0.010622656627804278
0.06,0.06,0.004,3,True,0.9904999999999463,1.409696945875776,5.686805342528124,118.31933822771828,9.09068907279689,0.25825429802555194,0.02562155915435103,0.0008127017608135093,0.021840525329804985,0.02562803823454073,0.015240966464155783,0.00028238592672119757,0.0022993808207094216,0.0024371538944225023,1.5412303097482646e-05,0.49239602374655833,9.352126819818665,0.008912281904956621
0.06,0.06,0.004,4,True,2.5705000000000258,0.8934302250626596,3.2073306519370126,465.86021172832795,9.602152362224485,0.5066500685155163,0.06834850083835813,0.0036220599140287797,0.03556637764071808,0.02947736152556949,0.002116282156798607,0.0018220674959850889,0.0021294597531318175,0.0034057036209574217,1.60420785683912e-05,0.5066500685155163,10.048268349666515,0.014022150797159886
0.06,0.06,0.004,5,True,1.0154999999999437,0.5708111542436854,2.1711955128151064,123.47523592306604,9.170334795361187,0.4210708019156255,0.07581719275979396,0.002847440277994798,0.05039703948682469,0.019337162342927122,0.0074822626339227484,0.0001617921071449693,0.002150106642356555,0.002225419616259996,1.1304406335961537e-05,0.4210708019156255,10.784801797232584,0.011523691115879878
0.06,0.06,0.004,6,True,0.920499999999954,0.11805451588724837,0.28786081222896776,107.09649483900932,8.896427918968765,0.42154785621472146,0.049544939085892706,0.0017884136569469048,0.027163543490666922,0.01611947927549832,0.009804302396366918,0.0029623349705594,0.002898268817821438,0.003022971791513481,2.4438083011449394e-05,0.4867114367610584,9.367174052139356,0.005517292319837753
0.06,0.06,0.004,7,True,0.9654999999999491,2.6144712672288715,9.580793818950468,109.13652454891883,8.890652413196351,0.3231601966996824,0.06913751907029883,0.0020809973356412242,0.05486069004847877,0.025065085185394256,0.005895910446750368,0.0009004988547336763,0.003620660336188786,0.0010157959136967243,9.243566384669972e-05,0.49889522059021285,9.925295980985247,0.008030324268193136
0.06,0.06,0.004,8,True,0.8904999999999573,0.9990575514285027,4.12087605230474,102.8023923019357,8.694605121492991,0.3351891799783539,0.062275598443944764,0.001237666433073275,0.059363842166896275,0.015011638446681368,0.020644162864735433,0.0026096895350886484,0.002173254419617582,0.0023136456193683964,2.7440165521545802e-05,0.4271231740331686,9.94314245206847,0.007413521450846823
0.06,0.06,0.004,9,True,1.2354999999999194,2.2280305419614663,7.895894050109542,122.8204210555454,8.92814991954998,0.41876512438463015,0.08738872707213359,0.0031903885322791745,0.024340860454377767,0.02126925930113436,0.02035579469014759,0.002148223888810696,0.0037461403614715227,0.003581180947548654,0.00012020741258969977,0.41876512438463015,9.875646939803113,0.00984944326977288
0.06,0.06,0.004,10,True,0.9654999999999491,2.0707549360932838,6.397030662321294,118.3988631805669,9.298325187444457,0.4602529357301176,0.07984002341258567,0.003704716329310304,0.02038409050395734,0.026225787476039677,0.003908196843223018,0.0015384138493096946,0.0014077588120615199,0.0030671094393433934,9.771745351894099e-05,0.4602529357301176,10.716444487502452,0.013253329063847984
0.06,0.06,0.004,11,True,0.9854999999999469,1.4017473584578262,6.444422146489739,125.00433881839764,9.637302268908956,0.3208405717398482,0.03558275257941922,0.0008758319652234292,0.03496389312200575,0.021232963867713863,0.0007510764828339755,0.0004437782537323678,0.0037846330688811086,0.0012112617284625905,1.4211044766893634e-05,0.5146261591423446,10.17437259788254,0.00868993123729791
0.06,0.06,0.004,12,True,0.920499999999954,0.7123552001903244,2.6117224956345297,113.53791064363197,9.445453711474334,0.2269629887375555,0.05798585678628689,0.0010838336019541883,0.057337647142971224,0.012165048459874749,0.004693838148510661,0.0010496677217878725,0.0016916237397697179,0.003011337228318354,1.3656639817761454e-05,0.5092161748652868,10.556601227494834,0.005028270321866201
0.06,0.06,0.004,13,True,1.120499999999932,1.0508794714723475,3.8696630603696103,146.00517442492318,9.273023354431283,0.5106823465188471,0.07361374786794338,0.0031602170290511893,0.05276512574660295,0.025842514773255526,0.0068446497361148734,0.00023159837315526422,0.00383939734133819,0.0028413750731413057,1.0071496504630682e-05,0.5106823465188471,10.761548012689753,0.007862966041661704
0.06,0.06,0.004,14,True,1.075499999999937,1.4665351589854787,5.248306246078913,145.24784720075436,9.363994289914974,0.46458555040672866,0.0658267961425647,0.002979344988679685,0.028047333341712825,0.023460264722805206,0.022517857178019643,0.001923952442364494,0.002645089626439942,0.00328694026759358,6.957465863408183e-05,0.46458555040672866,10.094407449984567,0.012463223600913117
0.06,0.06,0.004,15,True,0.9304999999999529,0.1388474256558409,0.2550190453875985,114.01266629870288,9.374092821465009,0.39650080231073387,0.0694311809092051,0.002341415082513897,0.05079085556680287,0.015576948671442846,0.001173860694578235,0.001714791771101193,0.0014387362801707927,0.0031563141306264137,2.547831869663868e-05,0.4635290062633226,10.747204198879444,0.012814660277720307
0.06,0.06,0.008,0,True,0.9004999999999562,0.13030067148635915,0.263882261864815,109.49678659456336,9.497396479432654,0.47253699911240404,0.09200920853398598,0.0021244856490258636,0.023489335688193516,0.008901417526596284,0.00043269248631363886,0.0024398107176008175,0.0037382667318331653,0.0028199073273015396,7.210319823797473e-05,0.47253699911240404,10.68108713915643,0.013158535541215322
0.06,0.06,0.008,1,True,0.8704999999999595,0.11123026284825359,0.22328561971203473,96.47974327093273,8.273998415802643,0.39074051875795746,0.06873504704795616,0.001708156019624724,0.057523184816296764,0.011171511479831942,0.0248355844496532,0.0009354943560314564,0.0022699793469177273,0.0034831077814613254,3.0286949087099423e-05,0.4731577435179982,9.212803007193706,0.012535131086748067
0.06,0.06,0.008,2,True,1.0354999999999415,1.1446981642669156,4.790809528597623,125.80517650601732,9.845319408548105,0.3504555055787788,0.031593553347762225,0.0011044052733180985,0.024924557170706164,0.025912966293074165,0.0024063537379950413,0.001800301577896962,0.003185681580435384,0.0015637032200998104,1.161067493821754e-05,0.444596814262228,10.231888726552896,0.010622656627804278
0.06,0.06,0.008,3,True,0.9804999999999474,1.2928094132329346,5.531984998018449,118.0452579883521,9.075628867234267,0.17913306382186595,0.025829289102243944,0.0008127017608135093,0.021840525329804985,0.02562803823454073,0.015240966464155783,0.00028238592672119757,0.0022993808207094216,0.0024371538944225023,1.5412303097482646e-05,0.49239602374655833,9.352126819818665,0.008912281904956621
0.06,0.06,0.008,4,True,1.7054999999998677,0.7543149940382199,2.734603651857433,236.5404122400102,9.553028218823936,0.5066500685155163,0.06776037395715058,0.0036220599140287797,0.03556637764071808,0.02947736152556949,0.002116282156798607,0.0018220674959850889,0.0021294597531318175,0.0034057036209574217,1.60420785683912e-05,0.5066500685155163,10.048268349666515,0.014022150797159886
0.06,0.06,0.008,5,True,1.0554999999999393,0.5742988610461859,2.0445111097513995,138.61672705692726,9.154278712150141,0.4210708019156255,0.07821664228312177,0.002847440277994798,0.05039703948682469,0.019337162342927122,0.0074822626339227484,0.0001617921071449693,0.002150106642356555,0.002225419616259996,1.1304406335961537e-05,0.4210708019156255,10.784801797232584,0.011523691115879878
0.06,0.06,0.008,6,True,0.9404999999999518,0.16031434454740465,0.5756508392317419,108.12625231224042,8.876454376039346,0.40356521655102573,0.049801108428816694,0.0017884136569469048,0.027163543490666922,0.01611947927549832,0.009804302396366918,0.0029623349705594,0.002898268817821438,0.003022971791513481,2.4438083011449394e-05,0.4867114367610584,9.367174052139356,0.005517292319837753
0.06,0.06,0.008,7,True,0.9904999999999463,1.7592130880487897,6.794816838200631,111.50434556325159,8.880041458535668,0.32403291182066124,0.06283103463401978,0.0020809973356412242,0.05486069004847877,0.025065085185394256,0.005895910446750368,0.0009004988547336763,0.003620660336188786,0.0010157959136967243,9.243566384669972e-05,0.49889522059021285,9.925295980985247,0.008030324268193136
0.06,0.06,0.008,8,True,0.8904999999999573,0.9171007066235163,3.7340857339662796,103.08490918817864,8.671780232659362,0.37888549391138254,0.062159056514893486,0.001237666433073275,0.059363842166896275,0.015011638446681368,0.020644162864735433,0.0026096895350886484,0.002173254419617582,0.0023136456193683964,2.7440165521545802e-05,0.4271231740331686,9.94314245206847,0.007413521450846823
0.06,0.06,0.008,9,True,0.9354999999999524,0.9940505760245409,3.7387855170336084,110.29731199421418,8.922159521993693,0.41876512438463015,0.07825704638313397,0.0031903885322791745,0.024340860454377767,0.02126925930113436,0.02035579469014759,0.002148223888810696,0.0037461403614715227,0.003581180947548654,0.00012020741258969977,0.41876512438463015,9.875646939803113,0.00984944326977288
0.06,0.06,0.008,10,True,1.765499999999861,1.013583429002071,3.5461693689662153,161.31284373288875,9.29382091573289,0.4602529357301176,0.06755825759614809,0.003704716329310304,0.02038409050395734,0.026225787476039677,0.003908196843223018,0.0015384138493096946,0.0014077588120615199,0.0030671094393433934,9.771745351894099e-05,0.4602529357301176,10.716444487502452,0.013253329063847984
0.06,0.06,0.008,11,True,1.0104999999999442,1.38431814319068,6.250059992633311,124.98412389939668,9.620716480501203,0.32234747821643706,0.03793777471541775,0.0008758319652234292,0.03496389312200575,0.021232963867713863,0.0007510764828339755,0.0004437782537323678,0.0037846330688811086,0.0012112617284625905,1.4211044766893634e-05,0.5146261591423446,10.17437259788254,0.00868993123729791
0.06,0.06,0.008,12,True,0.9354999999999524,0.6794055328546925,2.388859434565105,115.51301702305057,9.423832519694553,0.4175987152131217,0.05979363867785378,0.0010838336019541883,0.057337647142971224,0.012165048459874749,0.004693838148510661,0.0010496677217878725,0.0016916237397697179,0.003011337228318354,1.3656639817761454e-05,0.5092161748652868,10.556601227494834,0.005028270321866201
0.06,0.06,0.008,13,True,1.8104999999998561,0.9634398502670617,3.528490180904303,200.35705373043385,9.303235548684546,0.5106823465188471,0.07201022492578459,0.0031602170290511893,0.05276512574660295,0.025842514773255526,0.0068446497361148734,0.00023159837315526422,0.00383939734133819,0.0028413750731413057,1.0071496504630682e-05,0.5106823465188471,10.761548012689753,0.007862966041661704
0.06,0.06,0.008,14,True,1.0104999999999442,0.7535063097028601,2.9237377957005823,114.53233215126964,9.343114268201417,0.46458555040672866,0.06203371537922561,0.002979344988679685,0.028047333341712825,0.023460264722805206,0.022517857178019643,0.001923952442364494,0.002645089626439942,0.00328694026759358,6.957465863408183e-05,0.46458555040672866,10.094407449984567,0.012463223600913117
0.06,0.06,0.008,15,True,0.9504999999999507,0.4989483881490574,1.6111901495988747,114.05214494541632,9.368972373241624,0.39882480346799404,0.078766932732118,0.002341415082513897,0.05079085556680287,0.015576948671442846,0.001173860694578235,0.001714791771101193,0.0014387362801707927,0.0031563141306264137,2.547831869663868e-05,0.4635290062633226,10.747204198879444,0.012814660277720307
0.06,0.08,0.0,0,False,inf,120.65583806448825,31.097972588688855,101.5611608770186,9.831895632102565,0.3190147314006631,0.20160898960710985,0.0021244856490258636,0.023489335688193516,0.008901417526596284,0.00043269248631363886,0.0024398107176008175,0.0037382667318331653,0.0028199073273015396,7.210319823797473e-05,0.47253699911240404,10.68108713915643,0.013158535541215322
0.06,0.08,0.0,1,False,inf,94.38503214360117,10.866626547628801,75.3275654444845,8.231101480513251,0.32314826270536456,0.16031375578181978,0.001708156019624724,0.057523184816296764,0.011171511479831942,0.0248355844496532,0.0009354943560314564,0.0022699793469177273,0.0034831077814613254,3.0286949087099423e-05,0.4731577435179982,9.212803007193706,0.012535131086748067
0.06,0.08,0.0,2,False,inf,89.63969397624395,10.764002616396311,100.8393003149289,9.850490457216644,0.18700890153566432,0.07078279308815168,0.0011044052733180985,0.024924557170706164,0.025912966293074165,0.0024063537379950413,0.001800301577896962,0.003185681580435384,0.0015637032200998104,1.161067493821754e-05,0.444596814262228,10.231888726552896,0.010622656627804278
0.06,0.08,0.0,3,False,inf,91.0592091736364,12.082449189126471,91.92825675314062,9.100043866341283,0.1504933332688064,0.059558849843227124,0.0008127017608135093,0.021840525329804985,0.02562803823454073,0.015240966464155783,0.00028238592672119757,0.0022993808207094216,0.0024371538944225023,1.5412303097482646e-05,0.49239602374655833,9.352126819818665,0.008912281904956621
0.06,0.08,0.0,4,False,inf,93.23154191071401,13.496824772414692,89.03259714042969,8.718659398600261,0.505595532780901,0.2422737837621814,0.0036220599140287797,0.03556637764071808,0.02947736152556949,0.002116282156798607,0.0018220674959850889,0.0021294597531318175,0.0034057036209574217,1.60420785683912e-05,0.5066500685155163,10.048268349666515,0.014022150797159886
0.06,0.08,0.0,5,True,5.795499999999508,2.9731929210241876,12.288969003563817,229.96402653459475,9.102584351357972,0.39348797830724447,0.07001231606371114,0.002847440277994798,0.05039703948682469,0.019337162342927122,0.0074822626339227484,0.0001617921071449693,0.002150106642356555,0.002225419616259996,1.1304406335961537e-05,0.4210708019156255,10.784801797232584,0.011523691115879878
0.06,0.08,0.0,6,False,inf,88.91173069041398,11.44157941028368,86.75787378915665,8.837564651443062,0.28374944009258496,0.12551364121928957,0.0017884136569469048,0.027163543490666922,0.01611947927549832,0.009804302396366918,0.0029623349705594,0.002898268817821438,0.003022971791513481,2.4438083011449394e-05,0.4867114367610584,9.367174052139356,0.005517292319837753
0.06,0.08,0.0,7,False,inf,132.21393043884657,27.807976094459224,168.3502796213416,8.722015654503071,0.32801093109548024,0.18483314404192033,0.0020809973356412242,0.05486069004847877,0.025065085185394256,0.005895910446750368,0.0009004988547336763,0.003620660336188786,0.0010157959136967243,9.243566384669972e-05,0.49889522059021285,9.925295980985247,0.008030324268193136
0.06,0.08,0.0,8,False,inf,94.46330274930725,15.475491171044721,80.30516178080727,8.653771776915663,0.2427647770936969,0.11138298429619292,0.001237666433073275,0.059363842166896275,0.015011638446681368,0.020644162864735433,0.0026096895350886484,0.002173254419617582,0.0023136456193683964,2.7440165521545802e-05,0.4271231740331686,9.94314245206847,0.007413521450846823
0.06,0.08,0.0,9,False,inf,179.55766144958457,99.79986392863134,1416.43204339952,9.141427902395229,0.29489119413679193,0.09096594151088558,0.0031903885322791745,0.024340860454377767,0.02126925930113436,0.02035579469014759,0.002148223888810696,0.0037461403614715227,0.003581180947548654,0.00012020741258969977,0.41876512438463015,9.875646939803113,0.00984944326977288
0.06,0.08,0.0,10,False,inf,140.60901624427308,30.66421218118315,238.87430333331687,8.864976807135866,0.4602529357301176,0.2979635771651502,0.003704716329310304,0.02038409050395734,0.026225787476039677,0.003908196843223018,0.0015384138493096946,0.0014077588120615199,0.0030671094393433934,9.771745351894099e-05,0.4602529357301176,10.716444487502452,0.013253329063847984
0.06,0.08,0.0,11,True,1.1804999999999255,5.07673471014116,14.511910876890441,97.99143693391164,9.64539839830008,0.2162451246407557,0.039973643465330166,0.0008758319652234292,0.03496389312200575,0.021232963867713863,0.0007510764828339755,0.0004437782537323678,0.0037846330688811086,0.0012112617284625905,1.4211044766893634e-05,0.5146261591423446,10.17437259788254,0.00868993123729791
0.06,0.08,0.0,12,False,inf,86.42024777160057,18.32935125029729,90.56297122214013,9.444709339551109,0.22339078023841533,0.08549421651456329,0.0010838336019541883,0.057337647142971224,0.012165048459874749,0.004693838148510661,0.0010496677217878725,0.0016916237397697179,0.003011337228318354,1.3656639817761454e-05,0.5092161748652868,10.556601227494834,0.005028270321866201
0.06,0.08,0.0,13,False,inf,88.77857119492846,11.887473868445705,89.47583366740244,9.007124204441157,0.4549233879536318,0.1908268407355234,0.0031602170290511893,0.05276512574660295,0.025842514773255526,0.0068446497361148734,0.00023159837315526422,0.00383939734133819,0.0028413750731413057,1.0071496504630682e-05,0.5106823465188471,10.761548012689753,0.007862966041661704
0.06,0.08,0.0,14,False,inf,121.89490346834232,28.338289984131062,147.60068357980083,8.88514476266445,0.44437928604230936,0.25918020328155533,0.002979344988679685,0.028047333341712825,0.023460264722805206,0.022517857178019643,0.001923952442364494,0.002645089626439942,0.00328694026759358,6.957465863408183e-05,0.46458555040672866,10.094407449984567,0.012463223600913117
0.06,0.08,0.0,15,False,inf,89.27145282480727,10.647449150771607,88.03528635270548,9.225202302021184,0.3745832877427489,0.1734453645855984,0.002341415082513897,0.05079085556680287,0.015576948671442846,0.001173860694578235,0.001714791771101193,0.0014387362801707927,0.0031563141306264137,2.547831869663868e-05,0.4635290062633226,10.747204198879444,0.012814660277720307
0.06,0.08,0.002,0,True,0.5554999999999942,0.5215208923479088,1.672325753801688,109.21695047933567,9.491556688179644,0.3149785430716035,0.07530684943448004,0.0021244856490258636,0.023489335688193516,0.008901417526596284,0.00043269248631363886,0.0024398107176008175,0.0037382667318331653,0.0028199073273015396,7.210319823797473e-05,0.47253699911240404,10.68108713915643,0.013158535541215322
0.06,0.08,0.002,1,True,1.3054999999999117,0.14775550831523093,0.24792601306550083,283.08440224454836,8.310356153909945,0.4119386087163086,0.05598733681713377,0.001708156019624724,0.057523184816296764,0.011171511479831942,0.0248355844496532,0.0009354943560314564,0.0022699793469177273,0.0034831077814613254,3.0286949087099423e-05,0.4731577435179982,9.212803007193706,0.012535131086748067
0.06,0.08,0.002,2,True,0.7054999999999777,1.5978866926913433,5.425599709467889,122.63476904042521,9.874304709893801,0.1828503402027152,0.029123516234350205,0.0011044052733180985,0.024924557170706164,0.025912966293074165,0.0024063537379950413,0.001800301577896962,0.003185681580435384,0.0015637032200998104,1.161067493821754e-05,0.444596814262228,10.231888726552896,0.010622656627804278
0.06,0.08,0.002,3,True,0.6554999999999832,1.886765244280646,6.207825677033496,111.80923270684683,9.093581295794875,0.14742314053717614,0.024519487236560226,0.0008127017608135093,0.021840525329804985,0.02562803823454073,0.015240966464155783,0.00028238592672119757,0.0022993808207094216,0.0024371538944225023,1.5412303097482646e-05,0.49239602374655833,9.352126819818665,0.008912281904956621
0.06,0.08,0.002,4,True,0.9004999999999562,1.2981580067206682,3.8460898089978146,108.71583091172012,9.066791456861406,0.5066500685155163,0.05754957616240097,0.0036220599140287797,0.03556637764071808,0.02947736152556949,0.002116282156798607,0.0018220674959850889,0.0021294597531318175,0.0034057036209574217,1.60420785683912e-05,0.5066500685155163,10.048268349666515,0.014022150797159886
0.06,0.08,0.002,5,True,0.9404999999999518,0.8247064053093167,2.6260677311842193,104.83586900229575,9.133432203082139,0.4210708019156255,0.06814648181122376,0.002847440277994798,0.05039703948682469,0.019337162342927122,0.0074822626339227484,0.0001617921071449693,0.002150106642356555,0.002225419616259996,1.1304406335961537e-05,0.4210708019156255,10.784801797232584,0.011523691115879878
0.06,0.08,0.002,6,True,0.6104999999999882,0.1917991411187754,0.4844345670056426,106.77458940314521,8.898901555762013,0.2839356946728716,0.04069646078284419,0.0017884136569469048,0.027163543490666922,0.01611947927549832,0.009804302396366918,0.0029623349705594,0.002898268817821438,0.003022971791513481,2.4438083011449394e-05,0.4867114367610584,9.367174052139356,0.005517292319837753
0.06,0.08,0.002,7,True,0.8854999999999579,4.461238167454931,13.169606190298827,103.8948604001442,8.86615629066488,0.47128232908797657,0.0714077160714068,0.0020809973356412242,0.05486069004847877,0.025065085185394256,0.005895910446750368,0.0009004988547336763,0.003620660336188786,0.0010157959136967243,9.243566384669972e-05,0.49889522059021285,9.925295980985247,0.008030324268193136
0.06,0.08,0.002,8,True,0.5704999999999926,1.2762236838324845,4.430777374403238,99.13758843066366,8.693900110986709,0.2440000160494163,0.05731070247990078,0.001237666433073275,0.059363842166896275,0.015011638446681368,0.020644162864735433,0.0026096895350886484,0.002173254419617582,0.0023136456193683964,2.7440165521545802e-05,0.4271231740331686,9.94314245206847,0.007413521450846823
0.06,0.08,0.002,9,True,0.9654999999999491,4.0671489713827835,12.040645044475385,103.82165427829125,8.919304355442499,0.41876512438463015,0.08403170979168034,0.0031903885322791745,0.024340860454377767,0.02126925930113436,0.02035579469014759,0.002148223888810696,0.0037461403614715227,0.003581180947548654,0.00012020741258969977,0.41876512438463015,9.875646939803113,0.00984944326977288
0.06,0.08,0.002,10,True,0.9954999999999458,3.6676955031273346,10.134104959758178,110.67633599266334,9.288758196637632,0.4602529357301176,0.0810052157164585,0.003704716329310304,0.02038409050395734,0.026225787476039677,0.003908196843223018,0.0015384138493096946,0.0014077588120615199,0.0030671094393433934,9.771745351894099e-05,0.4602529357301176,10.716444487502452,0.013253329063847984
0.06,0.08,0.002,11,True,0.6654999999999821,1.8283587243790012,6.823747263356529,116.87537451825017,9.640176447987882,0.1596469183065887,0.035785900337441154,0.0008758319652234292,0.03496389312200575,0.021232963867713863,0.0007510764828339755,0.0004437782537323678,0.0037846330688811086,0.0012112617284625905,1.4211044766893634e-05,0.5146261591423446,10.17437259788254,0.00868993123729791
0.06,0.08,0.002,12,True,0.575499999999992,0.9363454483473741,2.9831870341013076,139.67878830310295,9.45189514890195,0.5092161748652868,0.05516306698460969,0.0010838336019541883,0.057337647142971224,0.012165048459874749,0.004693838148510661,0.0010496677217878725,0.0016916237397697179,0.003011337228318354,1.3656639817761454e-05,0.5092161748652868,10.556601227494834,0.005028270321866201
0.06,0.08,0.002,13,True,0.9554999999999502,1.3239635051007514,4.242622610130254,111.833400972544,9.225747961577312,0.5106823465188471,0.06369274205242158,0.0031602170290511893,0.05276512574660295,0.025842514773255526,0.0068446497361148734,0.00023159837315526422,0.00383939734133819,0.0028413750731413057,1.0071496504630682e-05,0.5106823465188471,10.761548012689753,0.007862966041661704
0.06,0.08,0.002,14,True,0.8954999999999568,2.728223848384376,7.802118488732658,111.04174922082599,9.305250625626657,0.46458555040672866,0.06249629290376979,0.002979344988679685,0.028047333341712825,0.023460264722805206,0.022517857178019643,0.001923952442364494,0.002645089626439942,0.00328694026759358,6.957465863408183e-05,0.46458555040672866,10.094407449984567,0.012463223600913117
0.06,0.08,0.002,15,True,0.5854999999999909,0.19900678234308944,0.2981555350214289,106.40166608147698,9.379037829723423,0.37217336438668003,0.05617782377871924,0.002341415082513897,0.05079085556680287,0.015576948671442846,0.001173860694578235,0.001714791771101193,0.0014387362801707927,0.0031563141306264137,2.547831869663868e-05,0.4635290062633226,10.747204198879444,0.012814660277720307
0.06,0.08,0.004,0,True,0.575499999999992,0.13692255575656032,0.45463301406983864,109.1905634590994,9.489236924982915,0.3144027470367613,0.07575990989617774,0.0021244856490258636,0.023489335688193516,0.008901417526596284,0.00043269248631363886,0.0024398107176008175,0.0037382667318331653,0.0028199073273015396,7.210319823797473e-05,0.47253699911240404,10.68108713915643,0.013158535541215322
0.06,0.08,0.004,1,True,0.5654999999999931,0.12952505643904602,0.20570825675093307,96.36612791450385,8.279791648249246,0.4731577435179982,0.056286260565779796,0.001708156019624724,0.057523184816296764,0.011171511479831942,0.0248355844496532,0.0009354943560314564,0.0022699793469177273,0.0034831077814613254,3.0286949087099423e-05,0.4731577435179982,9.212803007193706,0.012535131086748067
0.06,0.08,0.004,2,True,0.7604999999999716,1.4718811823101472,5.376431129413245,123.06823900291273,9.858527815419395,0.18325496848042258,0.029488575357405723,0.0011044052733180985,0.024924557170706164,0.025912966293074165,0.0024063537379950413,0.001800301577896962,0.003185681580435384,0.0015637032200998104,1.161067493821754e-05,0.444596814262228,10.231888726552896,0.010622656627804278
0.06,0.08,0.004,3,True,0.6604999999999827,1.6486788013657498,6.0432432408815515,115.82336014207446,9.083935657811233,0.1468812063576903,0.02515436759551498,0.0008127017608135093,0.021840525329804985,0.02562803823454073,0.015240966464155783,0.00028238592672119757,0.0022993808207094216,0.0024371538944225023,1.5412303097482646e-05,0.49239602374655833,9.352126819818665,0.008912281904956621
0.06,0.08,0.004,4,True,0.920499999999954,1.1062541073443186,3.2260622847703018,109.59214302621588,9.062560293950432,0.5066500685155163,0.05871261995271887,0.0036220599140287797,0.03556637764071808,0.02947736152556949,0.002116282156798607,0.0018220674959850889,0.0021294597531318175,0.0034057036209574217,1.60420785683912e-05,0.5066500685155163,10.048268349666515,0.014022150797159886
0.06,0.08,0.004,5,True,0.9704999999999485,0.7666046678667315,2.420395209374039,107.33370723523177,9.147790253626258,0.4210708019156255,0.0694513627893102,0.002847440277994798,0.05039703948682469,0.019337162342927122,0.0074822626339227484,0.0001617921071449693,0.002150106642356555,0.002225419616259996,1.1304406335961537e-05,0.4210708019156255,10.784801797232584,0.011523691115879878
0.06,0.08,0.004,6,True,0.6454999999999843,0.18505716927756116,0.4168320132924188,106.79610172077507,8.884630876078997,0.2830812354862268,0.042027989438799616,0.0017884136569469048,0.027163543490666922,0.01611947927549832,0.009804302396366918,0.0029623349705594,0.002898268817821438,0.003022971791513481,2.4438083011449394e-05,0.4867114367610584,9.367174052139356,0.005517292319837753
0.06,0.08,0.004,7,True,0.9654999999999491,2.6395444453035033,8.439890538000242,107.76353844838644,8.874580077533585,0.3758666807573541,0.060319565374584924,0.0020809973356412242,0.05486069004847877,0.025065085185394256,0.005895910446750368,0.0009004988547336763,0.003620660336188786,0.0010157959136967243,9.243566384669972e-05,0.49889522059021285,9.925295980985247,0.008030324268193136
0.06,0.08,0.004,8,True,0.5954999999999898,1.1980345343910577,4.124206531005368,102.31661789614542,8.681338302499796,0.24412297964812732,0.058215539917359595,0.001237666433073275,0.059363842166896275,0.015011638446681368,0.020644162864735433,0.0026096895350886484,0.002173254419617582,0.0023136456193683964,2.7440165521545802e-05,0.4271231740331686,9.94314245206847,0.007413521450846823
0.06,0.08,0.004,9,True,1.0054999999999448,2.209324693048527,6.263507381599294,103.64414067926921,8.900524108911226,0.41876512438463015,0.06906861399705239,0.0031903885322791745,0.024340860454377767,0.02126925930113436,0.02035579469014759,0.002148223888810696,0.0037461403614715227,0.003581180947548654,0.00012020741258969977,0.41876512438463015,9.875646939803113,0.00984944326977288
0.06,0.08,0.004,10,True,1.0154999999999437,2.055592369281071,5.769103845136034,113.59040695585148,9.282867428610023,0.4602529357301176,0.062448896325433774,0.003704716329310304,0.02038409050395734,0.026225787476039677,0.003908196843223018,0.0015384138493096946,0.0014077588120615199,0.0030671094393433934,9.771745351894099e-05,0.4602529357301176,10.716444487502452,0.013253329063847984
0.06,0.08,0.004,11,True,0.6904999999999794,1.7368485977206454,6.638874691516923,118.91819818645567,9.630062931934743,0.15967662986778752,0.036633092394953215,0.0008758319652234292,0.03496389312200575,0.021232963867713863,0.0007510764828339755,0.0004437782537323678,0.0037846330688811086,0.0012112617284625905,1.4211044766893634e-05,0.5146261591423446,10.17437259788254,0.00868993123729791
0.06,0.08,0.004,12,True,0.5904999999999904,0.9180042693319465,2.7433203889661812,138.48600181197025,9.441678387759632,0.5092161748652868,0.05602891979068529,0.0010838336019541883,0.057337647142971224,0.012165048459874749,0.004693838148510661,0.0010496677217878725,0.0016916237397697179,0.003011337228318354,1.3656639817761454e-05,0.5092161748652868,10.556601227494834,0.005028270321866201
0.06,0.08,0.004,13,True,2.3204999999999423,1.2588237956615331,3.8983017967771127,324.4918055489697,9.219603601176885,0.5106823465188471,0.0657570704980694,0.0031602170290511893,0.05276512574660295,0.025842514773255526,0.0068446497361148734,0.00023159837315526422,0.00383939734133819,0.0028413750731413057,1.0071496504630682e-05,0.5106823465188471,10.761548012689753,0.007862966041661704
0.06,0.08,0.004,14,True,0.9454999999999513,1.509312279394952,4.660261442870559,114.4027857188387,9.344113739899822,0.46458555040672866,0.05526852881985134,0.002979344988679685,0.028047333341712825,0.023460264722805206,0.022517857178019643,0.001923952442364494,0.002645089626439942,0.00328694026759358,6.957465863408183e-05,0.46458555040672866,10.094407449984567,0.012463223600913117
0.06,0.08,0.004,15,True,0.6104999999999882,0.6218709783801801,1.8013527031355867,109.66795243719294,9.374689937178044,0.37066640681057844,0.06633908309179491,0.002341415082513897,0.05079085556680287,0.015576948671442846,0.001173860694578235,0.001714791771101193,0.0014387362801707927,0.0031563141306264137,2.547831869663868e-05,0.4635290062633226,10.747204198879444,0.012814660277720307
0.06,0.08,0.008,0,True,0.5854999999999909,0.11631308065878333,0.2869515500639589,109.18252565352277,9.47431927776376,0.31313126602050995,0.07692586910422804,0.0021244856490258636,0.023489335688193516,0.008901417526596284,0.00043269248631363886,0.0024398107176008175,0.0037382667318331653,0.0028199073273015396,7.210319823797473e-05,0.47253699911240404,10.68108713915643,0.013158535541215322
0.06,0.08,0.008,1,True,0.5654999999999931,0.14314737565421645,0.3097162482614742,96.08368865144477,8.252172264766417,0.4731577435179982,0.05867690329115567,0.001708156019624724,0.057523184816296764,0.011171511479831942,0.0248355844496532,0.0009354943560314564,0.0022699793469177273,0.0034831077814613254,3.0286949087099423e-05,0.4731577435179982,9.212803007193706,0.012535131086748067
0.06,0.08,0.008,2,True,0.7254999999999755,1.4088581241091218,5.117399578727932,122.63787543153668,9.82650737568298,0.18320583726907233,0.029870931869793574,0.0011044052733180985,0.024924557170706164,0.025912966293074165,0.0024063537379950413,0.001800301577896962,0.003185681580435384,0.0015637032200998104,1.161067493821754e-05,0.444596814262228,10.231888726552896,0.010622656627804278
0.06,0.08,0.008,3,True,0.6504999999999838,1.5917751914363176,5.990580194662601,115.94757722329865,9.062459447037755,0.14967233113318465,0.02453854146723363,0.0008127017608135093,0.021840525329804985,0.02562803823454073,0.015240966464155783,0.00028238592672119757,0.0022993808207094216,0.0024371538944225023,1.5412303097482646e-05,0.49239602374655833,9.352126819818665,0.008912281904956621
0.06,0.08,0.008,4,True,0.9354999999999524,0.9561388665016453,2.856083057530838,109.80936298437376,9.034989462937144,0.5066500685155163,0.05864203259948468,0.0036220599140287797,0.03556637764071808,0.02947736152556949,0.002116282156798607,0.0018220674959850889,0.0021294597531318175,0.0034057036209574217,1.60420785683912e-05,0.5066500685155163,10.048268349666515,0.014022150797159886
0.06,0.08,0.008,5,True,0.9854999999999469,0.7396660838290956,2.333598510187359,107.50147954843244,9.130404634964945,0.4210708019156255,0.06880856621982316,0.002847440277994798,0.05039703948682469,0.019337162342927122,0.0074822626339227484,0.0001617921071449693,0.002150106642356555,0.002225419616259996,1.1304406335961537e-05,0.4210708019156255,10.784801797232584,0.011523691115879878
0.06,0.08,0.008,6,True,0.6404999999999849,0.21598631059444415,0.6027998587319277,106.48359076192946,8.852710470800764,0.3312254859978649,0.04262379358455934,0.0017884136569469048,0.027163543490666922,0.01611947927549832,0.009804302396366918,0.0029623349705594,0.002898268817821438,0.003022971791513481,2.4438083011449394e-05,0.4867114367610584,9.367174052139356,0.005517292319837753
0.06,0.08,0.008,7,True,1.0054999999999448,1.894163807423042,6.418766843210552,109.32286710375075,8.854950900120079,0.3291283226311265,0.05766534555429874,0.0020809973356412242,0.05486069004847877,0.025065085185394256,0.005895910446750368,0.0009004988547336763,0.003620660336188786,0.0010157959136967243,9.243566384669972e-05,0.49889522059021285,9.925295980985247,0.008030324268193136
0.06,0.08,0.008,8,True,0.5954999999999898,1.1791255188289047,3.9940527232259524,102.74075339910038,8.647971690868955,0.24735825326361827,0.058913278261935056,0.001237666433073275,0.059363842166896275,0.015011638446681368,0.020644162864735433,0.0026096895350886484,0.002173254419617582,0.0023136456193683964,2.7440165521545802e-05,0.4271231740331686,9.94314245206847,0.007413521450846823
0.06,0.08,0.008,9,True,0.8904999999999573,1.0409441734246572,3.4244410296992127,103.37785309352795,8.865227762349251,0.41876512438463015,0.06446467231832986,0.0031903885322791745,0.024340860454377767,0.02126925930113436,0.02035579469014759,0.002148223888810696,0.0037461403614715227,0.003581180947548654,0.00012020741258969977,0.41876512438463015,9.875646939803113,0.00984944326977288
0.06,0.08,0.008,10,True,0.9304999999999529,1.0443518740920656,3.2244500481516685,114.02002872499008,9.280329763093167,0.4602529357301176,0.05594815937171082,0.003704716329310304,0.02038409050395734,0.026225787476039677,0.003908196843223018,0.0015384138493096946,0.0014077588120615199,0.0030671094393433934,9.771745351894099e-05,0.4602529357301176,10.716444487502452,0.013253329063847984
0.06,0.08,0.008,11,True,0.6804999999999805,1.6693218235179603,6.461448875415658,119.12414887537199,9.60641614129501,0.16149848921395138,0.03683185830296445,0.0008758319652234292,0.03496389312200575,0.021232963867713863,0.0007510764828339755,0.0004437782537323678,0.0037846330688811086,0.0012112617284625905,1.4211044766893634e-05,0.5146261591423446,10.17437259788254,0.00868993123729791
0.06,0.08,0.008,12,True,2.550500000000019,0.8676348845810842,2.6294503768227795,135.37480688692472,9.408510154223876,0.5092161748652868,0.05728827499256318,0.0010838336019541883,0.057337647142971224,0.012165048459874749,0.004693838148510661,0.0010496677217878725,0.0016916237397697179,0.003011337228318354,1.3656639817761454e-05,0.5092161748652868,10.556601227494834,0.005028270321866201
0.06,0.08,0.008,13,True,1.0254999999999426,1.1827380435898271,3.877776284030254,115.20403696874438,9.213450908771511,0.5106823465188471,0.06573453105107441,0.0031602170290511893,0.05276512574660295,0.025842514773255526,0.0068446497361148734,0.00023159837315526422,0.00383939734133819,0.0028413750731413057,1.0071496504630682e-05,0.5106823465188471,10.761548012689753,0.007862966041661704
0.06,0.08,0.008,14,True,0.9804999999999474,0.8512556893039064,2.719503231535723,114.09878908483932,9.312589625699937,0.46458555040672866,0.052667227086683005,0.002979344988679685,0.028047333341712825,0.023460264722805206,0.022517857178019643,0.001923952442364494,0.002645089626439942,0.00328694026759358,6.957465863408183e-05,0.46458555040672866,10.094407449984567,0.012463223600913117
0.06,0.08,0.008,15,True,0.6154999999999876,0.5685312819493381,1.6212072283389078,109.52790014725097,9.354545618316783,0.3685816050575393,0.06715551299279489,0.002341415082513897,0.05079085556680287,0.015576948671442846,0.001173860694578235,0.001714791771101193,0.0014387362801707927,0.0031563141306264137,2.547831869663868e-05,0.4635290062633226,10.747204198879444,0.012814660277720307
0.08,0.03,0.0,0,False,inf,139.00534307846166,36.08094358462074,111.25263555867703,9.87976993983127,0.3098965876721716,0.19566413067293795,0.0021244856490258636,0.023489335688193516,0.008901417526596284,0.00043269248631363886,0.0024398107176008175,0.0037382667318331653,0.0028199073273015396,7.210319823797473e-05,0.47253699911240404,10.68108713915643,0.013158535541215322
0.08,0.03,0.0,1,False,inf,112.75737790404762,26.547889572760603,121.09066042387444,8.316939434483507,0.3148599998379661,0.18538792735228515,0.001708156019624724,0.057523184816296764,0.011171511479831942,0.0248355844496532,0.0009354943560314564,0.0022699793469177273,0.0034831077814613254,3.0286949087099423e-05,0.4731577435179982,9.212803007193706,0.012535131086748067
0.08,0.03,0.0,2,False,inf,104.57335547575644,23.597113530827563,134.57246910137897,9.891862731055994,0.18367252213248156,0.10106220500746933,0.0011044052733180985,0.024924557170706164,0.025912966293074165,0.0024063537379950413,0.001800301577896962,0.003185681580435384,0.0015637032200998104,1.161067493821754e-05,0.444596814262228,10.231888726552896,0.010622656627804278
0.08,0.03,0.0,3,False,inf,107.07345640613289,26.437653242316735,111.48428908263138,9.105365754044882,0.14532724373958267,0.08184268671250207,0.0008127017608135093,0.021840525329804985,0.02562803823454073,0.015240966464155783,0.00028238592672119757,0.0022993808207094216,0.0024371538944225023,1.5412303097482646e-05,0.49239602374655833,9.352126819818665,0.008912281904956621
0.08,0.03,0.0,4,False,inf,113.67445937142209,26.41134204040551,142.91390605334635,9.102653922561034,0.5025209445950173,0.2737216816974123,0.0036220599140287797,0.03556637764071808,0.02947736152556949,0.002116282156798607,0.0018220674959850889,0.0021294597531318175,0.0034057036209574217,1.60420785683912e-05,0.5066500685155163,10.048268349666515,0.014022150797159886
0.08,0.03,0.0,5,False,inf,99.8149669474327,16.08800335150856,120.63573427773797,9.103050547148783,0.3929738368193175,0.22601498085999924,0.002847440277994798,0.05039703948682469,0.019337162342927122,0.0074822626339227484,0.0001617921071449693,0.002150106642356555,0.002225419616259996,1.1304406335961537e-05,0.4210708019156255,10.784801797232584,0.011523691115879878
0.08,0.03,0.0,6,False,inf,103.29637561970415,22.506940732740905,114.5115569454479,8.892007971474982,0.28126656081621665,0.18245749592141344,0.0017884136569469048,0.027163543490666922,0.01611947927549832,0.009804302396366918,0.0029623349705594,0.002898268817821438,0.003022971791513481,2.4438083011449394e-05,0.4867114367610584,9.367174052139356,0.005517292319837753
0.08,0.03,0.0,7,False,inf,179.90746502080268,81.73046165388112,1474.7786505871627,8.864852614791369,0.2567406106790862,0.07070236260165126,0.0020809973356412242,0.05486069004847877,0.025065085185394256,0.005895910446750368,0.0009004988547336763,0.003620660336188786,0.0010157959136967243,9.243566384669972e-05,0.49889522059021285,9.925295980985247,0.008030324268193136
0.08,0.03,0.0,8,False,inf,109.30639574309147,26.467524546102556,111.16669710728145,8.718587276250252,0.23992619983198893,0.1403771038359654,0.001237666433073275,0.059363842166896275,0.015011638446681368,0.020644162864735433,0.0026096895350886484,0.002173254419617582,0.0023136456193683964,2.7440165521545802e-05,0.4271231740331686,9.94314245206847,0.007413521450846823
0.08,0.03,0.0,9,False,inf,179.774109317797,162.82034134951905,1408.8586108069496,8.96965661277483,0.31166306010013106,0.0912867099547686,0.0031903885322791745,0.024340860454377767,0.02126925930113436,0.02035579469014759,0.002148223888810696,0.0037461403614715227,0.003581180947548654,0.00012020741258969977,0.41876512438463015,9.875646939803113,0.00984944326977288
0.08,0.03,0.0,10,False,inf,179.57531656563418,64.89484670293092,1414.0864900713384,8.908466264390979,0.3463702322195409,0.08227531433457975,0.003704716329310304,0.02038409050395734,0.026225787476039677,0.003908196843223018,0.0015384138493096946,0.0014077588120615199,0.0030671094393433934,9.771745351894099e-05,0.4602529357301176,10.716444487502452,0.013253329063847984
0.08,0.03,0.0,11,False,inf,104.45082805004586,23.367376643981505,125.09799508870884,9.652745297164191,0.16015820321885554,0.08769868473830084,0.0008758319652234292,0.03496389312200575,0.021232963867713863,0.0007510764828339755,0.0004437782537323678,0.0037846330688811086,0.0012112617284625905,1.4211044766893634e-05,0.5146261591423446,10.17437259788254,0.00868993123729791
0.08,0.03,0.0,12,False,inf,97.25833931446306,14.885518023392304,113.94279356862334,9.462578267215639,0.21682332031474286,0.10993935891745883,0.0010838336019541883,0.057337647142971224,0.012165048459874749,0.004693838148510661,0.0010496677217878725,0.0016916237397697179,0.003011337228318354,1.3656639817761454e-05,0.5092161748652868,10.556601227494834,0.005028270321866201
0.08,0.03,0.0,13,False,inf,106.73772070189574,24.44592891885292,122.10656345041777,9.213947263811088,0.45519860268615864,0.2663887530315217,0.0031602170290511893,0.05276512574660295,0.025842514773255526,0.0068446497361148734,0.00023159837315526422,0.00383939734133819,0.0028413750731413057,1.0071496504630682e-05,0.5106823465188471,10.761548012689753,0.007862966041661704
0.08,0.03,0.0,14,False,inf,179.7705353600563,34.48758490187553,1402.0173950145117,9.084025910220351,0.3465211031638104,0.07518645416170415,0.002979344988679685,0.028047333341712825,0.023460264722805206,0.022517857178019643,0.001923952442364494,0.002645089626439942,0.00328694026759358,6.957465863408183e-05,0.46458555040672866,10.094407449984567,0.012463223600913117
0.08,0.03,0.0,15,False,inf,109.41493497749273,25.298096477880275,122.96799678783952,9.546191088070556,0.3728214729467252,0.23181512489073508,0.002341415082513897,0.05079085556680287,0.015576948671442846,0.001173860694578235,0.001714791771101193,0.0014387362801707927,0.0031563141306264137,2.547831869663868e-05,0.4635290062633226,10.747204198879444,0.012814660277720307
0.08,0.03,0.002,0,False,inf,78.52249153929978,175.00347182892997,320.1493555525956,9.868624625237175,0.47253699911240404,0.10686501165915456,0.0021244856490258636,0.023489335688193516,0.008901417526596284,0.00043269248631363886,0.0024398107176008175,0.0037382667318331653,0.0028199073273015396,7.210319823797473e-05,0.47253699911240404,10.68108713915643,0.013158535541215322
0.08,0.03,0.002,1,True,2.070499999999859,0.10701419061289871,0.556002039749368,169.21153596201438,8.327489387950752,0.4700986503773211,0.1448000426702964,0.001708156019624724,0.057523184816296764,0.011171511479831942,0.0248355844496532,0.0009354943560314564,0.0022699793469177273,0.0034831077814613254,3.0286949087099423e-05,0.4731577435179982,9.212803007193706,0.012535131086748067
0.08,0.03,0.002,2,True,1.8454999999998523,0.6585864732587952,5.192704663752438,173.96679182262992,9.897537614960052,0.1813952273654157,0.04709484122292082,0.0011044052733180985,0.024924557170706164,0.025912966293074165,0.0024063537379950413,0.001800301577896962,0.003185681580435384,0.0015637032200998104,1.161067493821754e-05,0.444596814262228,10.231888726552896,0.010622656627804278
0.08,0.03,0.002,3,True,1.7554999999998622,0.8329640450285739,6.572006224077049,155.04219698730157,9.104886710837738,0.259765227312967,0.037892246206546784,0.0008127017608135093,0.021840525329804985,0.02562803823454073,0.015240966464155783,0.00028238592672119757,0.0022993808207094216,0.0024371538944225023,1.5412303097482646e-05,0.49239602374655833,9.352126819818665,0.008912281904956621
0.08,0.03,0.002,4,True,2.160499999999889,0.500672214986955,4.153417532808231,164.17562262011748,9.344577471162719,0.5066500685155163,0.12830077722747435,0.0036220599140287797,0.03556637764071808,0.02947736152556949,0.002116282156798607,0.0018220674959850889,0.0021294597531318175,0.0034057036209574217,1.60420785683912e-05,0.5066500685155163,10.048268349666515,0.014022150797159886
0.08,0.03,0.002,5,True,2.2604999999999222,0.08892546741405985,0.41148210712080613,155.7127315850407,9.35442898837546,0.4210708019156255,0.14831783970458634,0.002847440277994798,0.05039703948682469,0.019337162342927122,0.0074822626339227484,0.0001617921071449693,0.002150106642356555,0.002225419616259996,1.1304406335961537e-05,0.4210708019156255,10.784801797232584,0.011523691115879878
0.08,0.03,0.002,6,True,3.220500000000243,0.11802457366328849,0.6975714299450246,252.25986783944927,9.016667764444907,0.4867114367610584,0.10636049712087318,0.0017884136569469048,0.027163543490666922,0.01611947927549832,0.009804302396366918,0.0029623349705594,0.002898268817821438,0.003022971791513481,2.4438083011449394e-05,0.4867114367610584,9.367174052139356,0.005517292319837753
0.08,0.03,0.002,7,False,inf,92.15527472532732,9.21164310184901,149.79714146581054,8.951462143682638,0.3213638475697067,0.10628818710414645,0.0020809973356412242,0.05486069004847877,0.025065085185394256,0.005895910446750368,0.0009004988547336763,0.003620660336188786,0.0010157959136967243,9.243566384669972e-05,0.49889522059021285,9.925295980985247,0.008030324268193136
0.08,0.03,0.002,8,True,2.2454999999999172,0.14525145884061016,1.0584545070273812,169.36508727869614,8.728111448575987,0.3968536073013528,0.08389537599581785,0.001237666433073275,0.059363842166896275,0.015011638446681368,0.020644162864735433,0.0026096895350886484,0.002173254419617582,0.0023136456193683964,2.7440165521545802e-05,0.4271231740331686,9.94314245206847,0.007413521450846823
0.08,0.03,0.002,9,False,inf,87.18721996432825,8.175319746646135,163.0780146834276,9.120773774198359,0.41876512438463015,0.15245776874768124,0.0031903885322791745,0.024340860454377767,0.02126925930113436,0.02035579469014759,0.002148223888810696,0.0037461403614715227,0.003581180947548654,0.00012020741258969977,0.41876512438463015,9.875646939803113,0.00984944326977288
0.08,0.03,0.002,10,False,inf,86.5904141837391,85.6278272839828,428.30975060075775,9.467560560644108,0.4602529357301176,0.18312624056524487,0.003704716329310304,0.02038409050395734,0.026225787476039677,0.003908196843223018,0.0015384138493096946,0.0014077588120615199,0.0030671094393433934,9.771745351894099e-05,0.4602529357301176,10.716444487502452,0.013253329063847984
0.08,0.03,0.002,11,True,1.8254999999998545,0.7825071683543848,6.415163835438455,159.39040267865334,9.652273297984767,0.15982591083869,0.050253097389295294,0.0008758319652234292,0.03496389312200575,0.021232963867713863,0.0007510764828339755,0.0004437782537323678,0.0037846330688811086,0.0012112617284625905,1.4211044766893634e-05,0.5146261591423446,10.17437259788254,0.00868993123729791
0.08,0.03,0.002,12,True,2.7105000000000725,0.11114658756458054,0.5554976962016512,298.0413362815769,9.467970717656488,0.5092161748652868,0.0871135886265365,0.0010838336019541883,0.057337647142971224,0.012165048459874749,0.004693838148510661,0.0010496677217878725,0.0016916237397697179,0.003011337228318354,1.3656639817761454e-05,0.5092161748652868,10.556601227494834,0.005028270321866201
0.08,0.03,0.002,13,True,2.3154999999999406,0.35084288840312294,2.9269994177294714,161.1243551918259,9.335845625727169,0.5106823465188471,0.12743764818686804,0.0031602170290511893,0.05276512574660295,0.025842514773255526,0.0068446497361148734,0.00023159837315526422,0.00383939734133819,0.0028413750731413057,1.0071496504630682e-05,0.5106823465188471,10.761548012689753,0.007862966041661704
0.08,0.03,0.002,14,False,inf,86.12312848770766,142.19659132539394,267.882207903217,9.430601937526056,0.46458555040672866,0.14548810540796614,0.002979344988679685,0.028047333341712825,0.023460264722805206,0.022517857178019643,0.001923952442364494,0.002645089626439942,0.00328694026759358,6.957465863408183e-05,0.46458555040672866,10.094407449984567,0.012463223600913117
0.08,0.03,0.002,15,True,2.3304999999999456,0.09230889209546347,0.4504348641574095,188.2638473084447,9.595251360713624,0.4635290062633226,0.14892571422128068,0.002341415082513897,0.05079085556680287,0.015576948671442846,0.001173860694578235,0.001714791771101193,0.0014387362801707927,0.0031563141306264137,2.547831869663868e-05,0.4635290062633226,10.747204198879444,0.012814660277720307
0.08,0.03,0.004,0,True,3.0905000000001994,0.19351829261512404,1.6404182167127015,278.2850992165834,9.86916816100481,0.47253699911240404,0.20278759955908193,0.0021244856490258636,0.023489335688193516,0.008901417526596284,0.00043269248631363886,0.0024398107176008175,0.0037382667318331653,0.0028199073273015396,7.210319823797473e-05,0.47253699911240404,10.68108713915643,0.013158535541215322
0.08,0.03,0.004,1,False,inf,83.23926246839365,70.05761957247795,153.4230205629418,8.327460632354162,0.4731577435179982,0.1256551265568864,0.001708156019624724,0.057523184816296764,0.011171511479831942,0.0248355844496532,0.0009354943560314564,0.0022699793469177273,0.0034831077814613254,3.0286949087099423e-05,0.4731577435179982,9.212803007193706,0.012535131086748067
0.08,0.03,0.004,2,True,1.9154999999998445,0.569842691648417,4.6425857974111615,177.19763026158765,9.893094101073919,0.18288863545756825,0.04905385996792977,0.0011044052733180985,0.024924557170706164,0.025912966293074165,0.0024063537379950413,0.001800301577896962,0.003185681580435384,0.0015637032200998104,1.161067493821754e-05,0.444596814262228,10.231888726552896,0.010622656627804278
0.08,0.03,0.004,3,True,1.7804999999998594,0.6677032951611932,5.571985261325226,154.300080438767,9.102911555159734,0.14518469432344794,0.03771448341011356,0.0008127017608135093,0.021840525329804985,0.02562803823454073,0.015240966464155783,0.00028238592672119757,0.0022993808207094216,0.0024371538944225023,1.5412303097482646e-05,0.49239602374655833,9.352126819818665,0.008912281904956621
0.08,0.03,0.004,4,True,2.250499999999919,0.2944971591790607,2.386868412094876,164.50218133444267,9.343438503162487,0.5030490865270068,0.1344280614814205,0.0036220599140287797,0.03556637764071808,0.02947736152556949,0.002116282156798607,0.0018220674959850889,0.0021294597531318175,0.0034057036209574217,1.60420785683912e-05,0.5066500685155163,10.048268349666515,0.014022150797159886
0.08,0.03,0.004,5,True,3.3305000000002796,0.15640074229374706,1.2055087363004056,280.763678630594,9.552820982051966,0.4210708019156255,0.1508340330141027,0.002847440277994798,0.05039703948682469,0.019337162342927122,0.0074822626339227484,0.0001617921071449693,0.002150106642356555,0.002225419616259996,1.1304406335961537e-05,0.4210708019156255,10.784801797232584,0.011523691115879878
0.08,0.03,0.004,6,True,1.7504999999998627,0.10846874206592622,0.5459595699086235,152.92439060217515,8.941834303071834,0.3942345048099397,0.10997655342151971,0.0017884136569469048,0.027163543490666922,0.01611947927549832,0.009804302396366918,0.0029623349705594,0.002898268817821438,0.003022971791513481,2.4438083011449394e-05,0.4867114367610584,9.367174052139356,0.005517292319837753
0.08,0.03,0.004,7,True,5.4004999999997265,1.5877863021496081,12.193540745684478,337.3848264876749,8.949480724379887,0.49889522059021285,0.10313870015660624,0.0020809973356412242,0.05486069004847877,0.025065085185394256,0.005895910446750368,0.0009004988547336763,0.003620660336188786,0.0010157959136967243,9.243566384669972e-05,0.49889522059021285,9.925295980985247,0.008030324268193136
0.08,0.03,0.004,8,True,2.3504999999999523,0.13377942302949142,0.7777482239623588,211.56871330480323,8.725845727560117,0.378317093167894,0.08635665075943272,0.001237666433073275,0.059363842166896275,0.015011638446681368,0.020644162864735433,0.0026096895350886484,0.002173254419617582,0.0023136456193683964,2.7440165521545802e-05,0.4271231740331686,9.94314245206847,0.007413521450846823
0.08,0.03,0.004,9,False,inf,86.46816589198589,139.63243523477863,296.5279815202914,9.508366110955313,0.41876512438463015,0.13745170211717353,0.0031903885322791745,0.024340860454377767,0.02126925930113436,0.02035579469014759,0.002148223888810696,0.0037461403614715227,0.003581180947548654,0.00012020741258969977,0.41876512438463015,9.875646939803113,0.00984944326977288
0.08,0.03,0.004,10,False,7.310499999998668,32.25115887218311,62.99192413192772,318.2146658535516,9.50408253239122,0.4602529357301176,0.16229618067168203,0.003704716329310304,0.02038409050395734,0.026225787476039677,0.003908196843223018,0.0015384138493096946,0.0014077588120615199,0.0030671094393433934,9.771745351894099e-05,0.4602529357301176,10.716444487502452,0.013253329063847984
0.08,0.03,0.004,11,True,1.8804999999998484,0.7043326023141064,5.5876777640558055,162.693074582784,9.649198057954338,0.1599637774257028,0.05130969454311807,0.0008758319652234292,0.03496389312200575,0.021232963867713863,0.0007510764828339755,0.0004437782537323678,0.0037846330688811086,0.0012112617284625905,1.4211044766893634e-05,0.5146261591423446,10.17437259788254,0.00868993123729791
0.08,0.03,0.004,12,True,2.7105000000000725,0.11501127889824768,0.5806261992194292,345.520793008745,9.464183449575117,0.5092161748652868,0.08699118825373531,0.0010838336019541883,0.057337647142971224,0.012165048459874749,0.004693838148510661,0.0010496677217878725,0.0016916237397697179,0.003011337228318354,1.3656639817761454e-05,0.5092161748652868,10.556601227494834,0.005028270321866201
0.08,0.03,0.004,13,True,3.1205000000002094,0.45526095095603103,3.30604572321841,217.5770783164437,9.270656955754747,0.5106823465188471,0.13266579153916175,0.0031602170290511893,0.05276512574660295,0.025842514773255526,0.0068446497361148734,0.00023159837315526422,0.00383939734133819,0.0028413750731413057,1.0071496504630682e-05,0.5106823465188471,10.761548012689753,0.007862966041661704
0.08,0.03,0.004,14,True,2.2104999999999055,0.8503216729685098,6.55578917890873,173.44744356397433,9.484303115597747,0.46458555040672866,0.1308056379098846,0.002979344988679685,0.028047333341712825,0.023460264722805206,0.022517857178019643,0.001923952442364494,0.002645089626439942,0.00328694026759358,6.957465863408183e-05,0.46458555040672866,10.094407449984567,0.012463223600913117
0.08,0.03,0.004,15,True,1.7904999999998583,0.11856515836448993,0.7306812093735193,149.62660195501363,9.517209725521488,0.4635290062633226,0.14935527352935174,0.002341415082513897,0.05079085556680287,0.015576948671442846,0.001173860694578235,0.001714791771101193,0.0014387362801707927,0.0031563141306264137,2.547831869663868e-05,0.4635290062633226,10.747204198879444,0.012814660277720307
0.08,0.03,0.008,0,True,1.7954999999998578,0.16529032461054893,0.6575782482884165,150.85364559149303,9.863276318688008,0.47253699911240404,0.21207664517055286,0.0021244856490258636,0.023489335688193516,0.008901417526596284,0.00043269248631363886,0.0024398107176008175,0.0037382667318331653,0.0028199073273015396,7.210319823797473e-05,0.47253699911240404,10.68108713915643,0.013158535541215322
0.08,0.03,0.008,1,True,2.7855000000000976,0.10542449798592951,0.4709761803832377,191.93474928609535,8.325543827330199,0.4731577435179982,0.15176400420481798,0.001708156019624724,0.057523184816296764,0.011171511479831942,0.0248355844496532,0.0009354943560314564,0.0022699793469177273,0.0034831077814613254,3.0286949087099423e-05,0.4731577435179982,9.212803007193706,0.012535131086748067
0.08,0.03,0.008,2,True,1.9154999999998445,0.5232378529589418,4.268506499065024,179.0837942395429,9.891109216455064,0.1826552396326698,0.049727978987409494,0.0011044052733180985,0.024924557170706164,0.025912966293074165,0.0024063537379950413,0.001800301577896962,0.003185681580435384,0.0015637032200998104,1.161067493821754e-05,0.444596814262228,10.231888726552896,0.010622656627804278
0.08,0.03,0.008,3,True,1.8004999999998572,0.6465673239604249,5.207297223513304,152.80482511467784,9.100211985465368,0.19424351005219176,0.03834841209974612,0.0008127017608135093,0.021840525329804985,0.02562803823454073,0.015240966464155783,0.00028238592672119757,0.0022993808207094216,0.0024371538944225023,1.5412303097482646e-05,0.49239602374655833,9.352126819818665,0.008912281904956621
0.08,0.03,0.008,4,True,2.280499999999929,0.10754392606134335,0.7766882239103825,175.0762633320177,9.342530100965574,0.5037810818801929,0.13710703527040327,0.0036220599140287797,0.03556637764071808,0.02947736152556949,0.002116282156798607,0.0018220674959850889,0.0021294597531318175,0.0034057036209574217,1.60420785683912e-05,0.5066500685155163,10.048268349666515,0.014022150797159886
0.08,0.03,0.008,5,True,2.3904999999999657,0.15662226037135177,1.0518373743155063,163.87962587500067,9.403995367472223,0.4210708019156255,0.15163804029561975,0.002847440277994798,0.05039703948682469,0.019337162342927122,0.0074822626339227484,0.0001617921071449693,0.002150106642356555,0.002225419616259996,1.1304406335961537e-05,0.4210708019156255,10.784801797232584,0.011523691115879878
0.08,0.03,0.008,6,True,1.765499999999861,0.10520938784735125,0.4380832583852921,153.33587019306464,8.936977178741389,0.39714311007338543,0.11130132378979947,0.0017884136569469048,0.027163543490666922,0.01611947927549832,0.009804302396366918,0.0029623349705594,0.002898268817821438,0.003022971791513481,2.4438083011449394e-05,0.4867114367610584,9.367174052139356,0.005517292319837753
0.08,0.03,0.008,7,True,2.250499999999919,0.9256755874455511,7.644234812802066,159.06206118483982,8.958244292442465,0.49615558528695153,0.09341362788161932,0.0020809973356412242,0.05486069004847877,0.025065085185394256,0.005895910446750368,0.0009004988547336763,0.003620660336188786,0.0010157959136967243,9.243566384669972e-05,0.49889522059021285,9.925295980985247,0.008030324268193136
0.08,0.03,0.008,8,True,3.3655000000002913,0.12421193111510044,0.8413964467077384,234.31005613498385,8.723022902668733,0.4011325514062823,0.08700539108832159,0.001237666433073275,0.059363842166896275,0.015011638446681368,0.020644162864735433,0.0026096895350886484,0.002173254419617582,0.0023136456193683964,2.7440165521545802e-05,0.4271231740331686,9.94314245206847,0.007413521450846823
0.08,0.03,0.008,9,True,2.160499999999889,0.34501053544340005,3.3306755207697454,160.6387140133326,9.279523006316792,0.41876512438463015,0.1705306794244576,0.0031903885322791745,0.024340860454377767,0.02126925930113436,0.02035579469014759,0.002148223888810696,0.0037461403614715227,0.003581180947548654,0.00012020741258969977,0.41876512438463015,9.875646939803113,0.00984944326977288
0.08,0.03,0.008,10,True,2.205499999999904,0.35583063498885703,2.7696538624416656,160.53918891345123,9.46677750960102,0.4602529357301176,0.14092302030631193,0.003704716329310304,0.02038409050395734,0.026225787476039677,0.003908196843223018,0.0015384138493096946,0.0014077588120615199,0.0030671094393433934,9.771745351894099e-05,0.4602529357301176,10.716444487502452,0.013253329063847984
0.08,0.03,0.008,11,True,1.9054999999998457,0.6646846456362777,5.1951977704995365,177.4007392099411,9.64326521485087,0.23117821583390763,0.051128811232674376,0.0008758319652234292,0.03496389312200575,0.021232963867713863,0.0007510764828339755,0.0004437782537323678,0.0037846330688811086,0.0012112617284625905,1.4211044766893634e-05,0.5146261591423446,10.17437259788254,0.00868993123729791
0.08,0.03,0.008,12,True,1.8604999999998506,0.11515153598924918,0.5706742801791244,163.20266472550568,9.45985760791147,0.3118499525888624,0.08826815076311209,0.0010838336019541883,0.057337647142971224,0.012165048459874749,0.004693838148510661,0.0010496677217878725,0.0016916237397697179,0.003011337228318354,1.3656639817761454e-05,0.5092161748652868,10.556601227494834,0.005028270321866201
0.08,0.03,0.008,13,True,3.4205000000003096,0.38971910905601986,2.8689647205422903,165.91970232592908,9.266144126618336,0.5106823465188471,0.13611309428304197,0.0031602170290511893,0.05276512574660295,0.025842514773255526,0.0068446497361148734,0.00023159837315526422,0.00383939734133819,0.0028413750731413057,1.0071496504630682e-05,0.5106823465188471,10.761548012689753,0.007862966041661704
0.08,0.03,0.008,14,True,2.7905000000000992,0.17897039178318347,1.3003294313913194,170.1205053014117,9.419435201795245,0.46458555040672866,0.13125351392033385,0.002979344988679685,0.028047333341712825,0.023460264722805206,0.022517857178019643,0.001923952442364494,0.002645089626439942,0.00328694026759358,6.957465863408183e-05,0.46458555040672866,10.094407449984567,0.012463223600913117
0.08,0.03,0.008,15,True,1.8004999999998572,0.10057784183454055,0.5307962387589071,154.23966070296095,9.487388691673933,0.4635290062633226,0.15387932911231306,0.002341415082513897,0.05079085556680287,0.015576948671442846,0.001173860694578235,0.001714791771101193,0.0014387362801707927,0.0031563141306264137,2.547831869663868e-05,0.4635290062633226,10.747204198879444,0.012814660277720307
0.08,0.04,0.0,0,False,inf,126.42538602692515,37.392989383116934,125.99580923025933,9.879340961579624,0.3102923110595609,0.19402844664848895,0.0021244856490258636,0.023489335688193516,0.008901417526596284,0.00043269248631363886,0.0024398107176008175,0.0037382667318331653,0.0028199073273015396,7.210319823797473e-05,0.47253699911240404,10.68108713915643,0.013158535541215322
0.08,0.04,0.0,1,False,inf,95.92621640975638,15.01567788148728,101.24641903142756,8.298102617447912,0.314779214736747,0.15903044559941112,0.001708156019624724,0.057523184816296764,0.011171511479831942,0.0248355844496532,0.0009354943560314564,0.0022699793469177273,0.0034831077814613254,3.0286949087099423e-05,0.4731577435179982,9.212803007193706,0.012535131086748067
0.08,0.04,0.0,2,False,inf,95.57840394780692,13.784774245565641,137.69804440156136,9.890775039982925,0.18350387987306713,0.07474167858730749,0.0011044052733180985,0.024924557170706164,0.025912966293074165,0.0024063537379950413,0.001800301577896962,0.003185681580435384,0.0015637032200998104,1.161067493821754e-05,0.444596814262228,10.231888726552896,0.010622656627804278
0.08,0.04,0.0,3,False,inf,97.65017719129857,15.452809528498955,123.18261661806679,9.10526025918863,0.1456745312615653,0.06251203960148007,0.0008127017608135093,0.021840525329804985,0.02562803823454073,0.015240966464155783,0.00028238592672119757,0.0022993808207094216,0.0024371538944225023,1.5412303097482646e-05,0.49239602374655833,9.352126819818665,0.008912281904956621
0.08,0.04,0.0,4,False,inf,96.71144780912374,16.209158721997248,116.66039616435664,9.064785843743515,0.500201568168952,0.25729902239842567,0.0036220599140287797,0.03556637764071808,0.02947736152556949,0.002116282156798607,0.0018220674959850889,0.0021294597531318175,0.0034057036209574217,1.60420785683912e-05,0.5066500685155163,10.048268349666515,0.014022150797159886
0.08,0.04,0.0,5,False,inf,92.82647969148627,10.536286987266278,116.37115095933378,9.100409496052269,0.39445691582387754,0.1685540693742879,0.002847440277994798,0.05039703948682469,0.019337162342927122,0.0074822626339227484,0.0001617921071449693,0.002150106642356555,0.002225419616259996,1.1304406335961537e-05,0.4210708019156255,10.784801797232584,0.011523691115879878
0.08,0.04,0.0,6,False,inf,94.86333690262666,12.683424896986539,111.12703610363639,8.900929149276486,0.2810760540035688,0.1341351174444961,0.0017884136569469048,0.027163543490666922,0.01611947927549832,0.009804302396366918,0.0029623349705594,0.002898268817821438,0.003022971791513481,2.4438083011449394e-05,0.4867114367610584,9.367174052139356,0.005517292319837753
0.08,0.04,0.0,7,False,inf,179.218837081011,173.70551483291905,1452.1029946050342,8.92282167340724,0.259621622386412,0.07074774366942974,0.0020809973356412242,0.05486069004847877,0.025065085185394256,0.005895910446750368,0.0009004988547336763,0.003620660336188786,0.0010157959136967243,9.243566384669972e-05,0.49889522059021285,9.925295980985247,0.008030324268193136
0.08,0.04,0.0,8,False,inf,96.5823740034439,15.66633343744455,105.32597861118566,8.705035180253466,0.23827800928017195,0.11449740423784655,0.001237666433073275,0.059363842166896275,0.015011638446681368,0.020644162864735433,0.0026096895350886484,0.002173254419617582,0.0023136456193683964,2.7440165521545802e-05,0.4271231740331686,9.94314245206847,0.007413521450846823
0.08,0.04,0.0,9,False,inf,179.82895270149706,64.48437177411907,1486.6251289241013,9.052555051346822,0.3121487683559736,0.08718400666457497,0.0031903885322791745,0.024340860454377767,0.02126925930113436,0.02035579469014759,0.002148223888810696,0.0037461403614715227,0.003581180947548654,0.00012020741258969977,0.41876512438463015,9.875646939803113,0.00984944326977288
0.08,0.04,0.0,10,False,inf,179.86846835607025,82.88749786992592,1406.7288888767127,9.099715698612542,0.3561495278245133,0.08899721889809245,0.003704716329310304,0.02038409050395734,0.026225787476039677,0.003908196843223018,0.0015384138493096946,0.0014077588120615199,0.0030671094393433934,9.771745351894099e-05,0.4602529357301176,10.716444487502452,0.013253329063847984
0.08,0.04,0.0,11,False,inf,95.97837234726214,13.172292739812152,126.42549729906835,9.652109911388342,0.16067878865068835,0.06789408427349664,0.0008758319652234292,0.03496389312200575,0.021232963867713863,0.0007510764828339755,0.0004437782537323678,0.0037846330688811086,0.0012112617284625905,1.4211044766893634e-05,0.5146261591423446,10.17437259788254,0.00868993123729791
0.08,0.04,0.0,12,False,inf,93.64849083808592,24.434509412974364,123.05652403793435,9.464234652492292,0.2171038873786173,0.09061966298932468,0.0010838336019541883,0.057337647142971224,0.012165048459874749,0.004693838148510661,0.0010496677217878725,0.0016916237397697179,0.003011337228318354,1.3656639817761454e-05,0.5092161748652868,10.556601227494834,0.005028270321866201
0.08,0.04,0.0,13,False,inf,92.59986130666469,12.450987305252438,127.56872970901084,9.213248980889567,0.4559885627159023,0.20446224332336685,0.0031602170290511893,0.05276512574660295,0.025842514773255526,0.0068446497361148734,0.00023159837315526422,0.00383939734133819,0.0028413750731413057,1.0071496504630682e-05,0.5106823465188471,10.761548012689753,0.007862966041661704
0.08,0.04,0.0,14,False,inf,129.06460595477623,33.020868346945655,165.88106123335868,9.202450783863164,0.44263862096277257,0.24670218305654348,0.002979344988679685,0.028047333341712825,0.023460264722805206,0.022517857178019643,0.001923952442364494,0.002645089626439942,0.00328694026759358,6.957465863408183e-05,0.46458555040672866,10.094407449984567,0.012463223600913117
0.08,0.04,0.0,15,False,inf,95.19489147593089,11.804496470323938,113.7014677351023,9.448897879677022,0.3729651505198937,0.18385432566704155,0.002341415082513897,0.05079085556680287,0.015576948671442846,0.001173860694578235,0.001714791771101193,0.0014387362801707927,0.0031563141306264137,2.547831869663868e-05,0.4635290062633226,10.747204198879444,0.012814660277720307
0.08,0.04,0.002,0,True,1.3404999999999079,0.24755515361261093,1.882430936018763,130.30584192203742,9.867435989387765,0.47253699911240404,0.15374990764248417,0.0021244856490258636,0.023489335688193516,0.008901417526596284,0.00043269248631363886,0.0024398107176008175,0.0037382667318331653,0.0028199073273015396,7.210319823797473e-05,0.47253699911240404,10.68108713915643,0.013158535541215322
0.08,0.04,0.002,1,True,1.285499999999914,0.1175861100689079,0.3813872697313387,125.75554235582025,8.323889765586742,0.4731577435179982,0.10991244110909232,0.001708156019624724,0.057523184816296764,0.011171511479831942,0.0248355844496532,0.0009354943560314564,0.0022699793469177273,0.0034831077814613254,3.0286949087099423e-05,0.4731577435179982,9.212803007193706,0.012535131086748067
0.08,0.04,0.002,2,True,1.4954999999998908,0.7974139558537646,5.016521924602474,168.74197867677142,9.895781670034058,0.21239913645453298,0.04051634426203146,0.0011044052733180985,0.024924557170706164,0.025912966293074165,0.0024063537379950413,0.001800301577896962,0.003185681580435384,0.0015637032200998104,1.161067493821754e-05,0.444596814262228,10.231888726552896,0.010622656627804278
0.08,0.04,0.002,3,True,1.4054999999999007,0.9885829062095618,6.139146220267564,144.64309270353317,9.103396828222772,0.14583548282151584,0.031506648582630505,0.0008127017608135093,0.021840525329804985,0.02562803823454073,0.015240966464155783,0.00028238592672119757,0.0022993808207094216,0.0024371538944225023,1.5412303097482646e-05,0.49239602374655833,9.352126819818665,0.008912281904956621
0.08,0.04,0.002,4,True,1.7954999999998578,0.6207180962483086,3.7954394955494215,153.68012336776178,9.344349270510786,0.5042998881406792,0.10440003708111834,0.0036220599140287797,0.03556637764071808,0.02947736152556949,0.002116282156798607,0.0018220674959850889,0.0021294597531318175,0.0034057036209574217,1.60420785683912e-05,0.5066500685155163,10.048268349666515,0.014022150797159886
0.08,0.04,0.002,5,True,1.375499999999904,0.10200959857716574,0.6322278490114188,142.69514147990367,9.173600128743152,0.4210708019156255,0.11391916097901454,0.002847440277994798,0.05039703948682469,0.019337162342927122,0.0074822626339227484,0.0001617921071449693,0.002150106642356555,0.002225419616259996,1.1304406335961537e-05,0.4210708019156255,10.784801797232584,0.011523691115879878
0.08,0.04,0.002,6,True,1.3654999999999051,0.10363215051903878,0.4127767251949867,134.433516866528,8.936383409055889,0.36668646998646937,0.080468137508977,0.0017884136569469048,0.027163543490666922,0.01611947927549832,0.009804302396366918,0.0029623349705594,0.002898268817821438,0.003022971791513481,2.4438083011449394e-05,0.4867114367610584,9.367174052139356,0.005517292319837753
0.08,0.04,0.002,7,True,3.3155000000002746,2.8295332538659066,15.15029839677768,208.514273757022,8.94968132349008,0.49889522059021285,0.1004546615578437,0.0020809973356412242,0.05486069004847877,0.025065085185394256,0.005895910446750368,0.0009004988547336763,0.003620660336188786,0.0010157959136967243,9.243566384669972e-05,0.49889522059021285,9.925295980985247,0.008030324268193136
0.08,0.04,0.002,8,True,1.3154999999999106,0.6341155201010487,4.237773078369794,123.35169772397948,8.724622222022935,0.2508817467803498,0.07556250212310818,0.001237666433073275,0.059363842166896275,0.015011638446681368,0.020644162864735433,0.0026096895350886484,0.002173254419617582,0.0023136456193683964,2.7440165521545802e-05,0.4271231740331686,9.94314245206847,0.007413521450846823
0.08,0.04,0.002,9,False,inf,79.37999415324198,126.19816153960218,378.30195644251,9.456920300251898,0.41876512438463015,0.16433250787802908,0.0031903885322791745,0.024340860454377767,0.02126925930113436,0.02035579469014759,0.002148223888810696,0.0037461403614715227,0.003581180947548654,0.00012020741258969977,0.41876512438463015,9.875646939803113,0.00984944326977288
0.08,0.04,0.002,10,True,2.765500000000091,2.4663318387371924,12.632077119644016,207.95145999045897,9.745959955025478,0.4602529357301176,0.13938582741786568,0.003704716329310304,0.02038409050395734,0.026225787476039677,0.003908196843223018,0.0015384138493096946,0.0014077588120615199,0.0030671094393433934,9.771745351894099e-05,0.4602529357301176,10.716444487502452,0.013253329063847984
0.08,0.04,0.002,11,True,1.475499999999893,0.9507622638427018,6.0868305610681315,154.86529965074158,9.650450349136863,0.16085202713129187,0.043537083925105524,0.0008758319652234292,0.03496389312200575,0.021232963867713863,0.0007510764828339755,0.0004437782537323678,0.0037846330688811086,0.0012112617284625905,1.4211044766893634e-05,0.5146261591423446,10.17437259788254,0.00868993123729791
0.08,0.04,0.002,12,True,1.430499999999898,0.12521949265956264,0.563352415466974,147.77933629613378,9.466283224415063,0.24733907166812963,0.06790819247116917,0.0010838336019541883,0.057337647142971224,0.012165048459874749,0.004693838148510661,0.0010496677217878725,0.0016916237397697179,0.003011337228318354,1.3656639817761454e-05,0.5092161748652868,10.556601227494834,0.005028270321866201
0.08,0.04,0.002,13,True,1.3954999999999018,0.678982294248846,3.903072233611888,149.422813629071,9.233657689711222,0.4481644018033583,0.10320750245118213,0.0031602170290511893,0.05276512574660295,0.025842514773255526,0.0068446497361148734,0.00023159837315526422,0.00383939734133819,0.0028413750731413057,1.0071496504630682e-05,0.5106823465188471,10.761548012689753,0.007862966041661704
0.08,0.04,0.002,14,True,1.7504999999998627,1.7572292842169515,9.229161783110976,151.49556654184192,9.387323265949805,0.43177683879160655,0.11239495784745016,0.002979344988679685,0.028047333341712825,0.023460264722805206,0.022517857178019643,0.001923952442364494,0.002645089626439942,0.00328694026759358,6.957465863408183e-05,0.46458555040672866,10.094407449984567,0.012463223600913117
0.08,0.04,0.002,15,True,1.3804999999999035,0.08492005068004832,0.2873624287635065,141.06623024030426,9.406525546166986,0.43490726302394483,0.11336322333659349,0.002341415082513897,0.05079085556680287,0.015576948671442846,0.001173860694578235,0.001714791771101193,0.0014387362801707927,0.0031563141306264137,2.547831869663868e-05,0.4635290062633226,10.747204198879444,0.012814660277720307
0.08,0.04,0.004,0,True,1.375499999999904,0.17098043728448456,0.7958903530731829,135.56866756160522,9.869915161817632,0.47253699911240404,0.16201859603117968,0.0021244856490258636,0.023489335688193516,0.008901417526596284,0.00043269248631363886,0.0024398107176008175,0.0037382667318331653,0.0028199073273015396,7.210319823797473e-05,0.47253699911240404,10.68108713915643,0.013158535541215322
0.08,0.04,0.004,1,True,1.3054999999999117,0.09358546126226433,0.2722563441163255,132.81356502621418,8.323923958454955,0.3894209722807761,0.11488622261102054,0.001708156019624724,0.057523184816296764,0.011171511479831942,0.0248355844496532,0.0009354943560314564,0.0022699793469177273,0.0034831077814613254,3.0286949087099423e-05,0.4731577435179982,9.212803007193706,0.012535131086748067
0.08,0.04,0.004,2,True,1.6954999999998688,0.7533653736536778,4.695644033051202,172.0898211756786,9.889211771939095,0.39905709059902905,0.03998070977986832,0.0011044052733180985,0.024924557170706164,0.025912966293074165,0.0024063537379950413,0.001800301577896962,0.003185681580435384,0.0015637032200998104,1.161067493821754e-05,0.444596814262228,10.231888726552896,0.010622656627804278
0.08,0.04,0.004,3,True,1.4254999999998985,0.8479879465081178,5.574020728989325,144.59143434038253,9.099973778295125,0.1459349196041331,0.03209379479420606,0.0008127017608135093,0.021840525329804985,0.02562803823454073,0.015240966464155783,0.00028238592672119757,0.0022993808207094216,0.0024371538944225023,1.5412303097482646e-05,0.49239602374655833,9.352126819818665,0.008912281904956621
0.08,0.04,0.004,4,True,3.1505000000002195,0.4221755655699882,2.5818096226644416,359.7545094315654,9.343453360115047,0.5066500685155163,0.10631370475171126,0.0036220599140287797,0.03556637764071808,0.02947736152556949,0.002116282156798607,0.0018220674959850889,0.0021294597531318175,0.0034057036209574217,1.60420785683912e-05,0.5066500685155163,10.048268349666515,0.014022150797159886
0.08,0.04,0.004,5,True,1.375499999999904,0.1266853934724593,0.5898976587088406,142.35694735159373,9.172221654985004,0.3906734984350467,0.11897048792566553,0.002847440277994798,0.05039703948682469,0.019337162342927122,0.0074822626339227484,0.0001617921071449693,0.002150106642356555,0.002225419616259996,1.1304406335961537e-05,0.4210708019156255,10.784801797232584,0.011523691115879878
0.08,0.04,0.004,6,True,1.3804999999999035,0.09769276451825042,0.37568873615470644,142.56470390707574,8.938679204965805,0.35117126996982356,0.08199920539073347,0.0017884136569469048,0.027163543490666922,0.01611947927549832,0.009804302396366918,0.0029623349705594,0.002898268817821438,0.003022971791513481,2.4438083011449394e-05,0.4867114367610584,9.367174052139356,0.005517292319837753
0.08,0.04,0.004,7,True,3.0405000000001827,1.6820200264816725,10.17146813506426,299.9992421441713,8.957201772010567,0.49889522059021285,0.08532971291684219,0.0020809973356412242,0.05486069004847877,0.025065085185394256,0.005895910446750368,0.0009004988547336763,0.003620660336188786,0.0010157959136967243,9.243566384669972e-05,0.49889522059021285,9.925295980985247,0.008030324268193136
0.08,0.04,0.004,8,True,1.3654999999999051,0.5778404687457059,3.3787621063222195,132.02663106040512,8.721312188876402,0.28567521433172194,0.07656042284624372,0.001237666433073275,0.059363842166896275,0.015011638446681368,0.020644162864735433,0.0026096895350886484,0.002173254419617582,0.0023136456193683964,2.7440165521545802e-05,0.4271231740331686,9.94314245206847,0.007413521450846823
0.08,0.04,0.004,9,True,1.7704999999998605,1.3807661064901684,8.308988776729679,165.7166594450069,9.22349503439876,0.41876512438463015,0.1353509378387875,0.0031903885322791745,0.024340860454377767,0.02126925930113436,0.02035579469014759,0.002148223888810696,0.0037461403614715227,0.003581180947548654,0.00012020741258969977,0.41876512438463015,9.875646939803113,0.00984944326977288
0.08,0.04,0.004,10,True,1.7954999999998578,1.3508462319631411,7.259718682834417,163.38101257675126,9.306986311775189,0.4602529357301176,0.11588581761652816,0.003704716329310304,0.02038409050395734,0.026225787476039677,0.003908196843223018,0.0015384138493096946,0.0014077588120615199,0.0030671094393433934,9.771745351894099e-05,0.4602529357301176,10.716444487502452,0.013253329063847984
0.08,0.04,0.004,11,True,1.6504999999998737,0.8744732453602059,5.6140562336552335,160.3172319147407,9.645802731393298,0.3620922872942026,0.043632069267593825,0.0008758319652234292,0.03496389312200575,0.021232963867713863,0.0007510764828339755,0.0004437782537323678,0.0037846330688811086,0.0012112617284625905,1.4211044766893634e-05,0.5146261591423446,10.17437259788254,0.00868993123729791
0.08,0.04,0.004,12,True,1.4604999999998947,0.11506346714670712,0.5246668627945025,152.55073205004493,9.46067370900355,0.30073674160996455,0.06925355316433948,0.0010838336019541883,0.057337647142971224,0.012165048459874749,0.004693838148510661,0.0010496677217878725,0.0016916237397697179,0.003011337228318354,1.3656639817761454e-05,0.5092161748652868,10.556601227494834,0.005028270321866201
0.08,0.04,0.004,13,True,1.4054999999999007,0.6003722493732658,3.4600193242876367,150.53856861212913,9.231471248463315,0.4492695157217775,0.1091035199322355,0.0031602170290511893,0.05276512574660295,0.025842514773255526,0.0068446497361148734,0.00023159837315526422,0.00383939734133819,0.0028413750731413057,1.0071496504630682e-05,0.5106823465188471,10.761548012689753,0.007862966041661704
0.08,0.04,0.004,14,True,3.0555000000001877,0.8694729950191918,5.049777850498132,303.38588937498497,9.385422941707771,0.46458555040672866,0.1035655081230718,0.002979344988679685,0.028047333341712825,0.023460264722805206,0.022517857178019643,0.001923952442364494,0.002645089626439942,0.00328694026759358,6.957465863408183e-05,0.46458555040672866,10.094407449984567,0.012463223600913117
0.08,0.04,0.004,15,True,1.4054999999999007,0.11091358733605915,0.5265214250263621,145.74006264670467,9.403753156379258,0.4594968327052908,0.11900982139104019,0.002341415082513897,0.05079085556680287,0.015576948671442846,0.001173860694578235,0.001714791771101193,0.0014387362801707927,0.0031563141306264137,2.547831869663868e-05,0.4635290062633226,10.747204198879444,0.012814660277720307
0.08,0.04,0.008,0,True,1.4104999999999002,0.1442445928860999,0.38809404751125276,138.99240814774217,9.792689937101343,0.47253699911240404,0.1697535454734965,0.0021244856490258636,0.023489335688193516,0.008901417526596284,0.00043269248631363886,0.0024398107176008175,0.0037382667318331653,0.0028199073273015396,7.210319823797473e-05,0.47253699911240404,10.68108713915643,0.013158535541215322
0.08,0.04,0.008,1,True,1.3254999999999095,0.11177793627981553,0.33147833494970813,133.551501406954,8.317937928529949,0.4001037364295068,0.11868603267005946,0.001708156019624724,0.057523184816296764,0.011171511479831942,0.0248355844496532,0.0009354943560314564,0.0022699793469177273,0.0034831077814613254,3.0286949087099423e-05,0.4731577435179982,9.212803007193706,0.012535131086748067
0.08,0.04,0.008,2,True,1.5354999999998864,0.6864814981610723,4.4655303558216835,171.99288528639568,9.87616919616392,0.20716263535732987,0.04077915561888356,0.0011044052733180985,0.024924557170706164,0.025912966293074165,0.0024063537379950413,0.001800301577896962,0.003185681580435384,0.0015637032200998104,1.161067493821754e-05,0.444596814262228,10.231888726552896,0.010622656627804278
0.08,0.04,0.008,3,True,1.4354999999998974,0.8152718019544787,5.085982452869267,145.79919079540943,9.094266404052966,0.14679044973717859,0.032515991989703195,0.0008127017608135093,0.021840525329804985,0.02562803823454073,0.015240966464155783,0.00028238592672119757,0.0022993808207094216,0.0024371538944225023,1.5412303097482646e-05,0.49239602374655833,9.352126819818665,0.008912281904956621
0.08,0.04,0.008,4,True,2.4104999999999723,0.373219680077303,2.3907223092803354,201.34481245556114,9.340617660949075,0.5066500685155163,0.10782654405027506,0.0036220599140287797,0.03556637764071808,0.02947736152556949,0.002116282156798607,0.0018220674959850889,0.0021294597531318175,0.0034057036209574217,1.60420785683912e-05,0.5066500685155163,10.048268349666515,0.014022150797159886
0.08,0.04,0.008,5,True,1.3904999999999024,0.14049677757935336,0.6987981358105075,145.7240420537504,9.169147799438608,0.4202386392441708,0.12215812864328618,0.002847440277994798,0.05039703948682469,0.019337162342927122,0.0074822626339227484,0.0001617921071449693,0.002150106642356555,0.002225419616259996,1.1304406335961537e-05,0.4210708019156255,10.784801797232584,0.011523691115879878
0.08,0.04,0.008,6,True,1.3704999999999046,0.09542049420426539,0.35732107618872505,142.97531649728663,8.930873922634486,0.4740905421270721,0.08624472117983245,0.0017884136569469048,0.027163543490666922,0.01611947927549832,0.009804302396366918,0.0029623349705594,0.002898268817821438,0.003022971791513481,2.4438083011449394e-05,0.4867114367610584,9.367174052139356,0.005517292319837753
0.08,0.04,0.008,7,True,1.3954999999999018,1.0955811522535475,7.215032081676502,145.0276514590438,8.956738651554023,0.3199231453283925,0.07881796793730725,0.0020809973356412242,0.05486069004847877,0.025065085185394256,0.005895910446750368,0.0009004988547336763,0.003620660336188786,0.0010157959136967243,9.243566384669972e-05,0.49889522059021285,9.925295980985247,0.008030324268193136
0.08,0.04,0.008,8,True,1.3654999999999051,0.5265490332392552,2.9993194472044076,131.23456561550705,8.712812457585336,0.2889871659149185,0.07729844780766848,0.001237666433073275,0.059363842166896275,0.015011638446681368,0.020644162864735433,0.0026096895350886484,0.002173254419617582,0.0023136456193683964,2.7440165521545802e-05,0.4271231740331686,9.94314245206847,0.007413521450846823
0.08,0.04,0.008,9,True,1.8004999999998572,0.3748287303518393,2.3024352933335632,156.25836213568815,9.279566505871399,0.41876512438463015,0.1322405099726641,0.0031903885322791745,0.024340860454377767,0.02126925930113436,0.02035579469014759,0.002148223888810696,0.0037461403614715227,0.003581180947548654,0.00012020741258969977,0.41876512438463015,9.875646939803113,0.00984944326977288
0.08,0.04,0.008,10,True,1.830499999999854,0.328803826218968,2.0852690591629797,154.97644818296953,9.302804825506547,0.4602529357301176,0.10972027646763591,0.003704716329310304,0.02038409050395734,0.026225787476039677,0.003908196843223018,0.0015384138493096946,0.0014077588120615199,0.0030671094393433934,9.771745351894099e-05,0.4602529357301176,10.716444487502452,0.013253329063847984
0.08,0.04,0.008,11,True,1.520499999999888,0.8577420972823199,5.4715596329819975,160.71968642519815,9.636598464201489,0.28992191564503317,0.04536295450700384,0.0008758319652234292,0.03496389312200575,0.021232963867713863,0.0007510764828339755,0.0004437782537323678,0.0037846330688811086,0.0012112617284625905,1.4211044766893634e-05,0.5146261591423446,10.17437259788254,0.00868993123729791
0.08,0.04,0.008,12,True,1.465499999999894,0.25305553013287646,1.2498124389262175,152.40950372260863,9.449523308597438,0.2934227416037159,0.07287196443292539,0.0010838336019541883,0.057337647142971224,0.012165048459874749,0.004693838148510661,0.0010496677217878725,0.0016916237397697179,0.003011337228318354,1.3656639817761454e-05,0.5092161748652868,10.556601227494834,0.005028270321866201
0.08,0.04,0.008,13,True,1.420499999999899,0.5265042776685099,3.3335137600073264,151.45411578998198,9.227070149144735,0.4499846887256521,0.10881427204505778,0.0031602170290511893,0.05276512574660295,0.025842514773255526,0.0068446497361148734,0.00023159837315526422,0.00383939734133819,0.0028413750731413057,1.0071496504630682e-05,0.5106823465188471,10.761548012689753,0.007862966041661704
0.08,0.04,0.008,14,True,1.4154999999998996,0.14538769211585956,0.7445813401964658,156.1793825240915,9.383081322825516,0.4310075671002578,0.10063518662767633,0.002979344988679685,0.028047333341712825,0.023460264722805206,0.022517857178019643,0.001923952442364494,0.002645089626439942,0.00328694026759358,6.957465863408183e-05,0.46458555040672866,10.094407449984567,0.012463223600913117
0.08,0.04,0.008,15,True,1.4154999999998996,0.08821881058374648,0.3362323461437233,145.86554170879856,9.39920055755992,0.4002712268273267,0.12055374955913904,0.002341415082513897,0.05079085556680287,0.015576948671442846,0.001173860694578235,0.001714791771101193,0.0014387362801707927,0.0031563141306264137,2.547831869663868e-05,0.4635290062633226,10.747204198879444,0.012814660277720307
0.08,0.05,0.0,0,False,inf,103.66721065614453,19.842171142126645,98.67678278931741,9.869692980657511,0.3430576477676222,0.23502106929086228,0.0021244856490258636,0.023489335688193516,0.008901417526596284,0.00043269248631363886,0.0024398107176008175,0.0037382667318331653,0.0028199073273015396,7.210319823797473e-05,0.47253699911240404,10.68108713915643,0.013158535541215322
0.08,0.05,0.0,1,False,inf,91.41384838437209,14.20943865132293,112.41247773418071,8.302092634731855,0.3244009364502141,0.13204058742010844,0.001708156019624724,0.057523184816296764,0.011171511479831942,0.0248355844496532,0.0009354943560314564,0.0022699793469177273,0.0034831077814613254,3.0286949087099423e-05,0.4731577435179982,9.212803007193706,0.012535131086748067
0.08,0.05,0.0,2,False,inf,88.87779032157627,11.589942759970107,256.8974463412328,9.894319726273425,0.3663497388454094,0.06146050976512204,0.0011044052733180985,0.024924557170706164,0.025912966293074165,0.0024063537379950413,0.001800301577896962,0.003185681580435384,0.0015637032200998104,1.161067493821754e-05,0.444596814262228,10.231888726552896,0.010622656627804278
0.08,0.05,0.0,3,False,inf,90.17241474358175,10.25971246091287,113.79133381022928,9.104591106067591,0.14680625493606347,0.052137669415644655,0.0008127017608135093,0.021840525329804985,0.02562803823454073,0.015240966464155783,0.00028238592672119757,0.0022993808207094216,0.0024371538944225023,1.5412303097482646e-05,0.49239602374655833,9.352126819818665,0.008912281904956621
0.08,0.05,0.0,4,False,inf,89.12284673767805,9.722777622236054,125.26414280903266,9.096068540103877,0.49893166509761877,0.20467489186659407,0.0036220599140287797,0.03556637764071808,0.02947736152556949,0.002116282156798607,0.0018220674959850889,0.0021294597531318175,0.0034057036209574217,1.60420785683912e-05,0.5066500685155163,10.048268349666515,0.014022150797159886
0.08,0.05,0.0,5,True,4.500500000000225,1.5539560824002436,7.010574023030331,331.19146447811977,9.148250571235764,0.4210708019156255,0.0868397851985857,0.002847440277994798,0.05039703948682469,0.019337162342927122,0.0074822626339227484,0.0001617921071449693,0.002150106642356555,0.002225419616259996,1.1304406335961537e-05,0.4210708019156255,10.784801797232584,0.011523691115879878
0.08,0.05,0.0,6,False,inf,91.22123397918917,10.434809552956162,111.72756632789856,8.899039343273465,0.2786016070446774,0.10704665825250552,0.0017884136569469048,0.027163543490666922,0.01611947927549832,0.009804302396366918,0.0029623349705594,0.002898268817821438,0.003022971791513481,2.4438083011449394e-05,0.4867114367610584,9.367174052139356,0.005517292319837753
0.08,0.05,0.0,7,False,inf,127.59038153029203,33.7948571204707,187.86007059185292,8.902611601695186,0.32444387932768437,0.1725445293837636,0.0020809973356412242,0.05486069004847877,0.025065085185394256,0.005895910446750368,0.0009004988547336763,0.003620660336188786,0.0010157959136967243,9.243566384669972e-05,0.49889522059021285,9.925295980985247,0.008030324268193136
0.08,0.05,0.0,8,False,inf,94.0587111743858,31.25473777007104,110.65324164992882,8.707505173825247,0.2396220573563944,0.09916268893884467,0.001237666433073275,0.059363842166896275,0.015011638446681368,0.020644162864735433,0.0026096895350886484,0.002173254419617582,0.0023136456193683964,2.7440165521545802e-05,0.4271231740331686,9.94314245206847,0.007413521450846823
0.08,0.05,0.0,9,False,inf,179.7907607661217,142.45572256252842,1385.5858570352482,8.954898439751881,0.3127503232907053,0.09644036275692118,0.0031903885322791745,0.024340860454377767,0.02126925930113436,0.02035579469014759,0.002148223888810696,0.0037461403614715227,0.003581180947548654,0.00012020741258969977,0.41876512438463015,9.875646939803113,0.00984944326977288
0.08,0.05,0.0,10,False,inf,136.10796616460965,33.31600331373193,311.2848369857082,9.268825431669821,0.4602529357301176,0.28873510121603296,0.003704716329310304,0.02038409050395734,0.026225787476039677,0.003908196843223018,0.0015384138493096946,0.0014077588120615199,0.0030671094393433934,9.771745351894099e-05,0.4602529357301176,10.716444487502452,0.013253329063847984
0.08,0.05,0.0,11,False,inf,93.11884246385641,26.494097662251985,118.41133152744953,9.651665038787415,0.1617306460586058,0.058561946886142524,0.0008758319652234292,0.03496389312200575,0.021232963867713863,0.0007510764828339755,0.0004437782537323678,0.0037846330688811086,0.0012112617284625905,1.4211044766893634e-05,0.5146261591423446,10.17437259788254,0.00868993123729791
0.08,0.05,0.0,12,False,7.41549999999861,32.382146144821846,420.7594192505181,1306.5893056380069,9.462636154393252,0.5059712024799066,0.06506185367996437,0.0010838336019541883,0.057337647142971224,0.012165048459874749,0.004693838148510661,0.0010496677217878725,0.0016916237397697179,0.003011337228318354,1.3656639817761454e-05,0.5092161748652868,10.556601227494834,0.005028270321866201
0.08,0.05,0.0,13,False,inf,87.98999186720455,8.822476942967747,113.92701949984502,9.21254349175279,0.45051612259455814,0.1659115057293925,0.0031602170290511893,0.05276512574660295,0.025842514773255526,0.0068446497361148734,0.00023159837315526422,0.00383939734133819,0.0028413750731413057,1.0071496504630682e-05,0.5106823465188471,10.761548012689753,0.007862966041661704
0.08,0.05,0.0,14,False,inf,116.62822051766238,30.444696449068136,146.06094344617867,9.200909871417812,0.4424705000274788,0.2372644295316345,0.002979344988679685,0.028047333341712825,0.023460264722805206,0.022517857178019643,0.001923952442364494,0.002645089626439942,0.00328694026759358,6.957465863408183e-05,0.46458555040672866,10.094407449984567,0.012463223600913117
0.08,0.05,0.0,15,False,inf,88.27893047754652,9.589779651408769,119.45292168952514,9.416982602976406,0.37063404200490385,0.1483597886807814,0.002341415082513897,0.05079085556680287,0.015576948671442846,0.001173860694578235,0.001714791771101193,0.0014387362801707927,0.0031563141306264137,2.547831869663868e-05,0.4635290062633226,10.747204198879444,0.012814660277720307
0.08,0.05,0.002,0,True,1.0054999999999448,0.20360391141813447,0.8281361178007947,130.2305534449554,9.678041643147933,0.47253699911240404,0.12891998087382803,0.0021244856490258636,0.023489335688193516,0.008901417526596284,0.00043269248631363886,0.0024398107176008175,0.0037382667318331653,0.0028199073273015396,7.210319823797473e-05,0.47253699911240404,10.68108713915643,0.013158535541215322
0.08,0.05,0.002,1,True,1.3404999999999079,0.10691715130283087,0.3104271999293905,113.49768671851997,8.321150774241529,0.40120126387211946,0.09677011575064841,0.001708156019624724,0.057523184816296764,0.011171511479831942,0.0248355844496532,0.0009354943560314564,0.0022699793469177273,0.0034831077814613254,3.0286949087099423e-05,0.4731577435179982,9.212803007193706,0.012535131086748067
0.08,0.05,0.002,2,True,1.1254999999999316,0.9323379898408135,5.026650965748651,155.5663674878067,9.890159567201762,0.2800410560800477,0.03586476438783152,0.0011044052733180985,0.024924557170706164,0.025912966293074165,0.0024063537379950413,0.001800301577896962,0.003185681580435384,0.0015637032200998104,1.161067493821754e-05,0.444596814262228,10.231888726552896,0.010622656627804278
0.08,0.05,0.002,3,True,1.1054999999999338,1.13212709982905,5.97387590149555,158.2233795379025,9.106999792103322,0.18436677997816117,0.029332575624091847,0.0008127017608135093,0.021840525329804985,0.02562803823454073,0.015240966464155783,0.00028238592672119757,0.0022993808207094216,0.0024371538944225023,1.5412303097482646e-05,0.49239602374655833,9.352126819818665,0.008912281904956621
0.08,0.05,0.002,4,True,1.4154999999998996,0.7514631800336791,3.644370406091254,142.11987009249677,9.323005424188441,0.5026894391097487,0.08732553477049902,0.0036220599140287797,0.03556637764071808,0.02947736152556949,0.002116282156798607,0.0018220674959850889,0.0021294597531318175,0.0034057036209574217,1.60420785683912e-05,0.5066500685155163,10.048268349666515,0.014022150797159886
0.08,0.05,0.002,5,True,1.4154999999998996,0.09936706033641526,0.30386122499321466,134.97696505393986,9.173498323244665,0.39284159381071754,0.09471652431252536,0.002847440277994798,0.05039703948682469,0.019337162342927122,0.0074822626339227484,0.0001617921071449693,0.002150106642356555,0.002225419616259996,1.1304406335961537e-05,0.4210708019156255,10.784801797232584,0.011523691115879878
0.08,0.05,0.002,6,True,1.0104999999999442,0.09686284178325316,0.355269973059132,130.55691937338628,8.933688494732138,0.27793547723902057,0.0687362304257356,0.0017884136569469048,0.027163543490666922,0.01611947927549832,0.009804302396366918,0.0029623349705594,0.002898268817821438,0.003022971791513481,2.4438083011449394e-05,0.4867114367610584,9.367174052139356,0.005517292319837753
0.08,0.05,0.002,7,True,1.375499999999904,2.994225945222629,13.441975747081495,132.31467921543472,8.946275597459922,0.3208522511607615,0.08580084717273433,0.0020809973356412242,0.05486069004847877,0.025065085185394256,0.005895910446750368,0.0009004988547336763,0.003620660336188786,0.0010157959136967243,9.243566384669972e-05,0.49889522059021285,9.925295980985247,0.008030324268193136
0.08,0.05,0.002,8,True,1.5904999999998803,0.778804098471039,3.98043771932746,144.05941511817733,8.721468832445153,0.406260616470154,0.06808037879165277,0.001237666433073275,0.059363842166896275,0.015011638446681368,0.020644162864735433,0.0026096895350886484,0.002173254419617582,0.0023136456193683964,2.7440165521545802e-05,0.4271231740331686,9.94314245206847,0.007413521450846823
0.08,0.05,0.002,9,True,1.7504999999998627,2.6714273484836686,12.053717103581485,145.1968734150782,9.12675412267844,0.41876512438463015,0.12561822155989,0.0031903885322791745,0.024340860454377767,0.02126925930113436,0.02035579469014759,0.002148223888810696,0.0037461403614715227,0.003581180947548654,0.00012020741258969977,0.41876512438463015,9.875646939803113,0.00984944326977288
0.08,0.05,0.002,10,True,1.385499999999903,2.4786982266018933,10.052604709174902,150.2196201112023,9.30774850077649,0.4602529357301176,0.11718659790949487,0.003704716329310304,0.02038409050395734,0.026225787476039677,0.003908196843223018,0.0015384138493096946,0.0014077588120615199,0.0030671094393433934,9.771745351894099e-05,0.4602529357301176,10.716444487502452,0.013253329063847984
0.08,0.05,0.002,11,True,1.1054999999999338,1.1117415637134251,6.0771920250232645,152.32053971037058,9.647606746249357,0.24142734901757307,0.04062260379867017,0.0008758319652234292,0.03496389312200575,0.021232963867713863,0.0007510764828339755,0.0004437782537323678,0.0037846330688811086,0.0012112617284625905,1.4211044766893634e-05,0.5146261591423446,10.17437259788254,0.00868993123729791
0.08,0.05,0.002,12,True,1.0254999999999426,0.11202190611796399,0.3097167068006667,141.46311120258187,9.464168587084286,0.3347798745534861,0.05785652409773488,0.0010838336019541883,0.057337647142971224,0.012165048459874749,0.004693838148510661,0.0010496677217878725,0.0016916237397697179,0.003011337228318354,1.3656639817761454e-05,0.5092161748652868,10.556601227494834,0.005028270321866201
0.08,0.05,0.002,13,True,1.4454999999998963,0.7974821502397907,3.8398304364494584,144.21855289994812,9.23318772583349,0.4745440003436639,0.09222042713889426,0.0031602170290511893,0.05276512574660295,0.025842514773255526,0.0068446497361148734,0.00023159837315526422,0.00383939734133819,0.0028413750731413057,1.0071496504630682e-05,0.5106823465188471,10.761548012689753,0.007862966041661704
0.08,0.05,0.002,14,True,1.3804999999999035,1.7864356491841205,8.094359209941691,143.72033043003256,9.387282275243313,0.4323290666317837,0.09142997999097104,0.002979344988679685,0.028047333341712825,0.023460264722805206,0.022517857178019643,0.001923952442364494,0.002645089626439942,0.00328694026759358,6.957465863408183e-05,0.46458555040672866,10.094407449984567,0.012463223600913117
0.08,0.05,0.002,15,True,1.0254999999999426,0.08763656016559741,0.26867888510866983,137.4238507772656,9.405429062336005,0.4635290062633226,0.09772476126046163,0.002341415082513897,0.05079085556680287,0.015576948671442846,0.001173860694578235,0.001714791771101193,0.0014387362801707927,0.0031563141306264137,2.547831869663868e-05,0.4635290062633226,10.747204198879444,0.012814660277720307
0.08,0.05,0.004,0,True,1.0204999999999431,0.13600819754220037,0.6649099979471722,132.80680019743656,9.559929780691506,0.47253699911240404,0.13155425746217272,0.0021244856490258636,0.023489335688193516,0.008901417526596284,0.00043269248631363886,0.0024398107176008175,0.0037382667318331653,0.0028199073273015396,7.210319823797473e-05,0.47253699911240404,10.68108713915643,0.013158535541215322
0.08,0.05,0.004,1,True,1.3904999999999024,0.11878743604482249,0.2882605505867073,120.33125794775971,8.318685219308593,0.4015511259235247,0.09702476883501567,0.001708156019624724,0.057523184816296764,0.011171511479831942,0.0248355844496532,0.0009354943560314564,0.0022699793469177273,0.0034831077814613254,3.0286949087099423e-05,0.4731577435179982,9.212803007193706,0.012535131086748067
0.08,0.05,0.004,2,True,1.1654999999999271,0.8595574785303401,4.646120605871086,164.90347609336789,9.88603947101372,0.27720647224256345,0.03644317871185833,0.0011044052733180985,0.024924557170706164,0.025912966293074165,0.0024063537379950413,0.001800301577896962,0.003185681580435384,0.0015637032200998104,1.161067493821754e-05,0.444596814262228,10.231888726552896,0.010622656627804278
0.08,0.05,0.004,3,True,1.1004999999999343,1.0449573017938794,5.415846792779059,144.50362196018455,9.097122198041017,0.18921714619081345,0.029411888161156755,0.0008127017608135093,0.021840525329804985,0.02562803823454073,0.015240966464155783,0.00028238592672119757,0.0022993808207094216,0.0024371538944225023,1.5412303097482646e-05,0.49239602374655833,9.352126819818665,0.008912281904956621
0.08,0.05,0.004,4,True,1.4554999999998952,0.5683715125612241,2.926149407734294,151.29938394706372,9.342867501544323,0.4986765914326274,0.08838248177042433,0.0036220599140287797,0.03556637764071808,0.02947736152556949,0.002116282156798607,0.0018220674959850889,0.0021294597531318175,0.0034057036209574217,1.60420785683912e-05,0.5066500685155163,10.048268349666515,0.014022150797159886
0.08,0.05,0.004,5,True,1.4504999999998958,0.17912824179413178,0.7036904004743785,139.53791695153728,9.171439758353488,0.3902447726736484,0.10009498036768157,0.002847440277994798,0.05039703948682469,0.019337162342927122,0.0074822626339227484,0.0001617921071449693,0.002150106642356555,0.002225419616259996,1.1304406335961537e-05,0.4210708019156255,10.784801797232584,0.011523691115879878
0.08,0.05,0.004,6,True,1.0354999999999415,0.09531959166046337,0.28399161917720483,132.76956139145602,8.928793948205925,0.44042716941755955,0.06976462726620708,0.0017884136569469048,0.027163543490666922,0.01611947927549832,0.009804302396366918,0.0029623349705594,0.002898268817821438,0.003022971791513481,2.4438083011449394e-05,0.4867114367610584,9.367174052139356,0.005517292319837753
0.08,0.05,0.004,7,True,1.430499999999898,1.781633793628327,8.991516890714761,133.5164116591793,8.955065324443312,0.31887972697772615,0.07509872132666558,0.0020809973356412242,0.05486069004847877,0.025065085185394256,0.005895910446750368,0.0009004988547336763,0.003620660336188786,0.0010157959136967243,9.243566384669972e-05,0.49889522059021285,9.925295980985247,0.008030324268193136
0.08,0.05,0.004,8,True,1.0004999999999453,0.7343873291883717,3.4782735140402075,125.27486943548492,8.71480568308503,0.4149034621366889,0.0694441934799514,0.001237666433073275,0.059363842166896275,0.015011638446681368,0.020644162864735433,0.0026096895350886484,0.002173254419617582,0.0023136456193683964,2.7440165521545802e-05,0.4271231740331686,9.94314245206847,0.007413521450846823
0.08,0.05,0.004,9,True,1.3904999999999024,1.412018477858025,6.503960410880754,142.88108493652905,9.259353255133156,0.41876512438463015,0.11350277685499392,0.0031903885322791745,0.024340860454377767,0.02126925930113436,0.02035579469014759,0.002148223888810696,0.0037461403614715227,0.003581180947548654,0.00012020741258969977,0.41876512438463015,9.875646939803113,0.00984944326977288
0.08,0.05,0.004,10,True,1.4054999999999007,1.3760991284229052,6.058146042094791,150.15747371682983,9.304721652699099,0.4602529357301176,0.09888678398145495,0.003704716329310304,0.02038409050395734,0.026225787476039677,0.003908196843223018,0.0015384138493096946,0.0014077588120615199,0.0030671094393433934,9.771745351894099e-05,0.4602529357301176,10.716444487502452,0.013253329063847984
0.08,0.05,0.004,11,True,1.130499999999931,1.0504052013103424,5.902904687612862,155.80816360969388,9.643772971220965,0.22102934978998437,0.04142759697441444,0.0008758319652234292,0.03496389312200575,0.021232963867713863,0.0007510764828339755,0.0004437782537323678,0.0037846330688811086,0.0012112617284625905,1.4211044766893634e-05,0.5146261591423446,10.17437259788254,0.00868993123729791
0.08,0.05,0.004,12,True,1.0454999999999404,0.40695982325313856,1.611364304359317,144.63442818498058,9.457890592578549,0.34193261008041465,0.06398696192530913,0.0010838336019541883,0.057337647142971224,0.012165048459874749,0.004693838148510661,0.0010496677217878725,0.0016916237397697179,0.003011337228318354,1.3656639817761454e-05,0.5092161748652868,10.556601227494834,0.005028270321866201
0.08,0.05,0.004,13,True,1.485499999999892,0.7251048064004151,3.569130603003318,147.61883584894449,9.230079258786018,0.4805839879077332,0.09262274654549477,0.0031602170290511893,0.05276512574660295,0.025842514773255526,0.0068446497361148734,0.00023159837315526422,0.00383939734133819,0.0028413750731413057,1.0071496504630682e-05,0.5106823465188471,10.761548012689753,0.007862966041661704
0.08,0.05,0.004,14,True,1.4454999999998963,0.9926641606148378,4.6831476368383695,146.00507708623945,9.38501338791903,0.43225691561967217,0.08536210631392772,0.002979344988679685,0.028047333341712825,0.023460264722805206,0.022517857178019643,0.001923952442364494,0.002645089626439942,0.00328694026759358,6.957465863408183e-05,0.46458555040672866,10.094407449984567,0.012463223600913117
0.08,0.05,0.004,15,True,1.0654999999999382,0.12251009770278565,0.3428362023055462,140.70876318157602,9.401464052873767,0.3966627972614169,0.09744362351660739,0.002341415082513897,0.05079085556680287,0.015576948671442846,0.001173860694578235,0.001714791771101193,0.0014387362801707927,0.0031563141306264137,2.547831869663868e-05,0.4635290062633226,10.747204198879444,0.012814660277720307
0.08,0.05,0.008,0,True,1.0354999999999415,0.14461737307932537,0.3705372099961705,135.86696116525982,9.497140582857469,0.47253699911240404,0.13669344135640057,0.0021244856490258636,0.023489335688193516,0.008901417526596284,0.00043269248631363886,0.0024398107176008175,0.0037382667318331653,0.0028199073273015396,7.210319823797473e-05,0.47253699911240404,10.68108713915643,0.013158535541215322
0.08,0.05,0.008,1,True,1.3904999999999024,0.1284326605763451,0.3148154455661134,121.33048441885592,8.308571528269619,0.3761288697610182,0.10043405766633431,0.001708156019624724,0.057523184816296764,0.011171511479831942,0.0248355844496532,0.0009354943560314564,0.0022699793469177273,0.0034831077814613254,3.0286949087099423e-05,0.4731577435179982,9.212803007193706,0.012535131086748067
0.08,0.05,0.008,2,True,1.1654999999999271,0.8461764005180603,4.405246476525959,169.73855276756106,9.86999808461374,0.2976559271884649,0.03642356596515751,0.0011044052733180985,0.024924557170706164,0.025912966293074165,0.0024063537379950413,0.001800301577896962,0.003185681580435384,0.0015637032200998104,1.161067493821754e-05,0.444596814262228,10.231888726552896,0.010622656627804278
0.08,0.05,0.008,3,True,1.1004999999999343,0.9328850358637967,5.321833354074533,144.32600299080298,9.087554584721575,0.2001058522723774,0.029538376178636763,0.0008127017608135093,0.021840525329804985,0.02562803823454073,0.015240966464155783,0.00028238592672119757,0.0022993808207094216,0.0024371538944225023,1.5412303097482646e-05,0.49239602374655833,9.352126819818665,0.008912281904956621
0.08,0.05,0.008,4,True,1.4704999999998936,0.5114320238504673,2.5726999888451325,151.22848297323156,9.33960311740884,0.4993353118144883,0.09121872326676897,0.0036220599140287797,0.03556637764071808,0.02947736152556949,0.002116282156798607,0.0018220674959850889,0.0021294597531318175,0.0034057036209574217,1.60420785683912e-05,0.5066500685155163,10.048268349666515,0.014022150797159886
0.08,0.05,0.008,5,True,1.4554999999998952,0.2088680492294568,0.8734225132189366,141.83982159487303,9.166848895476758,0.3877139836188809,0.1020367156391402,0.002847440277994798,0.05039703948682469,0.019337162342927122,0.0074822626339227484,0.0001617921071449693,0.002150106642356555,0.002225419616259996,1.1304406335961537e-05,0.4210708019156255,10.784801797232584,0.011523691115879878
0.08,0.05,0.008,6,True,1.040499999999941,0.09240840912526628,0.2577087560689422,135.8470281023209,8.917572592404554,0.34078727588790436,0.07046452944242286,0.0017884136569469048,0.027163543490666922,0.01611947927549832,0.009804302396366918,0.0029623349705594,0.002898268817821438,0.003022971791513481,2.4438083011449394e-05,0.4867114367610584,9.367174052139356,0.005517292319837753
0.08,0.05,0.008,7,True,1.475499999999893,1.2571114994042907,6.6176309108729185,143.2942259706065,8.948059268083007,0.32521593521957215,0.07325759963354471,0.0020809973356412242,0.05486069004847877,0.025065085185394256,0.005895910446750368,0.0009004988547336763,0.003620660336188786,0.0010157959136967243,9.243566384669972e-05,0.49889522059021285,9.925295980985247,0.008030324268193136
0.08,0.05,0.008,8,True,1.6354999999998754,0.6715186922184679,3.285008414135047,137.09970246602458,8.701600938844763,0.40418027466824974,0.0709452130585238,0.001237666433073275,0.059363842166896275,0.015011638446681368,0.020644162864735433,0.0026096895350886484,0.002173254419617582,0.0023136456193683964,2.7440165521545802e-05,0.4271231740331686,9.94314245206847,0.007413521450846823
0.08,0.05,0.008,9,True,1.3804999999999035,0.5008922737849053,2.6142491465615847,145.87944792827562,9.267043214284925,0.41876512438463015,0.10775424249595583,0.0031903885322791745,0.024340860454377767,0.02126925930113436,0.02035579469014759,0.002148223888810696,0.0037461403614715227,0.003581180947548654,0.00012020741258969977,0.41876512438463015,9.875646939803113,0.00984944326977288
0.08,0.05,0.008,10,True,1.4404999999998969,0.4029960520885389,2.2010630802126645,152.00010649272897,9.29146750032199,0.4602529357301176,0.09091184357019547,0.003704716329310304,0.02038409050395734,0.026225787476039677,0.003908196843223018,0.0015384138493096946,0.0014077588120615199,0.0030671094393433934,9.771745351894099e-05,0.4602529357301176,10.716444487502452,0.013253329063847984
0.08,0.05,0.008,11,True,1.1454999999999294,1.006384915671898,5.59751994354228,156.76905672469692,9.632347447564166,0.23476589600721134,0.041169470385883596,0.0008758319652234292,0.03496389312200575,0.021232963867713863,0.0007510764828339755,0.0004437782537323678,0.0037846330688811086,0.0012112617284625905,1.4211044766893634e-05,0.5146261591423446,10.17437259788254,0.00868993123729791
0.08,0.05,0.008,12,True,1.075499999999937,0.32452754485424157,1.395817460763711,147.33782548035762,9.446156113174847,0.3337743548431108,0.06337770076765546,0.0010838336019541883,0.057337647142971224,0.012165048459874749,0.004693838148510661,0.0010496677217878725,0.0016916237397697179,0.003011337228318354,1.3656639817761454e-05,0.5092161748652868,10.556601227494834,0.005028270321866201
0.08,0.05,0.008,13,True,1.7104999999998671,0.6864683451862523,3.3712281440145784,149.35437093660957,9.224364780486694,0.5106823465188471,0.09293530590931239,0.0031602170290511893,0.05276512574660295,0.025842514773255526,0.0068446497361148734,0.00023159837315526422,0.00383939734133819,0.0028413750731413057,1.0071496504630682e-05,0.5106823465188471,10.761548012689753,0.007862966041661704
0.08,0.05,0.008,14,True,1.4554999999998952,0.18367219483358213,0.9635349540331261,148.60287433318814,9.381052680571518,0.43260455476424725,0.08059070314835742,0.002979344988679685,0.028047333341712825,0.023460264722805206,0.022517857178019643,0.001923952442364494,0.002645089626439942,0.00328694026759358,6.957465863408183e-05,0.46458555040672866,10.094407449984567,0.012463223600913117
0.08,0.05,0.008,15,True,1.0704999999999376,0.10479200757865334,0.3129061182186307,142.33141379540368,9.396403912638199,0.3877272123489149,0.09827257433189772,0.002341415082513897,0.05079085556680287,0.015576948671442846,0.001173860694578235,0.001714791771101193,0.0014387362801707927,0.0031563141306264137,2.547831869663868e-05,0.4635290062633226,10.747204198879444,0.012814660277720307
0.08,0.06,0.0,0,False,inf,101.57442018806304,14.09392345111979,115.39399305672617,9.821338735905028,0.34625352309332275,0.20955773891758925,0.0021244856490258636,0.023489335688193516,0.008901417526596284,0.00043269248631363886,0.0024398107176008175,0.0037382667318331653,0.0028199073273015396,7.210319823797473e-05,0.47253699911240404,10.68108713915643,0.013158535541215322
0.08,0.06,0.0,1,False,inf,88.74036140535091,15.33780182279085,101.26990230004716,8.300407289617757,0.3160457245266604,0.1145797637467263,0.001708156019624724,0.057523184816296764,0.011171511479831942,0.0248355844496532,0.0009354943560314564,0.0022699793469177273,0.0034831077814613254,3.0286949087099423e-05,0.4731577435179982,9.212803007193706,0.012535131086748067
0.08,0.06,0.0,2,True,0.8904999999999573,2.627828876987497,9.143270650095323,119.77174157322763,9.881172533545236,0.21896813951103178,0.0348757864903825,0.0011044052733180985,0.024924557170706164,0.025912966293074165,0.0024063537379950413,0.001800301577896962,0.003185681580435384,0.0015637032200998104,1.161067493821754e-05,0.444596814262228,10.231888726552896,0.010622656627804278
0.08,0.06,0.0,3,True,0.8704999999999595,3.5209148579904483,11.530679645120264,108.13240906024993,9.103871464784374,0.22356940320925428,0.03185800970699244,0.0008127017608135093,0.021840525329804985,0.02562803823454073,0.015240966464155783,0.00028238592672119757,0.0022993808207094216,0.0024371538944225023,1.5412303097482646e-05,0.49239602374655833,9.352126819818665,0.008912281904956621
0.08,0.06,0.0,4,False,inf,88.62748985568734,104.91985029608985,419.25560921642455,9.107678728353356,0.5066500685155163,0.21112783312245517,0.0036220599140287797,0.03556637764071808,0.02947736152556949,0.002116282156798607,0.0018220674959850889,0.0021294597531318175,0.0034057036209574217,1.60420785683912e-05,0.5066500685155163,10.048268349666515,0.014022150797159886
0.08,0.06,0.0,5,True,1.175499999999926,1.575364911912645,6.021471876427063,109.84175847041021,9.14627292884444,0.4135383650062907,0.07950998413637322,0.002847440277994798,0.05039703948682469,0.019337162342927122,0.0074822626339227484,0.0001617921071449693,0.002150106642356555,0.002225419616259996,1.1304406335961537e-05,0.4210708019156255,10.784801797232584,0.011523691115879878
0.08,0.06,0.0,6,True,2.1054999999998705,3.101907563203933,12.433985156409399,255.13089508611512,8.896995537513103,0.4867114367610584,0.05975843377831618,0.0017884136569469048,0.027163543490666922,0.01611947927549832,0.009804302396366918,0.0029623349705594,0.002898268817821438,0.003022971791513481,2.4438083011449394e-05,0.4867114367610584,9.367174052139356,0.005517292319837753
0.08,0.06,0.0,7,False,inf,115.12203570213836,30.749013160643653,151.5698978273623,8.916862040986294,0.3229010548624687,0.1729523067636814,0.0020809973356412242,0.05486069004847877,0.025065085185394256,0.005895910446750368,0.0009004988547336763,0.003620660336188786,0.0010157959136967243,9.243566384669972e-05,0.49889522059021285,9.925295980985247,0.008030324268193136
0.08,0.06,0.0,8,True,1.9904999999998363,3.6970857657190344,15.148142136586166,127.77109481395736,8.705560681151503,0.4107242857990579,0.07060834876599771,0.001237666433073275,0.059363842166896275,0.015011638446681368,0.020644162864735433,0.0026096895350886484,0.002173254419617582,0.0023136456193683964,2.7440165521545802e-05,0.4271231740331686,9.94314245206847,0.007413521450846823
0.08,0.06,0.0,9,False,inf,138.20816097613678,31.992676870259398,210.62939856342774,8.758778166180734,0.41876512438463015,0.25227543462800056,0.0031903885322791745,0.024340860454377767,0.02126925930113436,0.02035579469014759,0.002148223888810696,0.0037461403614715227,0.003581180947548654,0.00012020741258969977,0.41876512438463015,9.875646939803113,0.00984944326977288
0.08,0.06,0.0,10,False,inf,126.82224681450207,34.07137349514913,238.5261840289629,9.305797348653279,0.4602529357301176,0.28434885586395625,0.003704716329310304,0.02038409050395734,0.026225787476039677,0.003908196843223018,0.0015384138493096946,0.0014077588120615199,0.0030671094393433934,9.771745351894099e-05,0.4602529357301176,10.716444487502452,0.013253329063847984
0.08,0.06,0.0,11,True,0.8904999999999573,2.733541697509227,10.487977473419935,114.79013042255004,9.651322227258293,0.32992030968045166,0.03763744473218461,0.0008758319652234292,0.03496389312200575,0.021232963867713863,0.0007510764828339755,0.0004437782537323678,0.0037846330688811086,0.0012112617284625905,1.4211044766893634e-05,0.5146261591423446,10.17437259788254,0.00868993123729791
0.08,0.06,0.0,12,True,0.8354999999999634,1.1964196803981768,5.505185366632041,107.45920866586238,9.461383188152762,0.3810697348113258,0.05940846731990048,0.0010838336019541883,0.057337647142971224,0.012165048459874749,0.004693838148510661,0.0010496677217878725,0.0016916237397697179,0.003011337228318354,1.3656639817761454e-05,0.5092161748652868,10.556601227494834,0.005028270321866201
0.08,0.06,0.0,13,True,1.2554999999999172,2.4102092019247348,7.74440220703778,138.48295070506842,9.211600367772334,0.5012450152162207,0.0818911657737086,0.0031602170290511893,0.05276512574660295,0.025842514773255526,0.0068446497361148734,0.00023159837315526422,0.00383939734133819,0.0028413750731413057,1.0071496504630682e-05,0.5106823465188471,10.761548012689753,0.007862966041661704
0.08,0.06,0.0,14,False,inf,106.29636037040538,22.275365433943122,126.13905399834275,9.107003888116207,0.44252829136707594,0.2667732712934564,0.002979344988679685,0.028047333341712825,0.023460264722805206,0.022517857178019643,0.001923952442364494,0.002645089626439942,0.00328694026759358,6.957465863408183e-05,0.46458555040672866,10.094407449984567,0.012463223600913117
0.08,0.06,0.0,15,True,3.745500000000418,3.1689567720321983,12.896344332242405,282.0497179406655,9.412503676744572,0.4635290062633226,0.09066680995110134,0.002341415082513897,0.05079085556680287,0.015576948671442846,0.001173860694578235,0.001714791771101193,0.0014387362801707927,0.0031563141306264137,2.547831869663868e-05,0.4635290062633226,10.747204198879444,0.012814660277720307
0.08,0.06,0.002,0,True,0.9954999999999458,0.1683373321308622,0.6176803678707237,130.20137016299915,9.502360042848268,0.421263435811504,0.10777888401560438,0.0021244856490258636,0.023489335688193516,0.008901417526596284,0.00043269248631363886,0.0024398107176008175,0.0037382667318331653,0.0028199073273015396,7.210319823797473e-05,0.47253699911240404,10.68108713915643,0.013158535541215322
0.08,0.06,0.002,1,True,1.0004999999999453,0.1210810596502189,0.33353491604085383,115.37208841343676,8.3181548071811,0.3870414538295325,0.0820106456419265,0.001708156019624724,0.057523184816296764,0.011171511479831942,0.0248355844496532,0.0009354943560314564,0.0022699793469177273,0.0034831077814613254,3.0286949087099423e-05,0.4731577435179982,9.212803007193706,0.012535131086748067
0.08,0.06,0.002,2,True,1.1654999999999271,1.045991418756229,5.0210837822681285,150.56078980776155,9.888241872171356,0.3488059378700868,0.03297899623496807,0.0011044052733180985,0.024924557170706164,0.025912966293074165,0.0024063537379950413,0.001800301577896962,0.003185681580435384,0.0015637032200998104,1.161067493821754e-05,0.444596814262228,10.231888726552896,0.010622656627804278
0.08,0.06,0.002,3,True,1.120499999999932,1.2705737786974274,5.73321545672435,135.91659767561825,9.098566743096526,0.22460874499287298,0.027079788591725162,0.0008127017608135093,0.021840525329804985,0.02562803823454073,0.015240966464155783,0.00028238592672119757,0.0022993808207094216,0.0024371538944225023,1.5412303097482646e-05,0.49239602374655833,9.352126819818665,0.008912281904956621
0.08,0.06,0.002,4,True,1.8404999999998528,0.8174640608843823,3.5104261348047183,182.15940842130468,9.31980623001923,0.5066500685155163,0.0770158612367406,0.0036220599140287797,0.03556637764071808,0.02947736152556949,0.002116282156798607,0.0018220674959850889,0.0021294597531318175,0.0034057036209574217,1.60420785683912e-05,0.5066500685155163,10.048268349666515,0.014022150797159886
0.08,0.06,0.002,5,True,1.1604999999999277,0.46500431422171185,1.9025816463340481,167.89969335545644,9.173598494501029,0.4210708019156255,0.08726737924340842,0.002847440277994798,0.05039703948682469,0.019337162342927122,0.0074822626339227484,0.0001617921071449693,0.002150106642356555,0.002225419616259996,1.1304406335961537e-05,0.4210708019156255,10.784801797232584,0.011523691115879878
0.08,0.06,0.002,6,True,1.0504999999999398,0.10259829334126735,0.27182165744698555,130.22280183337944,8.931362563138348,0.37023577975046656,0.0584424181937258,0.0017884136569469048,0.027163543490666922,0.01611947927549832,0.009804302396366918,0.0029623349705594,0.002898268817821438,0.003022971791513481,2.4438083011449394e-05,0.4867114367610584,9.367174052139356,0.005517292319837753
0.08,0.06,0.002,7,True,1.0704999999999376,3.0731233142556085,12.320027101071055,132.18251043426122,8.942182016198604,0.347496588127785,0.07882219555008473,0.0020809973356412242,0.05486069004847877,0.025065085185394256,0.005895910446750368,0.0009004988547336763,0.003620660336188786,0.0010157959136967243,9.243566384669972e-05,0.49889522059021285,9.925295980985247,0.008030324268193136
0.08,0.06,0.002,8,True,1.0254999999999426,0.8341879257600961,3.806589732676148,120.55379312042763,8.716736393653626,0.2606672780975071,0.06303386000982585,0.001237666433073275,0.059363842166896275,0.015011638446681368,0.020644162864735433,0.0026096895350886484,0.002173254419617582,0.0023136456193683964,2.7440165521545802e-05,0.4271231740331686,9.94314245206847,0.007413521450846823
0.08,0.06,0.002,9,True,1.3804999999999035,2.7722064592148783,10.910137047303538,131.61519624030063,9.118858518695378,0.41876512438463015,0.10772088886016695,0.0031903885322791745,0.024340860454377767,0.02126925930113436,0.02035579469014759,0.002148223888810696,0.0037461403614715227,0.003581180947548654,0.00012020741258969977,0.41876512438463015,9.875646939803113,0.00984944326977288
0.08,0.06,0.002,10,True,1.4404999999998969,2.488638380782639,9.35462981242639,136.35442244813885,9.299001381247342,0.4602529357301176,0.09702483231636573,0.003704716329310304,0.02038409050395734,0.026225787476039677,0.003908196843223018,0.0015384138493096946,0.0014077588120615199,0.0030671094393433934,9.771745351894099e-05,0.4602529357301176,10.716444487502452,0.013253329063847984
0.08,0.06,0.002,11,True,1.120499999999932,1.2472897712721447,6.134945294524583,146.76078527186277,9.645552804298346,0.235694394328253,0.038600050348835485,0.0008758319652234292,0.03496389312200575,0.021232963867713863,0.0007510764828339755,0.0004437782537323678,0.0037846330688811086,0.0012112617284625905,1.4211044766893634e-05,0.5146261591423446,10.17437259788254,0.00868993123729791
0.08,0.06,0.002,12,True,1.0604999999999387,0.5408805731200307,1.9675935482634272,136.96989830925753,9.460666529603763,0.4718429271374187,0.0625143769196611,0.0010838336019541883,0.057337647142971224,0.012165048459874749,0.004693838148510661,0.0010496677217878725,0.0016916237397697179,0.003011337228318354,1.3656639817761454e-05,0.5092161748652868,10.556601227494834,0.005028270321866201
0.08,0.06,0.002,13,True,1.9704999999998385,0.925821408436208,3.877157863679079,255.60517676358648,9.261643354016352,0.5106823465188471,0.08209085543274916,0.0031602170290511893,0.05276512574660295,0.025842514773255526,0.0068446497361148734,0.00023159837315526422,0.00383939734133819,0.0028413750731413057,1.0071496504630682e-05,0.5106823465188471,10.761548012689753,0.007862966041661704
0.08,0.06,0.002,14,True,1.085499999999936,1.78801009515589,7.154547937920706,138.2159400869058,9.387364669156348,0.46458555040672866,0.08106628665142933,0.002979344988679685,0.028047333341712825,0.023460264722805206,0.022517857178019643,0.001923952442364494,0.002645089626439942,0.00328694026759358,6.957465863408183e-05,0.46458555040672866,10.094407449984567,0.012463223600913117
0.08,0.06,0.002,15,True,1.0704999999999376,0.10434276059544449,0.4093080294246354,134.09652685437004,9.404498204016674,0.39051996111435233,0.08332250677950293,0.002341415082513897,0.05079085556680287,0.015576948671442846,0.001173860694578235,0.001714791771101193,0.0014387362801707927,0.0031563141306264137,2.547831869663868e-05,0.4635290062633226,10.747204198879444,0.012814660277720307
0.08,0.06,0.004,0,True,1.030499999999942,0.13580101809441336,0.25521077540877324,132.76966577099543,9.49978537881273,0.47253699911240404,0.11389519895579973,0.0021244856490258636,0.023489335688193516,0.008901417526596284,0.00043269248631363886,0.0024398107176008175,0.0037382667318331653,0.0028199073273015396,7.210319823797473e-05,0.47253699911240404,10.68108713915643,0.013158535541215322
0.08,0.06,0.004,1,True,1.030499999999942,0.12698151821876086,0.2870419399496623,119.80323475912387,8.311568511309478,0.339722089826813,0.08537584536105525,0.001708156019624724,0.057523184816296764,0.011171511479831942,0.0248355844496532,0.0009354943560314564,0.0022699793469177273,0.0034831077814613254,3.0286949087099423e-05,0.4731577435179982,9.212803007193706,0.012535131086748067
0.08,0.06,0.004,2,True,1.1904999999999244,1.0132162401341454,4.65577073035205,154.61638381599266,9.878200718065202,0.3465122322211455,0.03415094400923335,0.0011044052733180985,0.024924557170706164,0.025912966293074165,0.0024063537379950413,0.001800301577896962,0.003185681580435384,0.0015637032200998104,1.161067493821754e-05,0.444596814262228,10.231888726552896,0.010622656627804278
0.08,0.06,0.004,3,True,1.14049999999993,1.1568143525453176,5.548569760813295,140.7328584672484,9.093461855366739,0.23984162236216303,0.027505928934254874,0.0008127017608135093,0.021840525329804985,0.02562803823454073,0.015240966464155783,0.00028238592672119757,0.0022993808207094216,0.0024371538944225023,1.5412303097482646e-05,0.49239602374655833,9.352126819818665,0.008912281904956621
0.08,0.06,0.004,4,True,1.8804999999998484,0.6620938698348117,2.867076678387023,219.9729734002436,9.338170318195298,0.5066500685155163,0.07849869831697681,0.0036220599140287797,0.03556637764071808,0.02947736152556949,0.002116282156798607,0.0018220674959850889,0.0021294597531318175,0.0034057036209574217,1.60420785683912e-05,0.5066500685155163,10.048268349666515,0.014022150797159886
0.08,0.06,0.004,5,True,1.1954999999999238,0.37436977264478777,1.5392088295766873,175.37373037114352,9.170517009825966,0.4210708019156255,0.08919459585733676,0.002847440277994798,0.05039703948682469,0.019337162342927122,0.0074822626339227484,0.0001617921071449693,0.002150106642356555,0.002225419616259996,1.1304406335961537e-05,0.4210708019156255,10.784801797232584,0.011523691115879878
0.08,0.06,0.004,6,True,1.0654999999999382,0.11689699260995723,0.44195771431241665,132.64448594504051,8.924399504538988,0.38775939376917923,0.06064600173462643,0.0017884136569469048,0.027163543490666922,0.01611947927549832,0.009804302396366918,0.0029623349705594,0.002898268817821438,0.003022971791513481,2.4438083011449394e-05,0.4867114367610584,9.367174052139356,0.005517292319837753
0.08,0.06,0.004,7,True,1.1604999999999277,1.8651821762764316,8.437555218069514,160.0367344202119,8.94555172827966,0.4092582548804078,0.068402551425792,0.0020809973356412242,0.05486069004847877,0.025065085185394256,0.005895910446750368,0.0009004988547336763,0.003620660336188786,0.0010157959136967243,9.243566384669972e-05,0.49889522059021285,9.925295980985247,0.008030324268193136
0.08,0.06,0.004,8,True,1.0454999999999404,0.8466128839371556,3.7178472130829814,125.1212247446303,8.709363069960022,0.29151248870780466,0.06610344318437741,0.001237666433073275,0.059363842166896275,0.015011638446681368,0.020644162864735433,0.0026096895350886484,0.002173254419617582,0.0023136456193683964,2.7440165521545802e-05,0.4271231740331686,9.94314245206847,0.007413521450846823
0.08,0.06,0.004,9,True,1.4804999999998925,1.453631660663192,5.754903649951905,136.62998488817252,9.166661400746657,0.41876512438463015,0.09813095343429913,0.0031903885322791745,0.024340860454377767,0.02126925930113436,0.02035579469014759,0.002148223888810696,0.0037461403614715227,0.003581180947548654,0.00012020741258969977,0.41876512438463015,9.875646939803113,0.00984944326977288
0.08,0.06,0.004,10,True,1.1104999999999332,1.3526824595416533,5.241326879965203,146.98552806272977,9.295201641643233,0.4602529357301176,0.08359431381628238,0.003704716329310304,0.02038409050395734,0.026225787476039677,0.003908196843223018,0.0015384138493096946,0.0014077588120615199,0.0030671094393433934,9.771745351894099e-05,0.4602529357301176,10.716444487502452,0.013253329063847984
0.08,0.06,0.004,11,True,1.1554999999999283,1.1979167111181872,5.918656864481089,151.1981831113266,9.639590740858566,0.3297922082270001,0.0390604442453351,0.0008758319652234292,0.03496389312200575,0.021232963867713863,0.0007510764828339755,0.0004437782537323678,0.0037846330688811086,0.0012112617284625905,1.4211044766893634e-05,0.5146261591423446,10.17437259788254,0.00868993123729791
0.08,0.06,0.004,12,True,1.0904999999999354,0.5537335730351297,2.084148489542482,140.01316272409227,9.450540601287322,0.5092161748652868,0.06345542103795893,0.0010838336019541883,0.057337647142971224,0.012165048459874749,0.004693838148510661,0.0010496677217878725,0.0016916237397697179,0.003011337228318354,1.3656639817761454e-05,0.5092161748652868,10.556601227494834,0.005028270321866201
0.08,0.06,0.004,13,True,2.2854999999999306,0.8452577892047299,3.63404546341973,394.2036168505464,9.261998801643426,0.5106823465188471,0.07978541727593609,0.0031602170290511893,0.05276512574660295,0.025842514773255526,0.0068446497361148734,0.00023159837315526422,0.00383939734133819,0.0028413750731413057,1.0071496504630682e-05,0.5106823465188471,10.761548012689753,0.007862966041661704
0.08,0.06,0.004,14,True,1.9554999999998401,0.9336086101515416,4.098134027967504,181.98621025119994,9.385262032058112,0.46458555040672866,0.07505326127499921,0.002979344988679685,0.028047333341712825,0.023460264722805206,0.022517857178019643,0.001923952442364494,0.002645089626439942,0.00328694026759358,6.957465863408183e-05,0.46458555040672866,10.094407449984567,0.012463223600913117
0.08,0.06,0.004,15,True,1.0954999999999349,0.15032907025497916,0.572165167685064,137.6929833223741,9.400495677119707,0.447874415673004,0.08526905976626427,0.002341415082513897,0.05079085556680287,0.015576948671442846,0.001173860694578235,0.001714791771101193,0.0014387362801707927,0.0031563141306264137,2.547831869663868e-05,0.4635290062633226,10.747204198879444,0.012814660277720307
0.08,0.06,0.008,0,True,1.0504999999999398,0.1367614731020227,0.37570094998243947,132.9640746927447,9.493790646913899,0.47253699911240404,0.11756422351963297,0.0021244856490258636,0.023489335688193516,0.008901417526596284,0.00043269248631363886,0.0024398107176008175,0.0037382667318331653,0.0028199073273015396,7.210319823797473e-05,0.47253699911240404,10.68108713915643,0.013158535541215322
0.08,0.06,0.008,1,True,1.030499999999942,0.1256245760071711,0.3054168420586782,120.23779615233444,8.300438917072617,0.32957895021874123,0.0869251121337834,0.001708156019624724,0.057523184816296764,0.011171511479831942,0.0248355844496532,0.0009354943560314564,0.0022699793469177273,0.0034831077814613254,3.0286949087099423e-05,0.4731577435179982,9.212803007193706,0.012535131086748067
0.08,0.06,0.008,2,True,1.2154999999999216,0.9594995323887267,4.35258127101619,158.4948448839024,9.861548893901,0.3518956014916415,0.035277958690777274,0.0011044052733180985,0.024924557170706164,0.025912966293074165,0.0024063537379950413,0.001800301577896962,0.003185681580435384,0.0015637032200998104,1.161067493821754e-05,0.444596814262228,10.231888726552896,0.010622656627804278
0.08,0.06,0.008,3,True,1.1504999999999288,1.0904967318374457,5.310686664937306,143.97034714326588,9.082817273026377,0.23074367355955872,0.028004973915656716,0.0008127017608135093,0.021840525329804985,0.02562803823454073,0.015240966464155783,0.00028238592672119757,0.0022993808207094216,0.0024371538944225023,1.5412303097482646e-05,0.49239602374655833,9.352126819818665,0.008912281904956621
0.08,0.06,0.008,4,True,1.8804999999998484,0.5993391374267445,2.5987596466030456,219.93068979718274,9.324161637867874,0.5066500685155163,0.07901638826517549,0.0036220599140287797,0.03556637764071808,0.02947736152556949,0.002116282156798607,0.0018220674959850889,0.0021294597531318175,0.0034057036209574217,1.60420785683912e-05,0.5066500685155163,10.048268349666515,0.014022150797159886
0.08,0.06,0.008,5,True,1.2104999999999222,0.30038715446793196,1.1472454058425605,183.75745158683998,9.155788207122779,0.4210708019156255,0.08886952200156266,0.002847440277994798,0.05039703948682469,0.019337162342927122,0.0074822626339227484,0.0001617921071449693,0.002150106642356555,0.002225419616259996,1.1304406335961537e-05,0.4210708019156255,10.784801797232584,0.011523691115879878
0.08,0.06,0.008,6,True,1.0904999999999354,0.11020408283040152,0.3698807590708652,131.04491496765544,8.903502223087557,0.3551102393775113,0.061239824457159364,0.0017884136569469048,0.027163543490666922,0.01611947927549832,0.009804302396366918,0.0029623349705594,0.002898268817821438,0.003022971791513481,2.4438083011449394e-05,0.4867114367610584,9.367174052139356,0.005517292319837753
0.08,0.06,0.008,7,True,1.1804999999999255,1.3382314226282195,6.281268772317902,156.34892766703905,8.92483588656667,0.3716057796331774,0.0658149201495893,0.0020809973356412242,0.05486069004847877,0.025065085185394256,0.005895910446750368,0.0009004988547336763,0.003620660336188786,0.0010157959136967243,9.243566384669972e-05,0.49889522059021285,9.925295980985247,0.008030324268193136
0.08,0.06,0.008,8,True,1.0504999999999398,0.7737790873508572,3.511422665903786,124.87709511071888,8.689095378108618,0.2840352402712342,0.06489270551185095,0.001237666433073275,0.059363842166896275,0.015011638446681368,0.020644162864735433,0.0026096895350886484,0.002173254419617582,0.0023136456193683964,2.7440165521545802e-05,0.4271231740331686,9.94314245206847,0.007413521450846823
0.08,0.06,0.008,9,True,1.6854999999998699,0.4236278656692362,1.9293970294483382,140.0894827813984,9.23838874450528,0.41876512438463015,0.09350972924958749,0.0031903885322791745,0.024340860454377767,0.02126925930113436,0.02035579469014759,0.002148223888810696,0.0037461403614715227,0.003581180947548654,0.00012020741258969977,0.41876512438463015,9.875646939803113,0.00984944326977288
0.08,0.06,0.008,10,True,1.8854999999998479,0.3327942936025281,1.5755096069829397,165.16410516385733,9.288238926419131,0.4602529357301176,0.07884665455455565,0.003704716329310304,0.02038409050395734,0.026225787476039677,0.003908196843223018,0.0015384138493096946,0.0014077588120615199,0.0030671094393433934,9.771745351894099e-05,0.4602529357301176,10.716444487502452,0.013253329063847984
0.08,0.06,0.008,11,True,1.175499999999926,1.132422994927779,5.7632341904705795,153.14198640260383,9.626684007960316,0.32064568682244804,0.03949657177926305,0.0008758319652234292,0.03496389312200575,0.021232963867713863,0.0007510764828339755,0.0004437782537323678,0.0037846330688811086,0.0012112617284625905,1.4211044766893634e-05,0.5146261591423446,10.17437259788254,0.00868993123729791
0.08,0.06,0.008,12,True,1.1054999999999338,0.5414098169566257,2.0289733882441285,140.30908926551004,9.430909327554316,0.5092161748652868,0.062111730047876366,0.0010838336019541883,0.057337647142971224,0.012165048459874749,0.004693838148510661,0.0010496677217878725,0.0016916237397697179,0.003011337228318354,1.3656639817761454e-05,0.5092161748652868,10.556601227494834,0.005028270321866201
0.08,0.06,0.008,13,True,2.2604999999999222,0.8212804365860567,3.42523845458443,389.1571230882642,9.268314206277745,0.5106823465188471,0.08336612611945653,0.0031602170290511893,0.05276512574660295,0.025842514773255526,0.0068446497361148734,0.00023159837315526422,0.00383939734133819,0.0028413750731413057,1.0071496504630682e-05,0.5106823465188471,10.761548012689753,0.007862966041661704
0.08,0.06,0.008,14,True,1.2104999999999222,0.4746318955524893,2.0973700060702978,163.27395089897826,9.366851674105375,0.46458555040672866,0.07252218804048345,0.002979344988679685,0.028047333341712825,0.023460264722805206,0.022517857178019643,0.001923952442364494,0.002645089626439942,0.00328694026759358,6.957465863408183e-05,0.46458555040672866,10.094407449984567,0.012463223600913117
0.08,0.06,0.008,15,True,1.1104999999999332,0.09123268015381715,0.20077407641459843,139.90077859342694,9.393902033805478,0.4635290062633226,0.08617444260257191,0.002341415082513897,0.05079085556680287,0.015576948671442846,0.001173860694578235,0.001714791771101193,0.0014387362801707927,0.0031563141306264137,2.547831869663868e-05,0.4635290062633226,10.747204198879444,0.012814660277720307
0.08,0.08,0.0,0,False,inf,95.09353196489276,12.749073433388153,97.15515588793963,9.494425706837799,0.3330552577640608,0.17771956497071661,0.0021244856490258636,0.023489335688193516,0.008901417526596284,0.00043269248631363886,0.0024398107176008175,0.0037382667318331653,0.0028199073273015396,7.210319823797473e-05,0.47253699911240404,10.68108713915643,0.013158535541215322
0.08,0.08,0.0,1,True,0.8304999999999639,3.4678560643373513,11.756196939088623,90.80139308659719,8.290195057660457,0.3724521068799934,0.080071296823734,0.001708156019624724,0.057523184816296764,0.011171511479831942,0.0248355844496532,0.0009354943560314564,0.0022699793469177273,0.0034831077814613254,3.0286949087099423e-05,0.4731577435179982,9.212803007193706,0.012535131086748067
0.08,0.08,0.0,2,True,0.5954999999999898,2.77042174116727,8.058263245485767,117.69019410148353,9.878684053336247,0.18313348143740066,0.030785472054238087,0.0011044052733180985,0.024924557170706164,0.025912966293074165,0.0024063537379950413,0.001800301577896962,0.003185681580435384,0.0015637032200998104,1.161067493821754e-05,0.444596814262228,10.231888726552896,0.010622656627804278
0.08,0.08,0.0,3,True,0.9504999999999507,3.5668433624701703,10.166389148490799,108.02399960029045,9.102586677586714,0.18930656576603314,0.027656740524306687,0.0008127017608135093,0.021840525329804985,0.02562803823454073,0.015240966464155783,0.00028238592672119757,0.0022993808207094216,0.0024371538944225023,1.5412303097482646e-05,0.49239602374655833,9.352126819818665,0.008912281904956621
0.08,0.08,0.0,4,True,0.9504999999999507,3.6196494294820725,8.787789349661354,106.19537072676151,9.045419605469878,0.500719090092269,0.07991167601553141,0.0036220599140287797,0.03556637764071808,0.02947736152556949,0.002116282156798607,0.0018220674959850889,0.0021294597531318175,0.0034057036209574217,1.60420785683912e-05,0.5066500685155163,10.048268349666515,0.014022150797159886
0.08,0.08,0.0,5,True,0.8654999999999601,1.5110209133608872,5.206730298666601,102.37381169406379,9.133359752349149,0.4031473038600691,0.067249876744889,0.002847440277994798,0.05039703948682469,0.019337162342927122,0.0074822626339227484,0.0001617921071449693,0.002150106642356555,0.002225419616259996,1.1304406335961537e-05,0.4210708019156255,10.784801797232584,0.011523691115879878
0.08,0.08,0.0,6,True,0.8804999999999584,3.1969514975600837,10.604394787611069,99.47755889572565,8.892129745550788,0.3722465776106796,0.04912791890053089,0.0017884136569469048,0.027163543490666922,0.01611947927549832,0.009804302396366918,0.0029623349705594,0.002898268817821438,0.003022971791513481,2.4438083011449394e-05,0.4867114367610584,9.367174052139356,0.005517292319837753
0.08,0.08,0.0,7,False,inf,96.99700449196132,20.375035639180215,145.88636519291657,8.896964741828526,0.32478213604637995,0.16705608380516393,0.0020809973356412242,0.05486069004847877,0.025065085185394256,0.005895910446750368,0.0009004988547336763,0.003620660336188786,0.0010157959136967243,9.243566384669972e-05,0.49889522059021285,9.925295980985247,0.008030324268193136
0.08,0.08,0.0,8,True,0.8704999999999595,3.9304688516677055,13.748356128194283,95.23613142694205,8.700853240178606,0.33501194697537345,0.06541178547255601,0.001237666433073275,0.059363842166896275,0.015011638446681368,0.020644162864735433,0.0026096895350886484,0.002173254419617582,0.0023136456193683964,2.7440165521545802e-05,0.4271231740331686,9.94314245206847,0.007413521450846823
0.08,0.08,0.0,9,False,inf,120.58220207114515,32.69600390297232,179.5055180336752,8.863147126797351,0.41876512438463015,0.23778289250084705,0.0031903885322791745,0.024340860454377767,0.02126925930113436,0.02035579469014759,0.002148223888810696,0.0037461403614715227,0.003581180947548654,0.00012020741258969977,0.41876512438463015,9.875646939803113,0.00984944326977288
0.08,0.08,0.0,10,False,inf,106.17412323795953,22.147060841411694,139.84847328150926,9.192656522942375,0.4602529357301176,0.2944143535772667,0.003704716329310304,0.02038409050395734,0.026225787476039677,0.003908196843223018,0.0015384138493096946,0.0014077588120615199,0.0030671094393433934,9.771745351894099e-05,0.4602529357301176,10.716444487502452,0.013253329063847984
0.08,0.08,0.0,11,True,0.5954999999999898,2.8157135279065515,9.110161441624355,111.56877001967653,9.649393572753006,0.1627367465321209,0.03560248967733395,0.0008758319652234292,0.03496389312200575,0.021232963867713863,0.0007510764828339755,0.0004437782537323678,0.0037846330688811086,0.0012112617284625905,1.4211044766893634e-05,0.5146261591423446,10.17437259788254,0.00868993123729791
0.08,0.08,0.0,12,True,0.530499999999997,1.2376047093073963,4.291769877242419,104.78732479958751,9.458423893971894,0.23009387922542818,0.054642056028543266,0.0010838336019541883,0.057337647142971224,0.012165048459874749,0.004693838148510661,0.0010496677217878725,0.0016916237397697179,0.003011337228318354,1.3656639817761454e-05,0.5092161748652868,10.556601227494834,0.005028270321866201
0.08,0.08,0.0,13,True,0.9454999999999513,2.4897868826512406,6.900615400038033,105.22278811743493,9.209087360611479,0.46059030626046854,0.07287090892079114,0.0031602170290511893,0.05276512574660295,0.025842514773255526,0.0068446497361148734,0.00023159837315526422,0.00383939734133819,0.0028413750731413057,1.0071496504630682e-05,0.5106823465188471,10.761548012689753,0.007862966041661704
0.08,0.08,0.0,14,False,inf,88.15831963603529,10.450866806808351,117.21856879498185,9.181238567289014,0.43771186919025457,0.18203216216637794,0.002979344988679685,0.028047333341712825,0.023460264722805206,0.022517857178019643,0.001923952442364494,0.002645089626439942,0.00328694026759358,6.957465863408183e-05,0.46458555040672866,10.094407449984567,0.012463223600913117
0.08,0.08,0.0,15,True,0.875499999999959,3.275445703252531,11.33594543572702,101.76705358159133,9.40150202849848,0.3972606966436345,0.07745201773460723,0.002341415082513897,0.05079085556680287,0.015576948671442846,0.001173860694578235,0.001714791771101193,0.0014387362801707927,0.0031563141306264137,2.547831869663868e-05,0.4635290062633226,10.747204198879444,0.012814660277720307
0.08,0.08,0.002,0,True,0.6354999999999854,0.20440661843028976,0.6632378105798133,122.38526809867288,9.49031406292089,0.47253699911240404,0.09002137359463243,0.0021244856490258636,0.023489335688193516,0.008901417526596284,0.00043269248631363886,0.0024398107176008175,0.0037382667318331653,0.0028199073273015396,7.210319823797473e-05,0.47253699911240404,10.68108713915643,0.013158535541215322
0.08,0.08,0.002,1,True,1.075499999999937,0.1066043995757504,0.19471997662178303,110.8226305323288,8.309687471332632,0.3172269705300534,0.06618485754542663,0.001708156019624724,0.057523184816296764,0.011171511479831942,0.0248355844496532,0.0009354943560314564,0.0022699793469177273,0.0034831077814613254,3.0286949087099423e-05,0.4731577435179982,9.212803007193706,0.012535131086748067
0.08,0.08,0.002,2,True,0.8504999999999617,1.285449557019145,4.942702585200857,143.29883448562356,9.88209145923197,0.18626405563420903,0.03076763363055723,0.0011044052733180985,0.024924557170706164,0.025912966293074165,0.0024063537379950413,0.001800301577896962,0.003185681580435384,0.0015637032200998104,1.161067493821754e-05,0.444596814262228,10.231888726552896,0.010622656627804278
0.08,0.08,0.002,3,True,0.720499999999976,1.4822121005078481,5.670701813472714,131.3166674982675,9.094398328165015,0.15134155792199153,0.025952442813607517,0.0008127017608135093,0.021840525329804985,0.02562803823454073,0.015240966464155783,0.00028238592672119757,0.0022993808207094216,0.0024371538944225023,1.5412303097482646e-05,0.49239602374655833,9.352126819818665,0.008912281904956621
0.08,0.08,0.002,4,True,1.2054999999999227,1.0004170157268941,3.373119561634018,132.56169431792046,9.301295362447126,0.5066500685155163,0.06582858925805583,0.0036220599140287797,0.03556637764071808,0.02947736152556949,0.002116282156798607,0.0018220674959850889,0.0021294597531318175,0.0034057036209574217,1.60420785683912e-05,0.5066500685155163,10.048268349666515,0.014022150797159886
0.08,0.08,0.002,5,True,1.1004999999999343,0.6294014468986302,2.2240842590173244,126.73652498667542,9.164561455397962,0.4210708019156255,0.07624209246338032,0.002847440277994798,0.05039703948682469,0.019337162342927122,0.0074822626339227484,0.0001617921071449693,0.002150106642356555,0.002225419616259996,1.1304406335961537e-05,0.4210708019156255,10.784801797232584,0.011523691115879878
0.08,0.08,0.002,6,True,0.6604999999999827,0.1058235359547344,0.24700559982932352,124.39027164821822,8.920717474919487,0.4867114367610584,0.04894485237447734,0.0017884136569469048,0.027163543490666922,0.01611947927549832,0.009804302396366918,0.0029623349705594,0.002898268817821438,0.003022971791513481,2.4438083011449394e-05,0.4867114367610584,9.367174052139356,0.005517292319837753
0.08,0.08,0.002,7,True,1.0704999999999376,3.133874898305231,10.866389814408096,125.35663651261363,8.933202954499773,0.4365762174924976,0.06918638747240735,0.0020809973356412242,0.05486069004847877,0.025065085185394256,0.005895910446750368,0.0009004988547336763,0.003620660336188786,0.0010157959136967243,9.243566384669972e-05,0.49889522059021285,9.925295980985247,0.008030324268193136
0.08,0.08,0.002,8,True,0.6654999999999821,0.9907176100290711,3.691336106352708,117.52841156509645,8.708276186084698,0.42189384691358306,0.05961486683366601,0.001237666433073275,0.059363842166896275,0.015011638446681368,0.020644162864735433,0.0026096895350886484,0.002173254419617582,0.0023136456193683964,2.7440165521545802e-05,0.4271231740331686,9.94314245206847,0.007413521450846823
0.08,0.08,0.002,9,True,1.1454999999999294,2.833815380789946,9.094176214264245,127.26312928379286,9.097917046749698,0.41876512438463015,0.08552096620085002,0.0031903885322791745,0.024340860454377767,0.02126925930113436,0.02035579469014759,0.002148223888810696,0.0037461403614715227,0.003581180947548654,0.00012020741258969977,0.41876512438463015,9.875646939803113,0.00984944326977288
0.08,0.08,0.002,10,True,1.1654999999999271,2.497222966686903,7.7894964299737985,133.14336699493495,9.301702050525945,0.4602529357301176,0.07606664566107195,0.003704716329310304,0.02038409050395734,0.026225787476039677,0.003908196843223018,0.0015384138493096946,0.0014077588120615199,0.0030671094393433934,9.771745351894099e-05,0.4602529357301176,10.716444487502452,0.013253329063847984
0.08,0.08,0.002,11,True,0.8154999999999656,1.5469621273301186,6.175564467917608,139.55119043968674,9.642224385542592,0.16479255741565277,0.03663305820486804,0.0008758319652234292,0.03496389312200575,0.021232963867713863,0.0007510764828339755,0.0004437782537323678,0.0037846330688811086,0.0012112617284625905,1.4211044766893634e-05,0.5146261591423446,10.17437259788254,0.00868993123729791
0.08,0.08,0.002,12,True,0.6854999999999799,3.983995779326429,49.569609287756904,130.80921117090963,9.454065005777375,0.5092161748652868,0.3046994439880717,0.0010838336019541883,0.057337647142971224,0.012165048459874749,0.004693838148510661,0.0010496677217878725,0.0016916237397697179,0.003011337228318354,1.3656639817761454e-05,0.5092161748652868,10.556601227494834,0.005028270321866201
0.08,0.08,0.002,13,True,1.1254999999999316,1.0981151727896399,3.8675107263966537,131.23181704426648,9.233766338479425,0.5106823465188471,0.07211436781284013,0.0031602170290511893,0.05276512574660295,0.025842514773255526,0.0068446497361148734,0.00023159837315526422,0.00383939734133819,0.0028413750731413057,1.0071496504630682e-05,0.5106823465188471,10.761548012689753,0.007862966041661704
0.08,0.08,0.002,14,True,1.14049999999993,1.8399745860423333,6.044956792473134,131.29688751019975,9.376217255512053,0.4642498262160235,0.06486099507819264,0.002979344988679685,0.028047333341712825,0.023460264722805206,0.022517857178019643,0.001923952442364494,0.002645089626439942,0.00328694026759358,6.957465863408183e-05,0.46458555040672866,10.094407449984567,0.012463223600913117
0.08,0.08,0.002,15,True,0.7004999999999783,0.10893240579140603,0.1433793378167614,126.89283621652316,9.405204057133679,0.4635290062633226,0.06696628949483832,0.002341415082513897,0.05079085556680287,0.015576948671442846,0.001173860694578235,0.001714791771101193,0.0014387362801707927,0.0031563141306264137,2.547831869663868e-05,0.4635290062633226,10.747204198879444,0.012814660277720307
0.08,0.08,0.004,0,True,0.6554999999999832,0.1346899254953398,0.27441341296914473,128.5026590241858,9.484724874072368,0.3418697130011208,0.09388831945193508,0.0021244856490258636,0.023489335688193516,0.008901417526596284,0.00043269248631363886,0.0024398107176008175,0.0037382667318331653,0.0028199073273015396,7.210319823797473e-05,0.47253699911240404,10.68108713915643,0.013158535541215322
0.08,0.08,0.004,1,True,1.0954999999999349,0.11588920236412166,0.22424725345981006,111.52000946696619,8.296049168395548,0.4731577435179982,0.06913036524497733,0.001708156019624724,0.057523184816296764,0.011171511479831942,0.0248355844496532,0.0009354943560314564,0.0022699793469177273,0.0034831077814613254,3.0286949087099423e-05,0.4731577435179982,9.212803007193706,0.012535131086748067
0.08,0.08,0.004,2,True,0.8654999999999601,1.2061339950920789,4.7447717136593655,146.5646812586861,9.869593482210332,0.1877131652294365,0.031113767394312146,0.0011044052733180985,0.024924557170706164,0.025912966293074165,0.0024063537379950413,0.001800301577896962,0.003185681580435384,0.0015637032200998104,1.161067493821754e-05,0.444596814262228,10.231888726552896,0.010622656627804278
0.08,0.08,0.004,3,True,0.720499999999976,1.3900536432933583,5.504978401865627,132.4906945826254,9.083677360094699,0.18279574339620433,0.025643019234292935,0.0008127017608135093,0.021840525329804985,0.02562803823454073,0.015240966464155783,0.00028238592672119757,0.0022993808207094216,0.0024371538944225023,1.5412303097482646e-05,0.49239602374655833,9.352126819818665,0.008912281904956621
0.08,0.08,0.004,4,True,1.2354999999999194,0.8271929029552512,2.9380691788009927,134.25268128515773,9.287194818094855,0.5065658606535886,0.06801118854429136,0.0036220599140287797,0.03556637764071808,0.02947736152556949,0.002116282156798607,0.0018220674959850889,0.0021294597531318175,0.0034057036209574217,1.60420785683912e-05,0.5066500685155163,10.048268349666515,0.014022150797159886
0.08,0.08,0.004,5,True,1.1254999999999316,0.5894540538045941,2.0729544262436512,128.11256659578416,9.161180714985127,0.4210708019156255,0.07653044710058303,0.002847440277994798,0.05039703948682469,0.019337162342927122,0.0074822626339227484,0.0001617921071449693,0.002150106642356555,0.002225419616259996,1.1304406335961537e-05,0.4210708019156255,10.784801797232584,0.011523691115879878
0.08,0.08,0.004,6,True,0.6654999999999821,0.12134206753517376,0.25843304708891074,128.8172858976303,8.913256101258245,0.48382409397810283,0.04979399584370264,0.0017884136569469048,0.027163543490666922,0.01611947927549832,0.009804302396366918,0.0029623349705594,0.002898268817821438,0.003022971791513481,2.4438083011449394e-05,0.4867114367610584,9.367174052139356,0.005517292319837753
0.08,0.08,0.004,7,True,1.1104999999999332,1.9886309105343778,7.52973636504859,129.38414537333784,8.92864003894938,0.49889522059021285,0.062034509940249116,0.0020809973356412242,0.05486069004847877,0.025065085185394256,0.005895910446750368,0.0009004988547336763,0.003620660336188786,0.0010157959136967243,9.243566384669972e-05,0.49889522059021285,9.925295980985247,0.008030324268193136
0.08,0.08,0.004,8,True,0.6604999999999827,1.0259885005356209,3.742169603715283,120.63798757860773,8.694472456626048,0.4271231740331686,0.060653738782357546,0.001237666433073275,0.059363842166896275,0.015011638446681368,0.020644162864735433,0.0026096895350886484,0.002173254419617582,0.0023136456193683964,2.7440165521545802e-05,0.4271231740331686,9.94314245206847,0.007413521450846823
0.08,0.08,0.004,9,True,1.1654999999999271,1.4506241930030472,5.018247968931556,132.47402009271724,9.197704113182642,0.41876512438463015,0.07825933209300534,0.0031903885322791745,0.024340860454377767,0.02126925930113436,0.02035579469014759,0.002148223888810696,0.0037461403614715227,0.003581180947548654,0.00012020741258969977,0.41876512438463015,9.875646939803113,0.00984944326977288
0.08,0.08,0.004,10,True,1.2004999999999233,1.373882277426517,4.547640564872092,139.43587345104444,9.29690857293068,0.4602529357301176,0.06801527477922997,0.003704716329310304,0.02038409050395734,0.026225787476039677,0.003908196843223018,0.0015384138493096946,0.0014077588120615199,0.0030671094393433934,9.771745351894099e-05,0.4602529357301176,10.716444487502452,0.013253329063847984
0.08,0.08,0.004,11,True,0.8304999999999639,1.469472661880274,6.192814782478294,141.44649580733565,9.632881551194943,0.1642180420314124,0.03617213279225862,0.0008758319652234292,0.03496389312200575,0.021232963867713863,0.0007510764828339755,0.0004437782537323678,0.0037846330688811086,0.0012112617284625905,1.4211044766893634e-05,0.5146261591423446,10.17437259788254,0.00868993123729791
0.08,0.08,0.004,12,True,0.7004999999999783,4.332011922839998,53.25985403768857,134.40112850675544,9.44506313762189,0.5092161748652868,0.30744325936642153,0.0010838336019541883,0.057337647142971224,0.012165048459874749,0.004693838148510661,0.0010496677217878725,0.0016916237397697179,0.003011337228318354,1.3656639817761454e-05,0.5092161748652868,10.556601227494834,0.005028270321866201
0.08,0.08,0.004,13,True,1.14049999999993,1.0448167480498378,3.580125077545683,133.4617687340052,9.229059452119719,0.5106823465188471,0.0734913786408253,0.0031602170290511893,0.05276512574660295,0.025842514773255526,0.0068446497361148734,0.00023159837315526422,0.00383939734133819,0.0028413750731413057,1.0071496504630682e-05,0.5106823465188471,10.761548012689753,0.007862966041661704
0.08,0.08,0.004,14,True,1.1354999999999305,0.9369271975795099,3.55713085248124,135.23265308562878,9.373436172144885,0.46458555040672866,0.06090835076689687,0.002979344988679685,0.028047333341712825,0.023460264722805206,0.022517857178019643,0.001923952442364494,0.002645089626439942,0.00328694026759358,6.957465863408183e-05,0.46458555040672866,10.094407449984567,0.012463223600913117
0.08,0.08,0.004,15,True,0.6954999999999788,0.34293545594997354,1.0783934988915371,130.909571617744,9.3861692100375,0.4635290062633226,0.07228764541192191,0.002341415082513897,0.05079085556680287,0.015576948671442846,0.001173860694578235,0.001714791771101193,0.0014387362801707927,0.0031563141306264137,2.547831869663868e-05,0.4635290062633226,10.747204198879444,0.012814660277720307
0.08,0.08,0.008,0,True,0.6654999999999821,0.12125769463552559,0.2368725760867086,129.97889259478808,9.471668855705614,0.35895519050017105,0.09721384297433604,0.0021244856490258636,0.023489335688193516,0.008901417526596284,0.00043269248631363886,0.0024398107176008175,0.0037382667318331653,0.0028199073273015396,7.210319823797473e-05,0.47253699911240404,10.68108713915643,0.013158535541215322
0.08,0.08,0.008,1,True,1.1004999999999343,0.125699834776933,0.2400652857236369,113.26301185923194,8.273186793030447,0.4731577435179982,0.07184497945691126,0.001708156019624724,0.057523184816296764,0.011171511479831942,0.0248355844496532,0.0009354943560314564,0.0022699793469177273,0.0034831077814613254,3.0286949087099423e-05,0.4731577435179982,9.212803007193706,0.012535131086748067
0.08,0.08,0.008,2,True,0.7904999999999683,1.1577873221047623,4.635905966705741,146.2936299809755,9.839873600413869,0.18624988039317714,0.03206463926565833,0.0011044052733180985,0.024924557170706164,0.025912966293074165,0.0024063537379950413,0.001800301577896962,0.003185681580435384,0.0015637032200998104,1.161067493821754e-05,0.444596814262228,10.231888726552896,0.010622656627804278
0.08,0.08,0.008,3,True,0.7054999999999777,1.3183891673146102,5.605065180111875,133.2277689137689,9.065089156089623,0.16373216860677275,0.025422231664094765,0.0008127017608135093,0.021840525329804985,0.02562803823454073,0.015240966464155783,0.00028238592672119757,0.0022993808207094216,0.0024371538944225023,1.5412303097482646e-05,0.49239602374655833,9.352126819818665,0.008912281904956621
0.08,0.08,0.008,4,True,1.2604999999999167,0.7440427625351524,2.6329982915222487,136.31763724263848,9.253563734382752,0.5053394964767441,0.06668988406219516,0.0036220599140287797,0.03556637764071808,0.02947736152556949,0.002116282156798607,0.0018220674959850889,0.0021294597531318175,0.0034057036209574217,1.60420785683912e-05,0.5066500685155163,10.048268349666515,0.014022150797159886
0.08,0.08,0.008,5,True,1.1654999999999271,0.5628537702062459,1.9322817758822344,129.41243137560133,9.15547719375705,0.4210708019156255,0.07818812131370241,0.002847440277994798,0.05039703948682469,0.019337162342927122,0.0074822626339227484,0.0001617921071449693,0.002150106642356555,0.002225419616259996,1.1304406335961537e-05,0.4210708019156255,10.784801797232584,0.011523691115879878
0.08,0.08,0.008,6,True,0.675499999999981,0.15563124430113823,0.3850319425414882,128.941667940695,8.886572261328144,0.4867114367610584,0.05035681137999861,0.0017884136569469048,0.027163543490666922,0.01611947927549832,0.009804302396366918,0.0029623349705594,0.002898268817821438,0.003022971791513481,2.4438083011449394e-05,0.4867114367610584,9.367174052139356,0.005517292319837753
0.08,0.08,0.008,7,True,1.1454999999999294,1.477264456209296,5.9342822114311256,131.52773661885448,8.905074870569548,0.47784966446766325,0.06143393040187469,0.0020809973356412242,0.05486069004847877,0.025065085185394256,0.005895910446750368,0.0009004988547336763,0.003620660336188786,0.0010157959136967243,9.243566384669972e-05,0.49889522059021285,9.925295980985247,0.008030324268193136
0.08,0.08,0.008,8,True,0.6854999999999799,0.9763178124357346,3.529944564997148,122.08112377273487,8.667192405624524,0.4053160367222819,0.060992010709884255,0.001237666433073275,0.059363842166896275,0.015011638446681368,0.020644162864735433,0.0026096895350886484,0.002173254419617582,0.0023136456193683964,2.7440165521545802e-05,0.4271231740331686,9.94314245206847,0.007413521450846823
0.08,0.08,0.008,9,True,1.1904999999999244,0.1413618136818028,0.4923013551435445,130.7269886149846,9.11614700528595,0.41876512438463015,0.07551479628699656,0.0031903885322791745,0.024340860454377767,0.02126925930113436,0.02035579469014759,0.002148223888810696,0.0037461403614715227,0.003581180947548654,0.00012020741258969977,0.41876512438463015,9.875646939803113,0.00984944326977288
0.08,0.08,0.008,10,True,1.240499999999919,0.5924234636141128,2.243854837524209,141.221775169389,9.287273774998678,0.4602529357301176,0.0636381653414411,0.003704716329310304,0.02038409050395734,0.026225787476039677,0.003908196843223018,0.0015384138493096946,0.0014077588120615199,0.0030671094393433934,9.771745351894099e-05,0.4602529357301176,10.716444487502452,0.013253329063847984
0.08,0.08,0.008,11,True,0.77549999999997,1.3905384033615273,5.887376034034176,142.95868219313206,9.611268674726668,0.16384482993162716,0.03779655083478677,0.0008758319652234292,0.03496389312200575,0.021232963867713863,0.0007510764828339755,0.0004437782537323678,0.0037846330688811086,0.0012112617284625905,1.4211044766893634e-05,0.5146261591423446,10.17437259788254,0.00868993123729791
0.08,0.08,0.008,12,True,0.7054999999999777,4.405848935290698,45.144232377200915,135.45230173259117,9.433562814523656,0.5092161748652868,0.2944018281159305,0.0010838336019541883,0.057337647142971224,0.012165048459874749,0.004693838148510661,0.0010496677217878725,0.0016916237397697179,0.003011337228318354,1.3656639817761454e-05,0.5092161748652868,10.556601227494834,0.005028270321866201
0.08,0.08,0.008,13,True,1.2604999999999167,0.9778965972823009,3.694559517796177,138.18342911064056,9.211353489603399,0.5106823465188471,0.07117202752025846,0.0031602170290511893,0.05276512574660295,0.025842514773255526,0.0068446497361148734,0.00023159837315526422,0.00383939734133819,0.0028413750731413057,1.0071496504630682e-05,0.5106823465188471,10.761548012689753,0.007862966041661704
0.08,0.08,0.008,14,True,1.1454999999999294,0.5675315536886315,2.027737825426306,136.49537753169903,9.355518134741567,0.46458555040672866,0.059657191787569286,0.002979344988679685,0.028047333341712825,0.023460264722805206,0.022517857178019643,0.001923952442364494,0.002645089626439942,0.00328694026759358,6.957465863408183e-05,0.46458555040672866,10.094407449984567,0.012463223600913117
0.08,0.08,0.008,15,True,0.7054999999999777,0.3775313540343832,1.1021081824662295,132.81932639156884,9.377695390437918,0.4635290062633226,0.07573064197080644,0.002341415082513897,0.05079085556680287,0.015576948671442846,0.001173860694578235,0.001714791771101193,0.0014387362801707927,0.0031563141306264137,2.547831869663868e-05,0.4635290062633226,10.747204198879444,0.012814660277720307
0.1,0.03,0.0,0,False,inf,105.24269730003311,28.503904176255254,125.88339505545656,9.87923291144984,0.3493935749094117,0.23171250559883969,0.0021244856490258636,0.023489335688193516,0.008901417526596284,0.00043269248631363886,0.0024398107176008175,0.0037382667318331653,0.0028199073273015396,7.210319823797473e-05,0.47253699911240404,10.68108713915643,0.013158535541215322
0.1,0.03,0.0,1,False,inf,93.36569795865103,11.099499008016489,121.35800494837973,8.318796176399342,0.3152271648662571,0.13447827885369043,0.001708156019624724,0.057523184816296764,0.011171511479831942,0.0248355844496532,0.0009354943560314564,0.0022699793469177273,0.0034831077814613254,3.0286949087099423e-05,0.4731577435179982,9.212803007193706,0.012535131086748067
0.1,0.03,0.0,2,False,inf,91.95626795000054,11.779008335494865,154.9758062394373,9.898964129512711,0.18281341577792143,0.0642663087545756,0.0011044052733180985,0.024924557170706164,0.025912966293074165,0.0024063537379950413,0.001800301577896962,0.003185681580435384,0.0015637032200998104,1.161067493821754e-05,0.444596814262228,10.231888726552896,0.010622656627804278
0.1,0.03,0.0,3,False,inf,93.90771881550516,12.853030733600777,140.25307325365162,9.106134521228238,0.14507455710544503,0.053915954900776074,0.0008127017608135093,0.021840525329804985,0.02562803823454073,0.015240966464155783,0.00028238592672119757,0.0022993808207094216,0.0024371538944225023,1.5412303097482646e-05,0.49239602374655833,9.352126819818665,0.008912281904956621
0.1,0.03,0.0,4,False,inf,93.44990677013097,12.756727889455565,141.65597267870433,9.27232394477456,0.5008493056215864,0.21964757886185432,0.0036220599140287797,0.03556637764071808,0.02947736152556949,0.002116282156798607,0.0018220674959850889,0.0021294597531318175,0.0034057036209574217,1.60420785683912e-05,0.5066500685155163,10.048268349666515,0.014022150797159886
0.1,0.03,0.0,5,False,inf,90.60665459918886,7.696349709016921,137.86875590005175,9.209596535571464,0.3920289337017953,0.14085930026842938,0.002847440277994798,0.05039703948682469,0.019337162342927122,0.0074822626339227484,0.0001617921071449693,0.002150106642356555,0.002225419616259996,1.1304406335961537e-05,0.4210708019156255,10.784801797232584,0.011523691115879878
0.1,0.03,0.0,6,False,inf,91.52370315089117,9.014780160043415,130.46582638442095,8.927267165286027,0.28141947220483776,0.1110584889047539,0.0017884136569469048,0.027163543490666922,0.01611947927549832,0.009804302396366918,0.0029623349705594,0.002898268817821438,0.003022971791513481,2.4438083011449394e-05,0.4867114367610584,9.367174052139356,0.005517292319837753
0.1,0.03,0.0,7,False,inf,136.4913444167987,39.10632966013621,1284.839742756753,8.939128692395464,0.3220501437677238,0.16582744814771885,0.0020809973356412242,0.05486069004847877,0.025065085185394256,0.005895910446750368,0.0009004988547336763,0.003620660336188786,0.0010157959136967243,9.243566384669972e-05,0.49889522059021285,9.925295980985247,0.008030324268193136
0.1,0.03,0.0,8,False,inf,96.15235369905001,17.097615833580793,120.33871764448875,8.721765394855323,0.23802103301160477,0.10299211194798928,0.001237666433073275,0.059363842166896275,0.015011638446681368,0.020644162864735433,0.0026096895350886484,0.002173254419617582,0.0023136456193683964,2.7440165521545802e-05,0.4271231740331686,9.94314245206847,0.007413521450846823
0.1,0.03,0.0,9,False,inf,179.70341431338892,154.11915725238708,1495.203860545697,8.850558576904001,0.3116795411164651,0.08532790107361056,0.0031903885322791745,0.024340860454377767,0.02126925930113436,0.02035579469014759,0.002148223888810696,0.0037461403614715227,0.003581180947548654,0.00012020741258969977,0.41876512438463015,9.875646939803113,0.00984944326977288
0.1,0.03,0.0,10,False,inf,179.8310592068923,126.04936412314423,1427.761145537115,9.224581209376126,0.3463836340393161,0.09093345211017029,0.003704716329310304,0.02038409050395734,0.026225787476039677,0.003908196843223018,0.0015384138493096946,0.0014077588120615199,0.0030671094393433934,9.771745351894099e-05,0.4602529357301176,10.716444487502452,0.013253329063847984
0.1,0.03,0.0,11,False,inf,93.52277705625333,15.392501244739421,155.4205103214445,9.654045558655799,0.15968899776996653,0.06029602389745293,0.0008758319652234292,0.03496389312200575,0.021232963867713863,0.0007510764828339755,0.0004437782537323678,0.0037846330688811086,0.0012112617284625905,1.4211044766893634e-05,0.5146261591423446,10.17437259788254,0.00868993123729791
0.1,0.03,0.0,12,False,inf,90.47098357206696,9.835444257063582,140.2148213029521,9.46879995965979,0.2165525403820468,0.08133607571699092,0.0010838336019541883,0.057337647142971224,0.012165048459874749,0.004693838148510661,0.0010496677217878725,0.0016916237397697179,0.003011337228318354,1.3656639817761454e-05,0.5092161748652868,10.556601227494834,0.005028270321866201
0.1,0.03,0.0,13,False,inf,88.5881968356236,9.83157754372751,137.55621042321914,9.362097526508103,0.4564652280307846,0.171546596281647,0.0031602170290511893,0.05276512574660295,0.025842514773255526,0.0068446497361148734,0.00023159837315526422,0.00383939734133819,0.0028413750731413057,1.0071496504630682e-05,0.5106823465188471,10.761548012689753,0.007862966041661704
0.1,0.03,0.0,14,False,inf,118.55225455333765,35.02595773288436,207.63203780100378,9.406520834018893,0.4423113983928115,0.22731122421041994,0.002979344988679685,0.028047333341712825,0.023460264722805206,0.022517857178019643,0.001923952442364494,0.002645089626439942,0.00328694026759358,6.957465863408183e-05,0.46458555040672866,10.094407449984567,0.012463223600913117
0.1,0.03,0.0,15,False,inf,92.61755473761103,9.525469989053853,142.72876213680357,9.65541426410762,0.37206355983443007,0.15271576832361555,0.002341415082513897,0.05079085556680287,0.015576948671442846,0.001173860694578235,0.001714791771101193,0.0014387362801707927,0.0031563141306264137,2.547831869663868e-05,0.4635290062633226,10.747204198879444,0.012814660277720307
0.1,0.03,0.002,0,True,3.310500000000273,0.27805104598361396,3.913484339644358,234.02603892237696,9.86385833127369,0.47253699911240404,0.2353886047885881,0.0021244856490258636,0.023489335688193516,0.008901417526596284,0.00043269248631363886,0.0024398107176008175,0.0037382667318331653,0.0028199073273015396,7.210319823797473e-05,0.47253699911240404,10.68108713915643,0.013158535541215322
0.1,0.03,0.002,1,True,2.3354999999999473,0.0971926605965352,0.690607600459773,162.7570462411403,8.333586477249343,0.4731577435179982,0.17270432037176464,0.001708156019624724,0.057523184816296764,0.011171511479831942,0.0248355844496532,0.0009354943560314564,0.0022699793469177273,0.0034831077814613254,3.0286949087099423e-05,0.4731577435179982,9.212803007193706,0.012535131086748067
0.1,0.03,0.002,2,True,1.665499999999872,0.4877411517086617,4.744900541117271,227.02241545273964,9.897663641390698,0.3864226809613168,0.05398074600224133,0.0011044052733180985,0.024924557170706164,0.025912966293074165,0.0024063537379950413,0.001800301577896962,0.003185681580435384,0.0015637032200998104,1.161067493821754e-05,0.444596814262228,10.231888726552896,0.010622656627804278
0.1,0.03,0.002,3,True,2.020499999999842,0.6354286513987256,5.75666950250301,190.16558225005963,9.105837376414176,0.19410229775840618,0.04270356730999672,0.0008127017608135093,0.021840525329804985,0.02562803823454073,0.015240966464155783,0.00028238592672119757,0.0022993808207094216,0.0024371538944225023,1.5412303097482646e-05,0.49239602374655833,9.352126819818665,0.008912281904956621
0.1,0.03,0.002,4,True,5.565499999999635,0.2547196165643095,2.348463651144761,203.1525601926018,9.589468727048244,0.5066500685155163,0.15650504968035212,0.0036220599140287797,0.03556637764071808,0.02947736152556949,0.002116282156798607,0.0018220674959850889,0.0021294597531318175,0.0034057036209574217,1.60420785683912e-05,0.5066500685155163,10.048268349666515,0.014022150797159886
0.1,0.03,0.002,5,True,4.370500000000297,0.1329147544451195,1.1836272821723532,198.08613358311578,9.354746526420234,0.4210708019156255,0.17238286254441995,0.002847440277994798,0.05039703948682469,0.019337162342927122,0.0074822626339227484,0.0001617921071449693,0.002150106642356555,0.002225419616259996,1.1304406335961537e-05,0.4210708019156255,10.784801797232584,0.011523691115879878
0.1,0.03,0.002,6,True,1.975499999999838,0.10446755389764593,0.6811169737163155,174.63185976314693,8.947329273380932,0.4867114367610584,0.1261184486450795,0.0017884136569469048,0.027163543490666922,0.01611947927549832,0.009804302396366918,0.0029623349705594,0.002898268817821438,0.003022971791513481,2.4438083011449394e-05,0.4867114367610584,9.367174052139356,0.005517292319837753
0.1,0.03,0.002,7,False,inf,89.51316677074547,135.21937208370082,326.8521732537871,8.97545239923609,0.46793849982231456,0.10277365681174665,0.0020809973356412242,0.05486069004847877,0.025065085185394256,0.005895910446750368,0.0009004988547336763,0.003620660336188786,0.0010157959136967243,9.243566384669972e-05,0.49889522059021285,9.925295980985247,0.008030324268193136
0.1,0.03,0.002,8,True,2.550500000000019,0.10464901934472663,0.8229181331598888,194.20042445112566,8.730876531053326,0.404293147819111,0.09824078020094254,0.001237666433073275,0.059363842166896275,0.015011638446681368,0.020644162864735433,0.0026096895350886484,0.002173254419617582,0.0023136456193683964,2.7440165521545802e-05,0.4271231740331686,9.94314245206847,0.007413521450846823
0.1,0.03,0.002,9,False,inf,89.47262205935081,116.60321249427331,422.07503690786325,9.341204822055298,0.41876512438463015,0.1506088063427953,0.0031903885322791745,0.024340860454377767,0.02126925930113436,0.02035579469014759,0.002148223888810696,0.0037461403614715227,0.003581180947548654,0.00012020741258969977,0.41876512438463015,9.875646939803113,0.00984944326977288
0.1,0.03,0.002,10,False,inf,89.12410273710246,130.234015160083,314.3943754276487,9.504078118706062,0.4602529357301176,0.15970142215720903,0.003704716329310304,0.02038409050395734,0.026225787476039677,0.003908196843223018,0.0015384138493096946,0.0014077588120615199,0.0030671094393433934,9.771745351894099e-05,0.4602529357301176,10.716444487502452,0.013253329063847984
0.1,0.03,0.002,11,True,3.3755000000002946,0.6275061690335602,5.965418160708217,378.73208476353005,9.686993936803935,0.46965499474186795,0.0569487527641829,0.0008758319652234292,0.03496389312200575,0.021232963867713863,0.0007510764828339755,0.0004437782537323678,0.0037846330688811086,0.0012112617284625905,1.4211044766893634e-05,0.5146261591423446,10.17437259788254,0.00868993123729791
0.1,0.03,0.002,12,True,1.575499999999882,0.0960079862478258,0.530365777484969,195.58443782574483,9.468771261007543,0.5092161748652868,0.10225146814406734,0.0010838336019541883,0.057337647142971224,0.012165048459874749,0.004693838148510661,0.0010496677217878725,0.0016916237397697179,0.003011337228318354,1.3656639817761454e-05,0.5092161748652868,10.556601227494834,0.005028270321866201
0.1,0.03,0.002,13,True,3.460500000000323,0.3013648567170972,2.7903237430826278,217.59303488059618,9.419478854133269,0.5106823465188471,0.15182972050967264,0.0031602170290511893,0.05276512574660295,0.025842514773255526,0.0068446497361148734,0.00023159837315526422,0.00383939734133819,0.0028413750731413057,1.0071496504630682e-05,0.5106823465188471,10.761548012689753,0.007862966041661704
0.1,0.03,0.002,14,False,inf,82.24563769572589,78.03775380254838,247.62667699912137,9.595684702918474,0.46458555040672866,0.16467038048693272,0.002979344988679685,0.028047333341712825,0.023460264722805206,0.022517857178019643,0.001923952442364494,0.002645089626439942,0.00328694026759358,6.957465863408183e-05,0.46458555040672866,10.094407449984567,0.012463223600913117
0.1,0.03,0.002,15,True,3.505500000000338,0.1221269610665338,0.9565504817824223,260.9344584918983,9.638860645496106,0.4635290062633226,0.1769191652305565,0.002341415082513897,0.05079085556680287,0.015576948671442846,0.001173860694578235,0.001714791771101193,0.0014387362801707927,0.0031563141306264137,2.547831869663868e-05,0.4635290062633226,10.747204198879444,0.012814660277720307
0.1,0.03,0.004,0,False,7.660499999998474,36.02331682023397,78.27814714738473,386.57659091627187,9.871045006837493,0.47253699911240404,0.22269881233932282,0.0021244856490258636,0.023489335688193516,0.008901417526596284,0.00043269248631363886,0.0024398107176008175,0.0037382667318331653,0.0028199073273015396,7.210319823797473e-05,0.47253699911240404,10.68108713915643,0.013158535541215322
0.1,0.03,0.004,1,False,inf,83.8670464453294,75.3634547193431,168.27144670760865,8.353816469489031,0.4731577435179982,0.11267204617660717,0.001708156019624724,0.057523184816296764,0.011171511479831942,0.0248355844496532,0.0009354943560314564,0.0022699793469177273,0.0034831077814613254,3.0286949087099423e-05,0.4731577435179982,9.212803007193706,0.012535131086748067
0.1,0.03,0.004,2,True,1.7454999999998633,0.41299149139114,3.97832464402386,244.99713334837003,9.894126704984153,0.31694390737945977,0.05596480623972357,0.0011044052733180985,0.024924557170706164,0.025912966293074165,0.0024063537379950413,0.001800301577896962,0.003185681580435384,0.0015637032200998104,1.161067493821754e-05,0.444596814262228,10.231888726552896,0.010622656627804278
0.1,0.03,0.004,3,True,2.070499999999859,0.5798618773993153,5.344616350740675,199.67470329659324,9.104747900275374,0.16297356571813965,0.044361434467865224,0.0008127017608135093,0.021840525329804985,0.02562803823454073,0.015240966464155783,0.00028238592672119757,0.0022993808207094216,0.0024371538944225023,1.5412303097482646e-05,0.49239602374655833,9.352126819818665,0.008912281904956621
0.1,0.03,0.004,4,False,9.920500000000633,72.66077702934278,103.21289231007874,202.5191596324748,9.566626112590512,0.5066500685155163,0.16478985317027892,0.0036220599140287797,0.03556637764071808,0.02947736152556949,0.002116282156798607,0.0018220674959850889,0.0021294597531318175,0.0034057036209574217,1.60420785683912e-05,0.5066500685155163,10.048268349666515,0.014022150797159886
0.1,0.03,0.004,5,True,3.625500000000378,0.1774303621610961,1.4962594829593716,290.8925584570408,9.303007950407954,0.4210708019156255,0.18421839329786308,0.002847440277994798,0.05039703948682469,0.019337162342927122,0.0074822626339227484,0.0001617921071449693,0.002150106642356555,0.002225419616259996,1.1304406335961537e-05,0.4210708019156255,10.784801797232584,0.011523691115879878
0.1,0.03,0.004,6,True,2.0304999999998454,0.09862030606990001,0.49807993217029123,181.11215236114037,8.94508777064242,0.4760891233144376,0.1304489704475427,0.0017884136569469048,0.027163543490666922,0.01611947927549832,0.009804302396366918,0.0029623349705594,0.002898268817821438,0.003022971791513481,2.4438083011449394e-05,0.4867114367610584,9.367174052139356,0.005517292319837753
0.1,0.03,0.004,7,True,2.5405000000000157,1.1856643710308115,11.07340242655733,188.60404997210884,8.98219732704715,0.49889522059021285,0.11253138478697657,0.0020809973356412242,0.05486069004847877,0.025065085185394256,0.005895910446750368,0.0009004988547336763,0.003620660336188786,0.0010157959136967243,9.243566384669972e-05,0.49889522059021285,9.925295980985247,0.008030324268193136
0.1,0.03,0.004,8,True,2.660500000000056,0.10700581992294443,0.7386362597387213,227.32365646467028,8.73405915757243,0.40434811898197903,0.10237180286301956,0.001237666433073275,0.059363842166896275,0.015011638446681368,0.020644162864735433,0.0026096895350886484,0.002173254419617582,0.0023136456193683964,2.7440165521545802e-05,0.4271231740331686,9.94314245206847,0.007413521450846823
0.1,0.03,0.004,9,True,4.020500000000491,0.8579152268341466,9.473430419228904,199.95743760933672,9.415387914903091,0.41876512438463015,0.19572299048138705,0.0031903885322791745,0.024340860454377767,0.02126925930113436,0.02035579469014759,0.002148223888810696,0.0037461403614715227,0.003581180947548654,0.00012020741258969977,0.41876512438463015,9.875646939803113,0.00984944326977288
0.1,0.03,0.004,10,True,2.550500000000019,0.8576248934129668,8.171532041582028,189.97992810975722,9.539218079371441,0.4602529357301176,0.1710550547440645,0.003704716329310304,0.02038409050395734,0.026225787476039677,0.003908196843223018,0.0015384138493096946,0.0014077588120615199,0.0030671094393433934,9.771745351894099e-05,0.4602529357301176,10.716444487502452,0.013253329063847984
0.1,0.03,0.004,11,True,3.5605000000003564,0.5708994787907576,5.344466239971314,411.5918927976265,9.696940764012783,0.48060461168635527,0.05975485047078887,0.0008758319652234292,0.03496389312200575,0.021232963867713863,0.0007510764828339755,0.0004437782537323678,0.0037846330688811086,0.0012112617284625905,1.4211044766893634e-05,0.5146261591423446,10.17437259788254,0.00868993123729791
0.1,0.03,0.004,12,True,4.340500000000314,0.09421111132915225,0.6270994534447938,402.1861956962027,9.465553030390481,0.5092161748652868,0.10378114722609454,0.0010838336019541883,0.057337647142971224,0.012165048459874749,0.004693838148510661,0.0010496677217878725,0.0016916237397697179,0.003011337228318354,1.3656639817761454e-05,0.5092161748652868,10.556601227494834,0.005028270321866201
0.1,0.03,0.004,13,True,4.0055000000005,0.2219002073408339,2.154025496377533,290.99081331296526,9.341429082057555,0.5106823465188471,0.1544607521330109,0.0031602170290511893,0.05276512574660295,0.025842514773255526,0.0068446497361148734,0.00023159837315526422,0.00383939734133819,0.0028413750731413057,1.0071496504630682e-05,0.5106823465188471,10.761548012689753,0.007862966041661704
0.1,0.03,0.004,14,False,inf,82.1107626838708,83.03693740819624,196.93700584284082,9.451594006364905,0.46458555040672866,0.1446613032229046,0.002979344988679685,0.028047333341712825,0.023460264722805206,0.022517857178019643,0.001923952442364494,0.002645089626439942,0.00328694026759358,6.957465863408183e-05,0.46458555040672866,10.094407449984567,0.012463223600913117
0.1,0.03,0.004,15,True,2.070499999999859,0.1305336835211202,0.8538393460548627,188.37723990120097,9.589651344340318,0.4635290062633226,0.18238170020965214,0.002341415082513897,0.05079085556680287,0.015576948671442846,0.001173860694578235,0.001714791771101193,0.0014387362801707927,0.0031563141306264137,2.547831869663868e-05,0.4635290062633226,10.747204198879444,0.012814660277720307
0.1,0.03,0.008,0,True,2.080499999999862,0.2768270822215948,2.445654161457291,184.74529284575402,9.873507364429884,0.47253699911240404,0.25207252110367695,0.0021244856490258636,0.023489335688193516,0.008901417526596284,0.00043269248631363886,0.0024398107176008175,0.0037382667318331653,0.0028199073273015396,7.210319823797473e-05,0.47253699911240404,10.68108713915643,0.013158535541215322
0.1,0.03,0.008,1,True,2.4354999999999807,0.1042938293301028,0.5442090300013773,171.6454460734113,8.330489804731634,0.4731577435179982,0.18512920842330957,0.001708156019624724,0.057523184816296764,0.011171511479831942,0.0248355844496532,0.0009354943560314564,0.0022699793469177273,0.0034831077814613254,3.0286949087099423e-05,0.4731577435179982,9.212803007193706,0.012535131086748067
0.1,0.03,0.008,2,True,2.840500000000116,0.4075267099939299,3.8037622516643688,328.603240282365,9.886226357859838,0.444596814262228,0.05723036049833054,0.0011044052733180985,0.024924557170706164,0.025912966293074165,0.0024063537379950413,0.001800301577896962,0.003185681580435384,0.0015637032200998104,1.161067493821754e-05,0.444596814262228,10.231888726552896,0.010622656627804278
0.1,0.03,0.008,3,True,2.0904999999998655,0.5238453914813022,4.85757039980246,203.60068386586968,9.102270699425961,0.16531717575521085,0.04401709444316588,0.0008127017608135093,0.021840525329804985,0.02562803823454073,0.015240966464155783,0.00028238592672119757,0.0022993808207094216,0.0024371538944225023,1.5412303097482646e-05,0.49239602374655833,9.352126819818665,0.008912281904956621
0.1,0.03,0.008,4,True,3.230500000000246,0.13132383168809633,1.1864405893533945,209.77989240677712,9.372023058940433,0.5066500685155163,0.1629415449082108,0.0036220599140287797,0.03556637764071808,0.02947736152556949,0.002116282156798607,0.0018220674959850889,0.0021294597531318175,0.0034057036209574217,1.60420785683912e-05,0.5066500685155163,10.048268349666515,0.014022150797159886
0.1,0.03,0.008,5,True,3.8805000000004632,0.16744055074357286,1.809518767371991,199.65062873374868,9.26772465156478,0.4210708019156255,0.18225337739411063,0.002847440277994798,0.05039703948682469,0.019337162342927122,0.0074822626339227484,0.0001617921071449693,0.002150106642356555,0.002225419616259996,1.1304406335961537e-05,0.4210708019156255,10.784801797232584,0.011523691115879878
0.1,0.03,0.008,6,True,3.9505000000004866,0.10383265656195281,0.5243234032943254,291.07214177714235,9.048730230832412,0.4867114367610584,0.13601510437664419,0.0017884136569469048,0.027163543490666922,0.01611947927549832,0.009804302396366918,0.0029623349705594,0.002898268817821438,0.003022971791513481,2.4438083011449394e-05,0.4867114367610584,9.367174052139356,0.005517292319837753
0.1,0.03,0.008,7,True,2.5855000000000308,0.7035137801615491,7.053182093881832,194.5120520838755,8.978648484892537,0.4269815414519601,0.1109367621689383,0.0020809973356412242,0.05486069004847877,0.025065085185394256,0.005895910446750368,0.0009004988547336763,0.003620660336188786,0.0010157959136967243,9.243566384669972e-05,0.49889522059021285,9.925295980985247,0.008030324268193136
0.1,0.03,0.008,8,True,3.1155000000002078,0.11321364513477189,0.925582305986986,187.92750539054697,8.726335006513793,0.40650945065997574,0.10345504153570745,0.001237666433073275,0.059363842166896275,0.015011638446681368,0.020644162864735433,0.0026096895350886484,0.002173254419617582,0.0023136456193683964,2.7440165521545802e-05,0.4271231740331686,9.94314245206847,0.007413521450846823
0.1,0.03,0.008,9,True,2.5405000000000157,0.2772476479804812,2.995637835651372,225.75237031870674,9.443699272775845,0.41876512438463015,0.1960105014754132,0.0031903885322791745,0.024340860454377767,0.02126925930113436,0.02035579469014759,0.002148223888810696,0.0037461403614715227,0.003581180947548654,0.00012020741258969977,0.41876512438463015,9.875646939803113,0.00984944326977288
0.1,0.03,0.008,10,True,3.2105000000002395,0.11654575930793949,1.6305565854778694,205.5498293767856,9.502933277028854,0.4602529357301176,0.17465893850755457,0.003704716329310304,0.02038409050395734,0.026225787476039677,0.003908196843223018,0.0015384138493096946,0.0014077588120615199,0.0030671094393433934,9.771745351894099e-05,0.4602529357301176,10.716444487502452,0.013253329063847984
0.1,0.03,0.008,11,True,2.200499999999902,0.5425789674565885,4.84079228455293,237.5766912228206,9.64696036799142,0.17736316104475705,0.05836975830659886,0.0008758319652234292,0.03496389312200575,0.021232963867713863,0.0007510764828339755,0.0004437782537323678,0.0037846330688811086,0.0012112617284625905,1.4211044766893634e-05,0.5146261591423446,10.17437259788254,0.00868993123729791
0.1,0.03,0.008,12,True,4.060500000000469,0.09915871584027526,0.5684408098655606,390.2863221784684,9.461230204202758,0.5092161748652868,0.10728894065514344,0.0010838336019541883,0.057337647142971224,0.012165048459874749,0.004693838148510661,0.0010496677217878725,0.0016916237397697179,0.003011337228318354,1.3656639817761454e-05,0.5092161748652868,10.556601227494834,0.005028270321866201
0.1,0.03,0.008,13,True,3.835500000000448,0.19965554360157467,1.8702131089359784,200.6439973812291,9.344063183817775,0.5106823465188471,0.16045542904105856,0.0031602170290511893,0.05276512574660295,0.025842514773255526,0.0068446497361148734,0.00023159837315526422,0.00383939734133819,0.0028413750731413057,1.0071496504630682e-05,0.5106823465188471,10.761548012689753,0.007862966041661704
0.1,0.03,0.008,14,True,3.2705000000002595,0.13056755541678497,0.9954865279179762,206.30627539506312,9.3834609987644,0.46458555040672866,0.1573942106568891,0.002979344988679685,0.028047333341712825,0.023460264722805206,0.022517857178019643,0.001923952442364494,0.002645089626439942,0.00328694026759358,6.957465863408183e-05,0.46458555040672866,10.094407449984567,0.012463223600913117
0.1,0.03,0.008,15,True,2.095499999999867,0.1295407154573675,1.0111064639090275,192.15437763467457,9.533007440220747,0.4635290062633226,0.18754810346755288,0.002341415082513897,0.05079085556680287,0.015576948671442846,0.001173860694578235,0.001714791771101193,0.0014387362801707927,0.0031563141306264137,2.547831869663868e-05,0.4635290062633226,10.747204198879444,0.012814660277720307
0.1,0.04,0.0,0,False,inf,99.87647966202061,15.867802883087395,121.05643745614076,9.874947480731466,0.3217807672977289,0.18428531708615245,0.0021244856490258636,0.023489335688193516,0.008901417526596284,0.00043269248631363886,0.0024398107176008175,0.0037382667318331653,0.0028199073273015396,7.210319823797473e-05,0.47253699911240404,10.68108713915643,0.013158535541215322
0.1,0.04,0.0,1,False,inf,91.16097739279655,57.742609159464976,206.81737545380335,8.321678608502374,0.46965686859904987,0.11757352827719773,0.001708156019624724,0.057523184816296764,0.011171511479831942,0.0248355844496532,0.0009354943560314564,0.0022699793469177273,0.0034831077814613254,3.0286949087099423e-05,0.4731577435179982,9.212803007193706,0.012535131086748067
0.1,0.04,0.0,2,False,inf,84.54217276153925,148.12506651495323,306.29701449450806,9.897958592333683,0.3798251013873257,0.06914355444617927,0.0011044052733180985,0.024924557170706164,0.025912966293074165,0.0024063537379950413,0.001800301577896962,0.003185681580435384,0.0015637032200998104,1.161067493821754e-05,0.444596814262228,10.231888726552896,0.010622656627804278
0.1,0.04,0.0,3,True,5.25049999999981,2.111553705989768,10.87034280231894,399.10639336342064,9.133468103662837,0.409739217998776,0.034951411466855625,0.0008127017608135093,0.021840525329804985,0.02562803823454073,0.015240966464155783,0.00028238592672119757,0.0022993808207094216,0.0024371538944225023,1.5412303097482646e-05,0.49239602374655833,9.352126819818665,0.008912281904956621
0.1,0.04,0.0,4,False,inf,86.20122630757155,126.67102428706663,456.1857627892968,9.269710032656796,0.5066500685155163,0.1925536786408611,0.0036220599140287797,0.03556637764071808,0.02947736152556949,0.002116282156798607,0.0018220674959850889,0.0021294597531318175,0.0034057036209574217,1.60420785683912e-05,0.5066500685155163,10.048268349666515,0.014022150797159886
0.1,0.04,0.0,5,False,inf,109.4529312211756,265.79364003783763,2591.2383263004276,9.262336916881129,0.40923326844930585,0.1372227116375924,0.002847440277994798,0.05039703948682469,0.019337162342927122,0.0074822626339227484,0.0001617921071449693,0.002150106642356555,0.002225419616259996,1.1304406335961537e-05,0.4210708019156255,10.784801797232584,0.011523691115879878
0.1,0.04,0.0,6,False,9.505500000000126,77.9133513538818,110.33962813487265,445.2692160631306,8.951228280623635,0.4867114367610584,0.11598693531059193,0.0017884136569469048,0.027163543490666922,0.01611947927549832,0.009804302396366918,0.0029623349705594,0.002898268817821438,0.003022971791513481,2.4438083011449394e-05,0.4867114367610584,9.367174052139356,0.005517292319837753
0.1,0.04,0.0,7,False,inf,114.0992502683079,31.7629881850894,163.52418898500414,8.93315524269923,0.32308801473122506,0.1770415305326268,0.0020809973356412242,0.05486069004847877,0.025065085185394256,0.005895910446750368,0.0009004988547336763,0.003620660336188786,0.0010157959136967243,9.243566384669972e-05,0.49889522059021285,9.925295980985247,0.008030324268193136
0.1,0.04,0.0,8,False,inf,85.77556144198707,103.08896872501295,415.9266451136276,8.726667341351556,0.4271231740331686,0.09781392186862779,0.001237666433073275,0.059363842166896275,0.015011638446681368,0.020644162864735433,0.0026096895350886484,0.002173254419617582,0.0023136456193683964,2.7440165521545802e-05,0.4271231740331686,9.94314245206847,0.007413521450846823
0.1,0.04,0.0,9,False,inf,179.55601275846598,116.153048133674,1455.8499994570443,8.959108952651743,0.31217402202144806,0.09468401038769812,0.0031903885322791745,0.024340860454377767,0.02126925930113436,0.02035579469014759,0.002148223888810696,0.0037461403614715227,0.003581180947548654,0.00012020741258969977,0.41876512438463015,9.875646939803113,0.00984944326977288
0.1,0.04,0.0,10,False,inf,123.18769991267384,38.31605211457295,191.48521120627748,9.646075071368296,0.4602529357301176,0.2635318963272875,0.003704716329310304,0.02038409050395734,0.026225787476039677,0.003908196843223018,0.0015384138493096946,0.0014077588120615199,0.0030671094393433934,9.771745351894099e-05,0.4602529357301176,10.716444487502452,0.013253329063847984
0.1,0.04,0.0,11,False,inf,87.90776676392309,172.130867336999,413.9426309687597,9.683421885219637,0.36252531711278924,0.059416689040646405,0.0008758319652234292,0.03496389312200575,0.021232963867713863,0.0007510764828339755,0.0004437782537323678,0.0037846330688811086,0.0012112617284625905,1.4211044766893634e-05,0.5146261591423446,10.17437259788254,0.00868993123729791
0.1,0.04,0.0,12,True,1.285499999999914,0.11900061435802564,0.39968982480610016,136.11687354930498,9.4687423647169,0.5092161748652868,0.06204961936196184,0.0010838336019541883,0.057337647142971224,0.012165048459874749,0.004693838148510661,0.0010496677217878725,0.0016916237397697179,0.003011337228318354,1.3656639817761454e-05,0.5092161748652868,10.556601227494834,0.005028270321866201
0.1,0.04,0.0,13,False,inf,72.05588721183116,206.39364492227693,359.3244515916417,9.235526251403568,0.5106823465188471,0.1880201976419477,0.0031602170290511893,0.05276512574660295,0.025842514773255526,0.0068446497361148734,0.00023159837315526422,0.00383939734133819,0.0028413750731413057,1.0071496504630682e-05,0.5106823465188471,10.761548012689753,0.007862966041661704
0.1,0.04,0.0,14,False,inf,102.4354747951375,22.86703446281849,144.31684705987917,9.330615689360682,0.4419045462960083,0.2558277002452771,0.002979344988679685,0.028047333341712825,0.023460264722805206,0.022517857178019643,0.001923952442364494,0.002645089626439942,0.00328694026759358,6.957465863408183e-05,0.46458555040672866,10.094407449984567,0.012463223600913117
0.1,0.04,0.0,15,False,inf,84.91379249988397,113.33636699345564,428.16213535802154,9.422547067013664,0.4635290062633226,0.1427080879499368,0.002341415082513897,0.05079085556680287,0.015576948671442846,0.001173860694578235,0.001714791771101193,0.0014387362801707927,0.0031563141306264137,2.547831869663868e-05,0.4635290062633226,10.747204198879444,0.012814660277720307
0.1,0.04,0.002,0,True,1.5354999999998864,0.17174032598215133,1.0430331945994937,162.45293470225354,9.863077691873954,0.47253699911240404,0.18947373806942808,0.0021244856490258636,0.023489335688193516,0.008901417526596284,0.00043269248631363886,0.0024398107176008175,0.0037382667318331653,0.0028199073273015396,7.210319823797473e-05,0.47253699911240404,10.68108713915643,0.013158535541215322
0.1,0.04,0.002,1,True,1.9154999999998445,0.10648192921452784,0.48097769020095993,153.99432852050282,8.331375081226032,0.4492928301840031,0.13199143666867047,0.001708156019624724,0.057523184816296764,0.011171511479831942,0.0248355844496532,0.0009354943560314564,0.0022699793469177273,0.0034831077814613254,3.0286949087099423e-05,0.4731577435179982,9.212803007193706,0.012535131086748067
0.1,0.04,0.002,2,True,1.240499999999919,0.66684257777855,4.806769578902353,212.86869429632233,9.894116013036678,0.22169410943213674,0.04462386847156809,0.0011044052733180985,0.024924557170706164,0.025912966293074165,0.0024063537379950413,0.001800301577896962,0.003185681580435384,0.0015637032200998104,1.161067493821754e-05,0.444596814262228,10.231888726552896,0.010622656627804278
0.1,0.04,0.002,3,True,1.6104999999998781,0.8328986057448593,6.137326755028582,178.920666269385,9.103897923845004,0.2107029182637961,0.03595655377319331,0.0008127017608135093,0.021840525329804985,0.02562803823454073,0.015240966464155783,0.00028238592672119757,0.0022993808207094216,0.0024371538944225023,1.5412303097482646e-05,0.49239602374655833,9.352126819818665,0.008912281904956621
0.1,0.04,0.002,4,True,3.385500000000298,0.3181209653628652,2.351084812232102,342.614242404754,9.375003941857289,0.5066500685155163,0.1228548592893748,0.0036220599140287797,0.03556637764071808,0.02947736152556949,0.002116282156798607,0.0018220674959850889,0.0021294597531318175,0.0034057036209574217,1.60420785683912e-05,0.5066500685155163,10.048268349666515,0.014022150797159886
0.1,0.04,0.002,5,True,1.5554999999998842,0.09783752760464014,0.4919551339603419,172.68823149333502,9.172735020464197,0.4210708019156255,0.13884311184066975,0.002847440277994798,0.05039703948682469,0.019337162342927122,0.0074822626339227484,0.0001617921071449693,0.002150106642356555,0.002225419616259996,1.1304406335961537e-05,0.4210708019156255,10.784801797232584,0.011523691115879878
0.1,0.04,0.002,6,True,1.5354999999998864,0.12000382239704303,0.5473391349932705,165.860844703971,8.94385809161102,0.384199377921799,0.09857580460262257,0.0017884136569469048,0.027163543490666922,0.01611947927549832,0.009804302396366918,0.0029623349705594,0.002898268817821438,0.003022971791513481,2.4438083011449394e-05,0.4867114367610584,9.367174052139356,0.005517292319837753
0.1,0.04,0.002,7,True,1.9904999999998363,2.1377241430423073,13.742131553266553,170.90778064396753,8.9801227798621,0.351425206868322,0.09786014669810086,0.0020809973356412242,0.05486069004847877,0.025065085185394256,0.005895910446750368,0.0009004988547336763,0.003620660336188786,0.0010157959136967243,9.243566384669972e-05,0.49889522059021285,9.925295980985247,0.008030324268193136
0.1,0.04,0.002,8,True,1.5054999999998897,0.12564817680576967,0.39668768185430936,154.34473237266207,8.728515768703684,0.28801785091698057,0.07763190812954607,0.001237666433073275,0.059363842166896275,0.015011638446681368,0.020644162864735433,0.0026096895350886484,0.002173254419617582,0.0023136456193683964,2.7440165521545802e-05,0.4271231740331686,9.94314245206847,0.007413521450846823
0.1,0.04,0.002,9,True,3.1805000000002295,1.94502360272067,13.430626285425447,197.40273090964865,9.336672586305932,0.41876512438463015,0.16065039816719578,0.0031903885322791745,0.024340860454377767,0.02126925930113436,0.02035579469014759,0.002148223888810696,0.0037461403614715227,0.003581180947548654,0.00012020741258969977,0.41876512438463015,9.875646939803113,0.00984944326977288
0.1,0.04,0.002,10,True,2.020499999999842,1.7370623662005653,9.999286643083737,181.06887496305367,9.420726489116706,0.4602529357301176,0.14327129103187544,0.003704716329310304,0.02038409050395734,0.026225787476039677,0.003908196843223018,0.0015384138493096946,0.0014077588120615199,0.0030671094393433934,9.771745351894099e-05,0.4602529357301176,10.716444487502452,0.013253329063847984
0.1,0.04,0.002,11,True,3.5455000000003514,0.8037999642190519,5.752851884491008,223.66766799887552,9.722249762164436,0.3798458171817908,0.047494257186378515,0.0008758319652234292,0.03496389312200575,0.021232963867713863,0.0007510764828339755,0.0004437782537323678,0.0037846330688811086,0.0012112617284625905,1.4211044766893634e-05,0.5146261591423446,10.17437259788254,0.00868993123729791
0.1,0.04,0.002,12,True,1.665499999999872,0.1408385101523961,0.5518967595515051,182.23592665874176,9.466563967675015,0.28670715201494723,0.08028115535396302,0.0010838336019541883,0.057337647142971224,0.012165048459874749,0.004693838148510661,0.0010496677217878725,0.0016916237397697179,0.003011337228318354,1.3656639817761454e-05,0.5092161748652868,10.556601227494834,0.005028270321866201
0.1,0.04,0.002,13,True,1.5704999999998825,0.5251431128204942,3.6206265426950157,182.4999776886841,9.284667319744864,0.5106823465188471,0.12233519476378206,0.0031602170290511893,0.05276512574660295,0.025842514773255526,0.0068446497361148734,0.00023159837315526422,0.00383939734133819,0.0028413750731413057,1.0071496504630682e-05,0.5106823465188471,10.761548012689753,0.007862966041661704
0.1,0.04,0.002,14,True,2.005499999999837,1.1685582789637528,7.782890930615002,176.04186119240694,9.387012845104492,0.42956681414057307,0.11937012874337864,0.002979344988679685,0.028047333341712825,0.023460264722805206,0.022517857178019643,0.001923952442364494,0.002645089626439942,0.00328694026759358,6.957465863408183e-05,0.46458555040672866,10.094407449984567,0.012463223600913117
0.1,0.04,0.002,15,True,1.5804999999998814,0.10921295666237688,0.5180707934845775,170.63890830109492,9.451847149063115,0.46351908570898254,0.13415938297310123,0.002341415082513897,0.05079085556680287,0.015576948671442846,0.001173860694578235,0.001714791771101193,0.0014387362801707927,0.0031563141306264137,2.547831869663868e-05,0.4635290062633226,10.747204198879444,0.012814660277720307
0.1,0.04,0.004,0,True,1.6054999999998787,0.18053740604389973,0.7333796930877782,172.81509317094665,9.87379675436621,0.47253699911240404,0.20266842394502743,0.0021244856490258636,0.023489335688193516,0.008901417526596284,0.00043269248631363886,0.0024398107176008175,0.0037382667318331653,0.0028199073273015396,7.210319823797473e-05,0.47253699911240404,10.68108713915643,0.013158535541215322
0.1,0.04,0.004,1,True,1.9604999999998396,0.10224213519924538,0.4136624396197528,160.73632479532853,8.327879479115326,0.45705939951796637,0.13795773708683085,0.001708156019624724,0.057523184816296764,0.011171511479831942,0.0248355844496532,0.0009354943560314564,0.0022699793469177273,0.0034831077814613254,3.0286949087099423e-05,0.4731577435179982,9.212803007193706,0.012535131086748067
0.1,0.04,0.004,2,True,1.2704999999999156,0.6229076352093603,4.427754666496045,214.3571310270177,9.890027552739241,0.20519094036148994,0.04613720570975737,0.0011044052733180985,0.024924557170706164,0.025912966293074165,0.0024063537379950413,0.001800301577896962,0.003185681580435384,0.0015637032200998104,1.161067493821754e-05,0.444596814262228,10.231888726552896,0.010622656627804278
0.1,0.04,0.004,3,True,1.6554999999998732,0.7497356231769207,5.524171821963094,188.93642104467872,9.103522567720459,0.19996977327158,0.036511073568117974,0.0008127017608135093,0.021840525329804985,0.02562803823454073,0.015240966464155783,0.00028238592672119757,0.0022993808207094216,0.0024371538944225023,1.5412303097482646e-05,0.49239602374655833,9.352126819818665,0.008912281904956621
0.1,0.04,0.004,4,True,1.6404999999998748,0.0794829570099125,0.4189369927513112,192.69448909443844,9.373118369059956,0.5066500685155163,0.12478974090189374,0.0036220599140287797,0.03556637764071808,0.02947736152556949,0.002116282156798607,0.0018220674959850889,0.0021294597531318175,0.0034057036209574217,1.60420785683912e-05,0.5066500685155163,10.048268349666515,0.014022150797159886
0.1,0.04,0.004,5,True,1.6004999999998792,0.1084246050620767,0.5852289645214747,177.90336800755674,9.170722075772158,0.4210708019156255,0.1439381996017925,0.002847440277994798,0.05039703948682469,0.019337162342927122,0.0074822626339227484,0.0001617921071449693,0.002150106642356555,0.002225419616259996,1.1304406335961537e-05,0.4210708019156255,10.784801797232584,0.011523691115879878
0.1,0.04,0.004,6,True,1.575499999999882,0.10336863592058958,0.4421884762132248,174.69310203238473,8.942239416491093,0.4107779526086258,0.1017737831941466,0.0017884136569469048,0.027163543490666922,0.01611947927549832,0.009804302396366918,0.0029623349705594,0.002898268817821438,0.003022971791513481,2.4438083011449394e-05,0.4867114367610584,9.367174052139356,0.005517292319837753
0.1,0.04,0.004,7,True,1.585499999999881,1.2669229939632642,9.189941175179634,173.25461981327263,8.977972435599039,0.49889522059021285,0.09222578044871145,0.0020809973356412242,0.05486069004847877,0.025065085185394256,0.005895910446750368,0.0009004988547336763,0.003620660336188786,0.0010157959136967243,9.243566384669972e-05,0.49889522059021285,9.925295980985247,0.008030324268193136
0.1,0.04,0.004,8,True,1.5504999999998847,0.16169681782816134,0.7007621638311724,161.66654183708235,8.724449441240056,0.31704075599924436,0.08073408587088562,0.001237666433073275,0.059363842166896275,0.015011638446681368,0.020644162864735433,0.0026096895350886484,0.002173254419617582,0.0023136456193683964,2.7440165521545802e-05,0.4271231740331686,9.94314245206847,0.007413521450846823
0.1,0.04,0.004,9,True,2.0604999999998554,0.6947825422928637,5.251787799992557,190.09351645824722,9.408991665626303,0.41876512438463015,0.1587720031366217,0.0031903885322791745,0.024340860454377767,0.02126925930113436,0.02035579469014759,0.002148223888810696,0.0037461403614715227,0.003581180947548654,0.00012020741258969977,0.41876512438463015,9.875646939803113,0.00984944326977288
0.1,0.04,0.004,10,True,2.070499999999859,0.8020310314452112,5.422254359407482,182.2669300742134,9.453063842779388,0.4602529357301176,0.13257060779235838,0.003704716329310304,0.02038409050395734,0.026225787476039677,0.003908196843223018,0.0015384138493096946,0.0014077588120615199,0.0030671094393433934,9.771745351894099e-05,0.4602529357301176,10.716444487502452,0.013253329063847984
0.1,0.04,0.004,11,True,2.8055000000001042,0.7598573458602562,5.478942154588901,245.65603176329358,9.797757621942617,0.25985244604341917,0.04785835655134961,0.0008758319652234292,0.03496389312200575,0.021232963867713863,0.0007510764828339755,0.0004437782537323678,0.0037846330688811086,0.0012112617284625905,1.4211044766893634e-05,0.5146261591423446,10.17437259788254,0.00868993123729791
0.1,0.04,0.004,12,True,1.7054999999998677,0.11582090031129502,0.5400911995717205,190.4955991387281,9.460528722955658,0.3242904757495111,0.08353517298555163,0.0010838336019541883,0.057337647142971224,0.012165048459874749,0.004693838148510661,0.0010496677217878725,0.0016916237397697179,0.003011337228318354,1.3656639817761454e-05,0.5092161748652868,10.556601227494834,0.005028270321866201
0.1,0.04,0.004,13,True,1.6004999999998792,0.4726146475089125,3.19563987139675,187.06406404376474,9.294108365279495,0.5106823465188471,0.12683304569328954,0.0031602170290511893,0.05276512574660295,0.025842514773255526,0.0068446497361148734,0.00023159837315526422,0.00383939734133819,0.0028413750731413057,1.0071496504630682e-05,0.5106823465188471,10.761548012689753,0.007862966041661704
0.1,0.04,0.004,14,True,1.6154999999998776,0.15578930571806215,0.8835328313359881,189.29957506051846,9.384064006563278,0.4423668264930662,0.11866485786526865,0.002979344988679685,0.028047333341712825,0.023460264722805206,0.022517857178019643,0.001923952442364494,0.002645089626439942,0.00328694026759358,6.957465863408183e-05,0.46458555040672866,10.094407449984567,0.012463223600913117
0.1,0.04,0.004,15,True,1.6154999999998776,0.10475297134756086,0.548467887714046,178.74321890169423,9.438646418401543,0.461021045050803,0.14367890672396672,0.002341415082513897,0.05079085556680287,0.015576948671442846,0.001173860694578235,0.001714791771101193,0.0014387362801707927,0.0031563141306264137,2.547831869663868e-05,0.4635290062633226,10.747204198879444,0.012814660277720307
0.1,0.04,0.008,0,True,1.6354999999998754,0.17178824652161198,0.6763997932796244,173.67056361674352,9.87087778264037,0.47253699911240404,0.20220951965979267,0.0021244856490258636,0.023489335688193516,0.008901417526596284,0.00043269248631363886,0.0024398107176008175,0.0037382667318331653,0.0028199073273015396,7.210319823797473e-05,0.47253699911240404,10.68108713915643,0.013158535541215322
0.1,0.04,0.008,1,True,2.005499999999837,0.11514308860478116,0.44284328078510143,163.30726555563666,8.325464201840633,0.4731577435179982,0.1407226597899542,0.001708156019624724,0.057523184816296764,0.011171511479831942,0.0248355844496532,0.0009354943560314564,0.0022699793469177273,0.0034831077814613254,3.0286949087099423e-05,0.4731577435179982,9.212803007193706,0.012535131086748067
0.1,0.04,0.008,2,True,3.75050000000042,0.5733748507614036,4.110679394026804,236.39190486626885,9.958146975314326,0.42717997535165836,0.048118268695397905,0.0011044052733180985,0.024924557170706164,0.025912966293074165,0.0024063537379950413,0.001800301577896962,0.003185681580435384,0.0015637032200998104,1.161067493821754e-05,0.444596814262228,10.231888726552896,0.010622656627804278
0.1,0.04,0.008,3,True,1.665499999999872,0.703397011029988,4.941898730142833,190.3258984327421,9.098821441108178,0.16842256869217068,0.03825788435019259,0.0008127017608135093,0.021840525329804985,0.02562803823454073,0.015240966464155783,0.00028238592672119757,0.0022993808207094216,0.0024371538944225023,1.5412303097482646e-05,0.49239602374655833,9.352126819818665,0.008912281904956621
0.1,0.04,0.008,4,True,1.6704999999998715,0.0685485568039656,0.3760831144787334,200.31867204840475,9.368204345718079,0.5066500685155163,0.12781464291686528,0.0036220599140287797,0.03556637764071808,0.02947736152556949,0.002116282156798607,0.0018220674959850889,0.0021294597531318175,0.0034057036209574217,1.60420785683912e-05,0.5066500685155163,10.048268349666515,0.014022150797159886
0.1,0.04,0.008,5,True,1.620499999999877,0.0960035617654889,0.6311380095613148,192.56246243127583,9.198653027251291,0.4147861227792933,0.142475730644314,0.002847440277994798,0.05039703948682469,0.019337162342927122,0.0074822626339227484,0.0001617921071449693,0.002150106642356555,0.002225419616259996,1.1304406335961537e-05,0.4210708019156255,10.784801797232584,0.011523691115879878
0.1,0.04,0.008,6,True,1.6004999999998792,0.09567889092439039,0.39825583834994227,180.01853491453093,8.934946892072238,0.44922939875160756,0.10350973759111284,0.0017884136569469048,0.027163543490666922,0.01611947927549832,0.009804302396366918,0.0029623349705594,0.002898268817821438,0.003022971791513481,2.4438083011449394e-05,0.4867114367610584,9.367174052139356,0.005517292319837753
0.1,0.04,0.008,7,True,1.6054999999998787,0.8253951183384552,6.652229158571666,180.95739706852825,8.972370870075707,0.3700847882845468,0.09016517772657015,0.0020809973356412242,0.05486069004847877,0.025065085185394256,0.005895910446750368,0.0009004988547336763,0.003620660336188786,0.0010157959136967243,9.243566384669972e-05,0.49889522059021285,9.925295980985247,0.008030324268193136
0.1,0.04,0.008,8,True,1.5504999999998847,0.23900845717188104,1.4649291296416167,168.53954658974087,8.719996715081678,0.3030294244995117,0.08464114001031012,0.001237666433073275,0.059363842166896275,0.015011638446681368,0.020644162864735433,0.0026096895350886484,0.002173254419617582,0.0023136456193683964,2.7440165521545802e-05,0.4271231740331686,9.94314245206847,0.007413521450846823
0.1,0.04,0.008,9,True,2.095499999999867,0.1831539125488013,1.2119976787876687,194.1315735765096,9.422123190662708,0.41876512438463015,0.1560273625307582,0.0031903885322791745,0.024340860454377767,0.02126925930113436,0.02035579469014759,0.002148223888810696,0.0037461403614715227,0.003581180947548654,0.00012020741258969977,0.41876512438463015,9.875646939803113,0.00984944326977288
0.1,0.04,0.008,10,True,3.5155000000003414,0.19371820861124858,1.3572567869539771,329.23628571922654,9.675061025064128,0.4602529357301176,0.1323719181147297,0.003704716329310304,0.02038409050395734,0.026225787476039677,0.003908196843223018,0.0015384138493096946,0.0014077588120615199,0.0030671094393433934,9.771745351894099e-05,0.4602529357301176,10.716444487502452,0.013253329063847984
0.1,0.04,0.008,11,True,1.765499999999861,0.7036117913052713,4.989607182629418,207.29825454610713,9.638920542213977,0.16860352578688023,0.04913821930503002,0.0008758319652234292,0.03496389312200575,0.021232963867713863,0.0007510764828339755,0.0004437782537323678,0.0037846330688811086,0.0012112617284625905,1.4211044766893634e-05,0.5146261591423446,10.17437259788254,0.00868993123729791
0.1,0.04,0.008,12,True,1.7154999999998666,0.1163752874385587,0.5052461547063176,195.4068401336517,9.447806667744004,0.4465678859916013,0.08236537948205985,0.0010838336019541883,0.057337647142971224,0.012165048459874749,0.004693838148510661,0.0010496677217878725,0.0016916237397697179,0.003011337228318354,1.3656639817761454e-05,0.5092161748652868,10.556601227494834,0.005028270321866201
0.1,0.04,0.008,13,True,1.620499999999877,0.45385010158809364,2.964781996472088,192.00369545156175,9.280389652718725,0.5106823465188471,0.12725498634852617,0.0031602170290511893,0.05276512574660295,0.025842514773255526,0.0068446497361148734,0.00023159837315526422,0.00383939734133819,0.0028413750731413057,1.0071496504630682e-05,0.5106823465188471,10.761548012689753,0.007862966041661704
0.1,0.04,0.008,14,True,1.630499999999876,0.16778733226009204,0.9855202647755218,190.46738872572445,9.379675463922515,0.4473623359430184,0.12144784384017315,0.002979344988679685,0.028047333341712825,0.023460264722805206,0.022517857178019643,0.001923952442364494,0.002645089626439942,0.00328694026759358,6.957465863408183e-05,0.46458555040672866,10.094407449984567,0.012463223600913117
0.1,0.04,0.008,15,True,1.630499999999876,0.10736008060631902,0.5696247441838614,180.53530826208012,9.433809930767127,0.4635290062633226,0.14188846336104702,0.002341415082513897,0.05079085556680287,0.015576948671442846,0.001173860694578235,0.001714791771101193,0.0014387362801707927,0.0031563141306264137,2.547831869663868e-05,0.4635290062633226,10.747204198879444,0.012814660277720307
0.1,0.05,0.0,0,False,inf,93.47023170903817,10.49770717396529,124.37182150127556,9.870759736502569,0.335402489770294,0.1513499127013057,0.0021244856490258636,0.023489335688193516,0.008901417526596284,0.00043269248631363886,0.0024398107176008175,0.0037382667318331653,0.0028199073273015396,7.210319823797473e-05,0.47253699911240404,10.68108713915643,0.013158535541215322
0.1,0.05,0.0,1,True,4.480500000000236,1.7825555286294992,9.603245373487885,289.24730787801167,8.326592372494723,0.4731577435179982,0.10281591545610554,0.001708156019624724,0.057523184816296764,0.011171511479831942,0.0248355844496532,0.0009354943560314564,0.0022699793469177273,0.0034831077814613254,3.0286949087099423e-05,0.4731577435179982,9.212803007193706,0.012535131086748067
0.1,0.05,0.0,2,True,1.030499999999942,1.622688061976301,7.641108194912061,142.21691795803036,9.897171413108934,0.18477962110664084,0.03704748806303091,0.0011044052733180985,0.024924557170706164,0.025912966293074165,0.0024063537379950413,0.001800301577896962,0.003185681580435384,0.0015637032200998104,1.161067493821754e-05,0.444596814262228,10.231888726552896,0.010622656627804278
0.1,0.05,0.0,3,True,1.3704999999999046,2.162880733834923,9.780469131614364,185.79230505290028,9.104797335084953,0.2562802127041207,0.031190909064057703,0.0008127017608135093,0.021840525329804985,0.02562803823454073,0.015240966464155783,0.00028238592672119757,0.0022993808207094216,0.0024371538944225023,1.5412303097482646e-05,0.49239602374655833,9.352126819818665,0.008912281904956621
0.1,0.05,0.0,4,True,1.765499999999861,2.10352261122528,8.02229257879527,131.37026115622982,9.266536570037633,0.5036194784936209,0.09849815717386173,0.0036220599140287797,0.03556637764071808,0.02947736152556949,0.002116282156798607,0.0018220674959850889,0.0021294597531318175,0.0034057036209574217,1.60420785683912e-05,0.5066500685155163,10.048268349666515,0.014022150797159886
0.1,0.05,0.0,5,True,1.2704999999999156,0.21928644817413537,1.0092096329996865,125.5599761854008,9.175484357292573,0.3887915000309252,0.08747374974050226,0.002847440277994798,0.05039703948682469,0.019337162342927122,0.0074822626339227484,0.0001617921071449693,0.002150106642356555,0.002225419616259996,1.1304406335961537e-05,0.4210708019156255,10.784801797232584,0.011523691115879878
0.1,0.05,0.0,6,True,1.2604999999999167,1.716808604869799,8.158964169689895,115.22754435076443,8.927368359122298,0.48312942632523537,0.06898496989753428,0.0017884136569469048,0.027163543490666922,0.01611947927549832,0.009804302396366918,0.0029623349705594,0.002898268817821438,0.003022971791513481,2.4438083011449394e-05,0.4867114367610584,9.367174052139356,0.005517292319837753
0.1,0.05,0.0,7,False,inf,98.64044873319517,23.027321099735403,143.32416108273347,8.908758450448403,0.3223224456975563,0.17063086476540013,0.0020809973356412242,0.05486069004847877,0.025065085185394256,0.005895910446750368,0.0009004988547336763,0.003620660336188786,0.0010157959136967243,9.243566384669972e-05,0.49889522059021285,9.925295980985247,0.008030324268193136
0.1,0.05,0.0,8,True,1.2454999999999183,2.137969990114211,10.927137630729108,112.36077640868403,8.720885830640096,0.4271231740331686,0.07158303372420342,0.001237666433073275,0.059363842166896275,0.015011638446681368,0.020644162864735433,0.0026096895350886484,0.002173254419617582,0.0023136456193683964,2.7440165521545802e-05,0.4271231740331686,9.94314245206847,0.007413521450846823
0.1,0.05,0.0,9,False,inf,122.16398590383518,36.73097006727017,166.0753822526619,9.02768243163327,0.41876512438463015,0.2274025472897202,0.0031903885322791745,0.024340860454377767,0.02126925930113436,0.02035579469014759,0.002148223888810696,0.0037461403614715227,0.003581180947548654,0.00012020741258969977,0.41876512438463015,9.875646939803113,0.00984944326977288
0.1,0.05,0.0,10,False,inf,109.03601146681957,27.223129284665514,161.91711142950976,9.346330547835521,0.4602529357301176,0.2871792200416667,0.003704716329310304,0.02038409050395734,0.026225787476039677,0.003908196843223018,0.0015384138493096946,0.0014077588120615199,0.0030671094393433934,9.771745351894099e-05,0.4602529357301176,10.716444487502452,0.013253329063847984
0.1,0.05,0.0,11,True,1.0004999999999453,1.7256448771938653,8.455218763275273,132.21577875171977,9.652553827249173,0.16178376647388118,0.04083026486543877,0.0008758319652234292,0.03496389312200575,0.021232963867713863,0.0007510764828339755,0.0004437782537323678,0.0037846330688811086,0.0012112617284625905,1.4211044766893634e-05,0.5146261591423446,10.17437259788254,0.00868993123729791
0.1,0.05,0.0,12,True,0.9454999999999513,0.1886970528768933,0.5215856391752628,128.9621647559149,9.468396824639477,0.2180354806769309,0.05332086973918947,0.0010838336019541883,0.057337647142971224,0.012165048459874749,0.004693838148510661,0.0010496677217878725,0.0016916237397697179,0.003011337228318354,1.3656639817761454e-05,0.5092161748652868,10.556601227494834,0.005028270321866201
0.1,0.05,0.0,13,True,1.32049999999991,1.5250164094332344,6.570099519246697,131.47622683027126,9.23586289140005,0.44933570070804546,0.09022055879478935,0.0031602170290511893,0.05276512574660295,0.025842514773255526,0.0068446497361148734,0.00023159837315526422,0.00383939734133819,0.0028413750731413057,1.0071496504630682e-05,0.5106823465188471,10.761548012689753,0.007862966041661704
0.1,0.05,0.0,14,False,inf,90.53561942876375,10.822705274667712,138.5822109972548,9.369451530013993,0.44141909469808055,0.18799887299415868,0.002979344988679685,0.028047333341712825,0.023460264722805206,0.022517857178019643,0.001923952442364494,0.002645089626439942,0.00328694026759358,6.957465863408183e-05,0.46458555040672866,10.094407449984567,0.012463223600913117
0.1,0.05,0.0,15,True,1.285499999999914,1.72748572539324,8.397532753800997,124.92737719356737,9.467669680846464,0.4635290062633226,0.09829787075475906,0.002341415082513897,0.05079085556680287,0.015576948671442846,0.001173860694578235,0.001714791771101193,0.0014387362801707927,0.0031563141306264137,2.547831869663868e-05,0.4635290062633226,10.747204198879444,0.012814660277720307
0.1,0.05,0.002,0,True,1.1254999999999316,0.15245497369868913,0.5951272765945947,160.92490578594797,9.675649530615042,0.47253699911240404,0.15177356886100918,0.0021244856490258636,0.023489335688193516,0.008901417526596284,0.00043269248631363886,0.0024398107176008175,0.0037382667318331653,0.0028199073273015396,7.210319823797473e-05,0.47253699911240404,10.68108713915643,0.013158535541215322
0.1,0.05,0.002,1,True,1.5154999999998886,0.10765865204837952,0.3120002070310642,139.72774572103646,8.329394610186274,0.38229136037421974,0.11250112757317887,0.001708156019624724,0.057523184816296764,0.011171511479831942,0.0248355844496532,0.0009354943560314564,0.0022699793469177273,0.0034831077814613254,3.0286949087099423e-05,0.4731577435179982,9.212803007193706,0.012535131086748067
0.1,0.05,0.002,2,True,1.3104999999999112,0.7998449547158893,4.817120168671941,194.93811630382157,9.890692151382337,0.32221014634997214,0.03987898072642995,0.0011044052733180985,0.024924557170706164,0.025912966293074165,0.0024063537379950413,0.001800301577896962,0.003185681580435384,0.0015637032200998104,1.161067493821754e-05,0.444596814262228,10.231888726552896,0.010622656627804278
0.1,0.05,0.002,3,True,1.2504999999999178,0.9480200038632621,5.715111369305673,192.5899603234889,9.114863292078343,0.21999677763721157,0.03191905811770936,0.0008127017608135093,0.021840525329804985,0.02562803823454073,0.015240966464155783,0.00028238592672119757,0.0022993808207094216,0.0024371538944225023,1.5412303097482646e-05,0.49239602374655833,9.352126819818665,0.008912281904956621
0.1,0.05,0.002,4,True,1.6354999999998754,0.5423430996557413,3.1086464835176706,176.955882742423,9.37441102621942,0.5066500685155163,0.10215638291644309,0.0036220599140287797,0.03556637764071808,0.02947736152556949,0.002116282156798607,0.0018220674959850889,0.0021294597531318175,0.0034057036209574217,1.60420785683912e-05,0.5066500685155163,10.048268349666515,0.014022150797159886
0.1,0.05,0.002,5,True,1.620499999999877,0.10255943623761132,0.44131467864299134,166.94864028670133,9.172375902779274,0.3914355633084338,0.11313222722693858,0.002847440277994798,0.05039703948682469,0.019337162342927122,0.0074822626339227484,0.0001617921071449693,0.002150106642356555,0.002225419616259996,1.1304406335961537e-05,0.4210708019156255,10.784801797232584,0.011523691115879878
0.1,0.05,0.002,6,True,1.1454999999999294,0.10004621247058441,0.351451134132527,161.16828801793193,8.942290553506908,0.4867114367610584,0.0811872839024603,0.0017884136569469048,0.027163543490666922,0.01611947927549832,0.009804302396366918,0.0029623349705594,0.002898268817821438,0.003022971791513481,2.4438083011449394e-05,0.4867114367610584,9.367174052139356,0.005517292319837753
0.1,0.05,0.002,7,True,1.575499999999882,2.212076764611058,11.970337690628979,160.20529213412914,8.976226456673102,0.31899521002319414,0.08660597836828905,0.0020809973356412242,0.05486069004847877,0.025065085185394256,0.005895910446750368,0.0009004988547336763,0.003620660336188786,0.0010157959136967243,9.243566384669972e-05,0.49889522059021285,9.925295980985247,0.008030324268193136
0.1,0.05,0.002,8,True,1.6154999999998776,0.5741121497282419,3.092222973694412,150.34467649459918,8.725759482464484,0.26271079668645336,0.07491093506765002,0.001237666433073275,0.059363842166896275,0.015011638446681368,0.020644162864735433,0.0026096895350886484,0.002173254419617582,0.0023136456193683964,2.7440165521545802e-05,0.4271231740331686,9.94314245206847,0.007413521450846823
0.1,0.05,0.002,9,True,2.0404999999998488,1.9298595286453126,10.26429269803128,173.82375410141407,9.381392415205488,0.41876512438463015,0.133496456456004,0.0031903885322791745,0.024340860454377767,0.02126925930113436,0.02035579469014759,0.002148223888810696,0.0037461403614715227,0.003581180947548654,0.00012020741258969977,0.41876512438463015,9.875646939803113,0.00984944326977288
0.1,0.05,0.002,10,True,1.5804999999998814,1.7833613051928452,8.852655088999647,174.03550897987918,9.365384837578441,0.4602529357301176,0.11827504943627544,0.003704716329310304,0.02038409050395734,0.026225787476039677,0.003908196843223018,0.0015384138493096946,0.0014077588120615199,0.0030671094393433934,9.771745351894099e-05,0.4602529357301176,10.716444487502452,0.013253329063847984
0.1,0.05,0.002,11,True,1.275499999999915,0.9804138001439401,5.818650217861431,183.11412205657348,9.647997540864948,0.26698563528287544,0.04330021554338542,0.0008758319652234292,0.03496389312200575,0.021232963867713863,0.0007510764828339755,0.0004437782537323678,0.0037846330688811086,0.0012112617284625905,1.4211044766893634e-05,0.5146261591423446,10.17437259788254,0.00868993123729791
0.1,0.05,0.002,12,True,1.185499999999925,0.16142173862496512,0.6068946199542289,169.5719310467075,9.463955601235677,0.3660922496920157,0.06909725674688755,0.0010838336019541883,0.057337647142971224,0.012165048459874749,0.004693838148510661,0.0010496677217878725,0.0016916237397697179,0.003011337228318354,1.3656639817761454e-05,0.5092161748652868,10.556601227494834,0.005028270321866201
0.1,0.05,0.002,13,True,1.8554999999998512,0.6735634003730043,3.716005310740637,169.27064388085563,9.512105163168998,0.5106823465188471,0.10451406380864323,0.0031602170290511893,0.05276512574660295,0.025842514773255526,0.0068446497361148734,0.00023159837315526422,0.00383939734133819,0.0028413750731413057,1.0071496504630682e-05,0.5106823465188471,10.761548012689753,0.007862966041661704
0.1,0.05,0.002,14,True,1.585499999999881,1.2569220203230986,6.85818921529238,170.1333547219084,9.386176622106447,0.42956815834328377,0.10093964406932417,0.002979344988679685,0.028047333341712825,0.023460264722805206,0.022517857178019643,0.001923952442364494,0.002645089626439942,0.00328694026759358,6.957465863408183e-05,0.46458555040672866,10.094407449984567,0.012463223600913117
0.1,0.05,0.002,15,True,1.1704999999999266,0.08573016971308425,0.33228602039374916,162.9112608761575,9.455272185252165,0.4635290062633226,0.114965143295041,0.002341415082513897,0.05079085556680287,0.015576948671442846,0.001173860694578235,0.001714791771101193,0.0014387362801707927,0.0031563141306264137,2.547831869663868e-05,0.4635290062633226,10.747204198879444,0.012814660277720307
0.1,0.05,0.004,0,True,1.185499999999925,0.15632324703780573,1.0117486873077681,163.21471332087586,9.627047423141445,0.47253699911240404,0.16055409092511128,0.0021244856490258636,0.023489335688193516,0.008901417526596284,0.00043269248631363886,0.0024398107176008175,0.0037382667318331653,0.0028199073273015396,7.210319823797473e-05,0.47253699911240404,10.68108713915643,0.013158535541215322
0.1,0.05,0.004,1,True,1.530499999999887,0.0931269784014202,0.24892665674140207,140.63657527506896,8.323417586000938,0.42238869401718215,0.11216993863213721,0.001708156019624724,0.057523184816296764,0.011171511479831942,0.0248355844496532,0.0009354943560314564,0.0022699793469177273,0.0034831077814613254,3.0286949087099423e-05,0.4731577435179982,9.212803007193706,0.012535131086748067
0.1,0.05,0.004,2,True,2.9805000000001627,0.7573163404957384,4.37217043975438,324.8770596616711,9.982554983005857,0.32993016581760115,0.041481280311698336,0.0011044052733180985,0.024924557170706164,0.025912966293074165,0.0024063537379950413,0.001800301577896962,0.003185681580435384,0.0015637032200998104,1.161067493821754e-05,0.444596814262228,10.231888726552896,0.010622656627804278
0.1,0.05,0.004,3,True,3.3455000000002846,0.8704639985360618,5.353442307615957,271.9676037747503,9.357030543238855,0.23797866014632443,0.03133216401623445,0.0008127017608135093,0.021840525329804985,0.02562803823454073,0.015240966464155783,0.00028238592672119757,0.0022993808207094216,0.0024371538944225023,1.5412303097482646e-05,0.49239602374655833,9.352126819818665,0.008912281904956621
0.1,0.05,0.004,4,True,1.6854999999998699,0.4055325654383996,2.398949541288804,184.06378833319835,9.371809203353356,0.5009013815219813,0.10233234981872265,0.0036220599140287797,0.03556637764071808,0.02947736152556949,0.002116282156798607,0.0018220674959850889,0.0021294597531318175,0.0034057036209574217,1.60420785683912e-05,0.5066500685155163,10.048268349666515,0.014022150797159886
0.1,0.05,0.004,5,True,1.6704999999998715,0.11793876916656579,0.49922384878816634,170.96276403674437,9.169151922220575,0.3916093251037652,0.11683989208668585,0.002847440277994798,0.05039703948682469,0.019337162342927122,0.0074822626339227484,0.0001617921071449693,0.002150106642356555,0.002225419616259996,1.1304406335961537e-05,0.4210708019156255,10.784801797232584,0.011523691115879878
0.1,0.05,0.004,6,True,1.175499999999926,0.08874218762608345,0.3754879689120712,164.26978096819252,8.93515814892352,0.4867114367610584,0.08269327868279253,0.0017884136569469048,0.027163543490666922,0.01611947927549832,0.009804302396366918,0.0029623349705594,0.002898268817821438,0.003022971791513481,2.4438083011449394e-05,0.4867114367610584,9.367174052139356,0.005517292319837753
0.1,0.05,0.004,7,True,1.6454999999998743,1.3750039470425934,8.393107473340063,168.50446586953507,8.973944894254641,0.31864841829477264,0.07996885085536871,0.0020809973356412242,0.05486069004847877,0.025065085185394256,0.005895910446750368,0.0009004988547336763,0.003620660336188786,0.0010157959136967243,9.243566384669972e-05,0.49889522059021285,9.925295980985247,0.008030324268193136
0.1,0.05,0.004,8,True,1.6504999999998737,0.5977729546015169,3.070474514604743,155.22896031050232,8.72012236491866,0.25654758490429497,0.07644943853845873,0.001237666433073275,0.059363842166896275,0.015011638446681368,0.020644162864735433,0.0026096895350886484,0.002173254419617582,0.0023136456193683964,2.7440165521545802e-05,0.4271231740331686,9.94314245206847,0.007413521450846823
0.1,0.05,0.004,9,True,1.585499999999881,0.842004126482855,4.530868202417332,182.69952296423193,9.402004911044633,0.41876512438463015,0.12931099804729346,0.0031903885322791745,0.024340860454377767,0.02126925930113436,0.02035579469014759,0.002148223888810696,0.0037461403614715227,0.003581180947548654,0.00012020741258969977,0.41876512438463015,9.875646939803113,0.00984944326977288
0.1,0.05,0.004,10,True,1.6404999999998748,0.8297291668799299,4.575794300334488,179.71142931206577,9.403737396461526,0.4602529357301176,0.11063804943498977,0.003704716329310304,0.02038409050395734,0.026225787476039677,0.003908196843223018,0.0015384138493096946,0.0014077588120615199,0.0030671094393433934,9.771745351894099e-05,0.4602529357301176,10.716444487502452,0.013253329063847984
0.1,0.05,0.004,11,True,1.2954999999999128,0.93823496129632,5.600330540873789,187.944040486719,9.641658948346333,0.27795704203204885,0.04424292936365172,0.0008758319652234292,0.03496389312200575,0.021232963867713863,0.0007510764828339755,0.0004437782537323678,0.0037846330688811086,0.0012112617284625905,1.4211044766893634e-05,0.5146261591423446,10.17437259788254,0.00868993123729791
0.1,0.05,0.004,12,True,1.220499999999921,0.25791491830227825,1.1231934604229208,177.54483526424235,9.45899025771045,0.38176012591065234,0.07245551767670151,0.0010838336019541883,0.057337647142971224,0.012165048459874749,0.004693838148510661,0.0010496677217878725,0.0016916237397697179,0.003011337228318354,1.3656639817761454e-05,0.5092161748652868,10.556601227494834,0.005028270321866201
0.1,0.05,0.004,13,True,3.505500000000338,0.6189544045601797,3.3412072377556465,244.56872163999031,9.409028809492069,0.5106823465188471,0.10605526616334084,0.0031602170290511893,0.05276512574660295,0.025842514773255526,0.0068446497361148734,0.00023159837315526422,0.00383939734133819,0.0028413750731413057,1.0071496504630682e-05,0.5106823465188471,10.761548012689753,0.007862966041661704
0.1,0.05,0.004,14,True,1.665499999999872,0.5341133095465871,3.281687645520907,177.24554414179048,9.382453554225487,0.43220807080677726,0.09880196870035032,0.002979344988679685,0.028047333341712825,0.023460264722805206,0.022517857178019643,0.001923952442364494,0.002645089626439942,0.00328694026759358,6.957465863408183e-05,0.46458555040672866,10.094407449984567,0.012463223600913117
0.1,0.05,0.004,15,True,1.2154999999999216,0.10049439391789988,0.3970295837921495,173.96952613937844,9.452425936963143,0.4435661269648601,0.11919421434615653,0.002341415082513897,0.05079085556680287,0.015576948671442846,0.001173860694578235,0.001714791771101193,0.0014387362801707927,0.0031563141306264137,2.547831869663868e-05,0.4635290062633226,10.747204198879444,0.012814660277720307
0.1,0.05,0.008,0,True,1.1954999999999238,0.16138917650819987,0.5508917619428079,166.99070307518087,9.55632320299136,0.47253699911240404,0.16713262079265778,0.0021244856490258636,0.023489335688193516,0.008901417526596284,0.00043269248631363886,0.0024398107176008175,0.0037382667318331653,0.0028199073273015396,7.210319823797473e-05,0.47253699911240404,10.68108713915643,0.013158535541215322
0.1,0.05,0.008,1,True,1.5404999999998858,0.1049847403991146,0.35829622655694293,145.16247206599442,8.313159676535903,0.43100961328796894,0.11756342797592036,0.001708156019624724,0.057523184816296764,0.011171511479831942,0.0248355844496532,0.0009354943560314564,0.0022699793469177273,0.0034831077814613254,3.0286949087099423e-05,0.4731577435179982,9.212803007193706,0.012535131086748067
0.1,0.05,0.008,2,True,3.535500000000348,0.6967332704175967,4.421710741780919,379.7822424650458,10.072075043550193,0.43225409528634995,0.041335549721196574,0.0011044052733180985,0.024924557170706164,0.025912966293074165,0.0024063537379950413,0.001800301577896962,0.003185681580435384,0.0015637032200998104,1.161067493821754e-05,0.444596814262228,10.231888726552896,0.010622656627804278
0.1,0.05,0.008,3,True,3.260500000000256,0.8576362203827052,5.209300238231076,206.63064306812888,9.579365667969345,0.29534149037826335,0.032594213950063476,0.0008127017608135093,0.021840525329804985,0.02562803823454073,0.015240966464155783,0.00028238592672119757,0.0022993808207094216,0.0024371538944225023,1.5412303097482646e-05,0.49239602374655833,9.352126819818665,0.008912281904956621
0.1,0.05,0.008,4,True,1.7054999999998677,0.36941248506517443,2.21617953734161,186.31196128461966,9.367872788159504,0.502983055598877,0.10429827126223369,0.0036220599140287797,0.03556637764071808,0.02947736152556949,0.002116282156798607,0.0018220674959850889,0.0021294597531318175,0.0034057036209574217,1.60420785683912e-05,0.5066500685155163,10.048268349666515,0.014022150797159886
0.1,0.05,0.008,5,True,1.6554999999998732,0.09692487554799262,0.468214828471767,172.3329992296164,9.162770876832349,0.40848521150277234,0.12024122184219785,0.002847440277994798,0.05039703948682469,0.019337162342927122,0.0074822626339227484,0.0001617921071449693,0.002150106642356555,0.002225419616259996,1.1304406335961537e-05,0.4210708019156255,10.784801797232584,0.011523691115879878
0.1,0.05,0.008,6,True,1.6954999999998688,0.09930011800220113,0.2916349694031833,169.0303175728206,8.922953602956508,0.4009064123602145,0.08649873248607055,0.0017884136569469048,0.027163543490666922,0.01611947927549832,0.009804302396366918,0.0029623349705594,0.002898268817821438,0.003022971791513481,2.4438083011449394e-05,0.4867114367610584,9.367174052139356,0.005517292319837753
0.1,0.05,0.008,7,True,1.6954999999998688,1.0028896868171737,6.2414983014498455,172.19979509716143,8.958127562681423,0.33598177734313556,0.07873422478528455,0.0020809973356412242,0.05486069004847877,0.025065085185394256,0.005895910446750368,0.0009004988547336763,0.003620660336188786,0.0010157959136967243,9.243566384669972e-05,0.49889522059021285,9.925295980985247,0.008030324268193136
0.1,0.05,0.008,8,True,1.6004999999998792,0.5515934586484216,2.8832654060574257,159.14629403176735,8.708196444276927,0.27305610521715357,0.07589388382784171,0.001237666433073275,0.059363842166896275,0.015011638446681368,0.020644162864735433,0.0026096895350886484,0.002173254419617582,0.0023136456193683964,2.7440165521545802e-05,0.4271231740331686,9.94314245206847,0.007413521450846823
0.1,0.05,0.008,9,True,1.5954999999998798,0.19661443260823655,1.0710633779041965,185.62530403135796,9.380887218870349,0.41876512438463015,0.13237889775982578,0.0031903885322791745,0.024340860454377767,0.02126925930113436,0.02035579469014759,0.002148223888810696,0.0037461403614715227,0.003581180947548654,0.00012020741258969977,0.41876512438463015,9.875646939803113,0.00984944326977288
0.1,0.05,0.008,10,True,1.675499999999871,0.23405006079624233,1.3652890654387924,181.21862061415274,9.411300221365385,0.4602529357301176,0.1075440015592251,0.003704716329310304,0.02038409050395734,0.026225787476039677,0.003908196843223018,0.0015384138493096946,0.0014077588120615199,0.0030671094393433934,9.771745351894099e-05,0.4602529357301176,10.716444487502452,0.013253329063847984
0.1,0.05,0.008,11,True,1.3104999999999112,0.8596071270113821,5.4540850005340555,192.7706816725156,9.627158324911566,0.27578629585400294,0.044536624068465924,0.0008758319652234292,0.03496389312200575,0.021232963867713863,0.0007510764828339755,0.0004437782537323678,0.0037846330688811086,0.0012112617284625905,1.4211044766893634e-05,0.5146261591423446,10.17437259788254,0.00868993123729791
0.1,0.05,0.008,12,True,1.2354999999999194,0.2724186914476862,1.1851213692576783,180.08550280949376,9.444265390562038,0.41186289519434366,0.07370744395330557,0.0010838336019541883,0.057337647142971224,0.012165048459874749,0.004693838148510661,0.0010496677217878725,0.0016916237397697179,0.003011337228318354,1.3656639817761454e-05,0.5092161748652868,10.556601227494834,0.005028270321866201
0.1,0.05,0.008,13,True,1.7154999999998666,0.5356393239038574,3.1016199622450236,181.7856950611859,9.29456107555371,0.45216307034276704,0.10626370027748637,0.0031602170290511893,0.05276512574660295,0.025842514773255526,0.0068446497361148734,0.00023159837315526422,0.00383939734133819,0.0028413750731413057,1.0071496504630682e-05,0.5106823465188471,10.761548012689753,0.007862966041661704
0.1,0.05,0.008,14,True,1.6804999999998704,0.11618524437612734,0.5018426074593517,183.23001682597356,9.37591350911077,0.43266582100978807,0.09897322355483368,0.002979344988679685,0.028047333341712825,0.023460264722805206,0.022517857178019643,0.001923952442364494,0.002645089626439942,0.00328694026759358,6.957465863408183e-05,0.46458555040672866,10.094407449984567,0.012463223600913117
0.1,0.05,0.008,15,True,1.2254999999999205,0.08980934239221243,0.32378374982583774,175.82108020981516,9.434915995313618,0.4081138561075362,0.12118083900501436,0.002341415082513897,0.05079085556680287,0.015576948671442846,0.001173860694578235,0.001714791771101193,0.0014387362801707927,0.0031563141306264137,2.547831869663868e-05,0.4635290062633226,10.747204198879444,0.012814660277720307
0.1,0.06,0.0,0,False,inf,91.79507480124475,10.540567879541175,109.4040294835359,9.865682105342092,0.3334972491738054,0.13044048854546525,0.0021244856490258636,0.023489335688193516,0.008901417526596284,0.00043269248631363886,0.0024398107176008175,0.0037382667318331653,0.0028199073273015396,7.210319823797473e-05,0.47253699911240404,10.68108713915643,0.013158535541215322
0.1,0.06,0.0,1,True,1.275499999999915,1.6825047298038247,7.35526123990549,123.60884851736434,8.315017288096383,0.4544856327080372,0.09012616445041174,0.001708156019624724,0.057523184816296764,0.011171511479831942,0.0248355844496532,0.0009354943560314564,0.0022699793469177273,0.0034831077814613254,3.0286949087099423e-05,0.4731577435179982,9.212803007193706,0.012535131086748067
0.1,0.06,0.0,2,True,1.0804999999999365,1.799614530299592,7.3521617724417005,142.0212023784718,9.893422402526973,0.28497238167473093,0.034343259054638815,0.0011044052733180985,0.024924557170706164,0.025912966293074165,0.0024063537379950413,0.001800301577896962,0.003185681580435384,0.0015637032200998104,1.161067493821754e-05,0.444596814262228,10.231888726552896,0.010622656627804278
0.1,0.06,0.0,3,True,1.0104999999999442,2.2884655169347634,8.96498243765292,125.3060067389803,9.104101572161342,0.1884401945170398,0.02936838617520553,0.0008127017608135093,0.021840525329804985,0.02562803823454073,0.015240966464155783,0.00028238592672119757,0.0022993808207094216,0.0024371538944225023,1.5412303097482646e-05,0.49239602374655833,9.352126819818665,0.008912281904956621
0.1,0.06,0.0,4,True,1.3504999999999068,2.2305279167193595,7.590169340010114,123.69903529190087,9.237254290830402,0.5022639577053072,0.08523210762485858,0.0036220599140287797,0.03556637764071808,0.02947736152556949,0.002116282156798607,0.0018220674959850889,0.0021294597531318175,0.0034057036209574217,1.60420785683912e-05,0.5066500685155163,10.048268349666515,0.014022150797159886
0.1,0.06,0.0,5,True,1.3804999999999035,0.8825280338481638,3.9121283667251423,125.56756600158056,9.175981499829835,0.40651744501676795,0.08325626119301979,0.002847440277994798,0.05039703948682469,0.019337162342927122,0.0074822626339227484,0.0001617921071449693,0.002150106642356555,0.002225419616259996,1.1304406335961537e-05,0.4210708019156255,10.784801797232584,0.011523691115879878
0.1,0.06,0.0,6,True,0.9604999999999496,1.811471422612466,8.1428654588969,115.3816149323741,8.925796868275842,0.3415375878330432,0.060236902407324676,0.0017884136569469048,0.027163543490666922,0.01611947927549832,0.009804302396366918,0.0029623349705594,0.002898268817821438,0.003022971791513481,2.4438083011449394e-05,0.4867114367610584,9.367174052139356,0.005517292319837753
0.1,0.06,0.0,7,False,inf,92.71327050826622,14.9625677749697,141.20635328545748,8.911427290587604,0.32084755497704825,0.14295475292921403,0.0020809973356412242,0.05486069004847877,0.025065085185394256,0.005895910446750368,0.0009004988547336763,0.003620660336188786,0.0010157959136967243,9.243566384669972e-05,0.49889522059021285,9.925295980985247,0.008030324268193136
0.1,0.06,0.0,8,True,0.9354999999999524,2.0795230350850344,9.427953974199214,111.46950385223566,8.719216411273466,0.23952391091482905,0.06888127078196493,0.001237666433073275,0.059363842166896275,0.015011638446681368,0.020644162864735433,0.0026096895350886484,0.002173254419617582,0.0023136456193683964,2.7440165521545802e-05,0.4271231740331686,9.94314245206847,0.007413521450846823
0.1,0.06,0.0,9,False,inf,106.35749209400385,25.080297346848234,190.040016449195,8.986601453750165,0.41876512438463015,0.26577596986153534,0.0031903885322791745,0.024340860454377767,0.02126925930113436,0.02035579469014759,0.002148223888810696,0.0037461403614715227,0.003581180947548654,0.00012020741258969977,0.41876512438463015,9.875646939803113,0.00984944326977288
0.1,0.06,0.0,10,False,inf,88.52091797985047,11.20490917202078,141.01813964720918,9.38340507676992,0.4602529357301176,0.2339512277708402,0.003704716329310304,0.02038409050395734,0.026225787476039677,0.003908196843223018,0.0015384138493096946,0.0014077588120615199,0.0030671094393433934,9.771745351894099e-05,0.4602529357301176,10.716444487502452,0.013253329063847984
0.1,0.06,0.0,11,True,1.030499999999942,1.8284989059965255,7.877134913624784,131.54102185122792,9.651633832772344,0.22109019399245916,0.03796392841003961,0.0008758319652234292,0.03496389312200575,0.021232963867713863,0.0007510764828339755,0.0004437782537323678,0.0037846330688811086,0.0012112617284625905,1.4211044766893634e-05,0.5146261591423446,10.17437259788254,0.00868993123729791
0.1,0.06,0.0,12,True,0.9554999999999502,0.15252263062903643,0.286939904624591,122.59745386058948,9.466243981804256,0.26013815968398313,0.04615313560638178,0.0010838336019541883,0.057337647142971224,0.012165048459874749,0.004693838148510661,0.0010496677217878725,0.0016916237397697179,0.003011337228318354,1.3656639817761454e-05,0.5092161748652868,10.556601227494834,0.005028270321866201
0.1,0.06,0.0,13,True,1.0254999999999426,1.5794546286969338,6.065568011768999,129.9970425520047,9.236284798637143,0.5106823465188471,0.08249129226922293,0.0031602170290511893,0.05276512574660295,0.025842514773255526,0.0068446497361148734,0.00023159837315526422,0.00383939734133819,0.0028413750731413057,1.0071496504630682e-05,0.5106823465188471,10.761548012689753,0.007862966041661704
0.1,0.06,0.0,14,False,inf,88.44901836693677,10.41280898531648,134.18073478439314,9.375503713751709,0.4351921495847186,0.1558143699729191,0.002979344988679685,0.028047333341712825,0.023460264722805206,0.022517857178019643,0.001923952442364494,0.002645089626439942,0.00328694026759358,6.957465863408183e-05,0.46458555040672866,10.094407449984567,0.012463223600913117
0.1,0.06,0.0,15,True,0.9654999999999491,1.8366939157943016,7.861216030977446,124.38627947468302,9.412727408085786,0.36813137113997485,0.08864504679724662,0.002341415082513897,0.05079085556680287,0.015576948671442846,0.001173860694578235,0.001714791771101193,0.0014387362801707927,0.0031563141306264137,2.547831869663868e-05,0.4635290062633226,10.747204198879444,0.012814660277720307
0.1,0.06,0.002,0,True,1.1354999999999305,0.18009039095315818,1.0141140460306517,152.03390477109784,9.503875214826765,0.47253699911240404,0.130966494586847,0.0021244856490258636,0.023489335688193516,0.008901417526596284,0.00043269248631363886,0.0024398107176008175,0.0037382667318331653,0.0028199073273015396,7.210319823797473e-05,0.47253699911240404,10.68108713915643,0.013158535541215322
0.1,0.06,0.002,1,True,1.1254999999999316,0.11415275515012122,0.3501407835750823,144.79891454677488,8.326536252958046,0.4731577435179982,0.0968315246213273,0.001708156019624724,0.057523184816296764,0.011171511479831942,0.0248355844496532,0.0009354943560314564,0.0022699793469177273,0.0034831077814613254,3.0286949087099423e-05,0.4731577435179982,9.212803007193706,0.012535131086748067
0.1,0.06,0.002,2,True,1.3104999999999112,0.9114736600297237,4.854343488613658,181.3324113813659,9.89072006723087,0.34751926086694535,0.036197148865354904,0.0011044052733180985,0.024924557170706164,0.025912966293074165,0.0024063537379950413,0.001800301577896962,0.003185681580435384,0.0015637032200998104,1.161067493821754e-05,0.444596814262228,10.231888726552896,0.010622656627804278
0.1,0.06,0.002,3,True,1.2654999999999161,1.108397753357566,5.696753724746753,160.24556937645525,9.099098553535855,0.2080242758407062,0.029101434026220264,0.0008127017608135093,0.021840525329804985,0.02562803823454073,0.015240966464155783,0.00028238592672119757,0.0022993808207094216,0.0024371538944225023,1.5412303097482646e-05,0.49239602374655833,9.352126819818665,0.008912281904956621
0.1,0.06,0.002,4,True,1.9954999999998357,0.6555718867710214,3.1241326543702543,196.9684426481745,9.374325869155197,0.5066500685155163,0.0890229296270634,0.0036220599140287797,0.03556637764071808,0.02947736152556949,0.002116282156798607,0.0018220674959850889,0.0021294597531318175,0.0034057036209574217,1.60420785683912e-05,0.5066500685155163,10.048268349666515,0.014022150797159886
0.1,0.06,0.002,5,True,1.285499999999914,0.12235291017388696,0.44712084098949967,189.41110968568043,9.17197529028161,0.4210708019156255,0.0972310864762557,0.002847440277994798,0.05039703948682469,0.019337162342927122,0.0074822626339227484,0.0001617921071449693,0.002150106642356555,0.002225419616259996,1.1304406335961537e-05,0.4210708019156255,10.784801797232584,0.011523691115879878
0.1,0.06,0.002,6,True,1.2054999999999227,0.12307506653283762,0.4047579648523158,159.45690754015243,8.937878893490147,0.4847031373794007,0.07088934534633468,0.0017884136569469048,0.027163543490666922,0.01611947927549832,0.009804302396366918,0.0029623349705594,0.002898268817821438,0.003022971791513481,2.4438083011449394e-05,0.4867114367610584,9.367174052139356,0.005517292319837753
0.1,0.06,0.002,7,True,1.1954999999999238,2.277456651896896,10.963931286428528,157.97674927400053,8.964633020756107,0.36373836793013203,0.07780061342280503,0.0020809973356412242,0.05486069004847877,0.025065085185394256,0.005895910446750368,0.0009004988547336763,0.003620660336188786,0.0010157959136967243,9.243566384669972e-05,0.49889522059021285,9.925295980985247,0.008030324268193136
0.1,0.06,0.002,8,True,1.1804999999999255,0.7266278372257344,3.6287947757029606,148.40643827105475,8.722839563521608,0.26306284742913216,0.06993032322478668,0.001237666433073275,0.059363842166896275,0.015011638446681368,0.020644162864735433,0.0026096895350886484,0.002173254419617582,0.0023136456193683964,2.7440165521545802e-05,0.4271231740331686,9.94314245206847,0.007413521450846823
0.1,0.06,0.002,9,True,1.6004999999998792,1.9065467396065054,8.60131556161551,160.33511656368032,9.324126472717621,0.41876512438463015,0.11658810966518302,0.0031903885322791745,0.024340860454377767,0.02126925930113436,0.02035579469014759,0.002148223888810696,0.0037461403614715227,0.003581180947548654,0.00012020741258969977,0.41876512438463015,9.875646939803113,0.00984944326977288
0.1,0.06,0.002,10,True,1.820499999999855,1.8731030531134432,8.047542642242664,168.95001045363722,9.332528551685778,0.4602529357301176,0.10107250972880276,0.003704716329310304,0.02038409050395734,0.026225787476039677,0.003908196843223018,0.0015384138493096946,0.0014077588120615199,0.0030671094393433934,9.771745351894099e-05,0.4602529357301176,10.716444487502452,0.013253329063847984
0.1,0.06,0.002,11,True,1.2654999999999161,1.1072667921144002,5.934236072425359,174.844810158532,9.645990485835819,0.3347609979996857,0.041102498204792906,0.0008758319652234292,0.03496389312200575,0.021232963867713863,0.0007510764828339755,0.0004437782537323678,0.0037846330688811086,0.0012112617284625905,1.4211044766893634e-05,0.5146261591423446,10.17437259788254,0.00868993123729791
0.1,0.06,0.002,12,True,1.2054999999999227,0.2925952165008451,1.1095005161902651,161.08074751945932,9.46085246868723,0.5092161748652868,0.0622654857845837,0.0010838336019541883,0.057337647142971224,0.012165048459874749,0.004693838148510661,0.0010496677217878725,0.0016916237397697179,0.003011337228318354,1.3656639817761454e-05,0.5092161748652868,10.556601227494834,0.005028270321866201
0.1,0.06,0.002,13,True,3.475500000000328,0.7572054454457012,3.5563657484490223,453.5739513502919,9.47053758212164,0.5106823465188471,0.09063250329430934,0.0031602170290511893,0.05276512574660295,0.025842514773255526,0.0068446497361148734,0.00023159837315526422,0.00383939734133819,0.0028413750731413057,1.0071496504630682e-05,0.5106823465188471,10.761548012689753,0.007862966041661704
0.1,0.06,0.002,14,True,1.2254999999999205,1.328692007237469,6.265764898851949,164.47845496362515,9.385581775240498,0.46458555040672866,0.08525691934271072,0.002979344988679685,0.028047333341712825,0.023460264722805206,0.022517857178019643,0.001923952442364494,0.002645089626439942,0.00328694026759358,6.957465863408183e-05,0.46458555040672866,10.094407449984567,0.012463223600913117
0.1,0.06,0.002,15,True,1.2054999999999227,0.09944886079932717,0.32790113245043484,155.76605480471923,9.388423736917185,0.454692107166575,0.10036371965863568,0.002341415082513897,0.05079085556680287,0.015576948671442846,0.001173860694578235,0.001714791771101193,0.0014387362801707927,0.0031563141306264137,2.547831869663868e-05,0.4635290062633226,10.747204198879444,0.012814660277720307
0.1,0.06,0.004,0,True,1.1904999999999244,0.13040260593612737,0.27840387193280947,160.55685981927198,9.49953970747387,0.47253699911240404,0.13849425687226496,0.0021244856490258636,0.023489335688193516,0.008901417526596284,0.00043269248631363886,0.0024398107176008175,0.0037382667318331653,0.0028199073273015396,7.210319823797473e-05,0.47253699911240404,10.68108713915643,0.013158535541215322
0.1,0.06,0.004,1,True,1.14049999999993,0.09149206826113891,0.21481826861252312,143.5204348373071,8.319842832598692,0.4731577435179982,0.10136771124253557,0.001708156019624724,0.057523184816296764,0.011171511479831942,0.0248355844496532,0.0009354943560314564,0.0022699793469177273,0.0034831077814613254,3.0286949087099423e-05,0.4731577435179982,9.212803007193706,0.012535131086748067
0.1,0.06,0.004,2,True,1.3354999999999084,0.8568842461732605,4.37662566918016,184.74838029346648,9.880649986990967,0.3472617876789856,0.03732706897299098,0.0011044052733180985,0.024924557170706164,0.025912966293074165,0.0024063537379950413,0.001800301577896962,0.003185681580435384,0.0015637032200998104,1.161067493821754e-05,0.444596814262228,10.231888726552896,0.010622656627804278
0.1,0.06,0.004,3,True,1.285499999999914,1.0147428717768443,5.378485212718881,166.37161079372555,9.09536620517959,0.21970522468916723,0.029814546703541656,0.0008127017608135093,0.021840525329804985,0.02562803823454073,0.015240966464155783,0.00028238592672119757,0.0022993808207094216,0.0024371538944225023,1.5412303097482646e-05,0.49239602374655833,9.352126819818665,0.008912281904956621
0.1,0.06,0.004,4,True,2.035499999999847,0.5401188400018545,2.5806267962944784,228.52529381982646,9.358949528515664,0.5066500685155163,0.09083428860356932,0.0036220599140287797,0.03556637764071808,0.02947736152556949,0.002116282156798607,0.0018220674959850889,0.0021294597531318175,0.0034057036209574217,1.60420785683912e-05,0.5066500685155163,10.048268349666515,0.014022150797159886
0.1,0.06,0.004,5,True,1.3254999999999095,0.21383508493605805,0.810813621357124,192.21936201061396,9.167501380785797,0.4210708019156255,0.10248935532283111,0.002847440277994798,0.05039703948682469,0.019337162342927122,0.0074822626339227484,0.0001617921071449693,0.002150106642356555,0.002225419616259996,1.1304406335961537e-05,0.4210708019156255,10.784801797232584,0.011523691115879878
0.1,0.06,0.004,6,True,1.2254999999999205,0.10138325133277229,0.3582937328958505,160.58891718092607,8.932802494998066,0.4597238267470164,0.07251097237504606,0.0017884136569469048,0.027163543490666922,0.01611947927549832,0.009804302396366918,0.0029623349705594,0.002898268817821438,0.003022971791513481,2.4438083011449394e-05,0.4867114367610584,9.367174052139356,0.005517292319837753
0.1,0.06,0.004,7,True,3.160500000000223,1.4209614146299279,7.451949899011126,254.33406176750714,9.14086231536724,0.4358124523775161,0.07107037927552125,0.0020809973356412242,0.05486069004847877,0.025065085185394256,0.005895910446750368,0.0009004988547336763,0.003620660336188786,0.0010157959136967243,9.243566384669972e-05,0.49889522059021285,9.925295980985247,0.008030324268193136
0.1,0.06,0.004,8,True,1.185499999999925,0.7039830031940589,3.2993918440563155,151.36267505629493,8.71417323132282,0.2784143113336599,0.07077148213074963,0.001237666433073275,0.059363842166896275,0.015011638446681368,0.020644162864735433,0.0026096895350886484,0.002173254419617582,0.0023136456193683964,2.7440165521545802e-05,0.4271231740331686,9.94314245206847,0.007413521450846823
0.1,0.06,0.004,9,True,1.720499999999866,0.7561464116346001,3.7141111873384838,176.55800807565572,9.388254319769768,0.41876512438463015,0.1113865655741628,0.0031903885322791745,0.024340860454377767,0.02126925930113436,0.02035579469014759,0.002148223888810696,0.0037461403614715227,0.003581180947548654,0.00012020741258969977,0.41876512438463015,9.875646939803113,0.00984944326977288
0.1,0.06,0.004,10,True,1.2604999999999167,0.876136871398931,4.251069752006346,171.21659834463057,9.304066242056738,0.4602529357301176,0.09417494278741115,0.003704716329310304,0.02038409050395734,0.026225787476039677,0.003908196843223018,0.0015384138493096946,0.0014077588120615199,0.0030671094393433934,9.771745351894099e-05,0.4602529357301176,10.716444487502452,0.013253329063847984
0.1,0.06,0.004,11,True,1.2954999999999128,1.0322111732918036,5.608583490182512,180.29205022712028,9.641555286874867,0.33674444942245046,0.04152170960526774,0.0008758319652234292,0.03496389312200575,0.021232963867713863,0.0007510764828339755,0.0004437782537323678,0.0037846330688811086,0.0012112617284625905,1.4211044766893634e-05,0.5146261591423446,10.17437259788254,0.00868993123729791
0.1,0.06,0.004,12,True,1.2354999999999194,0.17234571309875346,0.5989732724774138,166.95296901252598,9.44960909476078,0.5092161748652868,0.062125711248610764,0.0010838336019541883,0.057337647142971224,0.012165048459874749,0.004693838148510661,0.0010496677217878725,0.0016916237397697179,0.003011337228318354,1.3656639817761454e-05,0.5092161748652868,10.556601227494834,0.005028270321866201
0.1,0.06,0.004,13,True,3.550500000000353,0.7266759724601817,3.4221162965338205,426.2581079828679,9.469403489466254,0.5106823465188471,0.09362037109343262,0.0031602170290511893,0.05276512574660295,0.025842514773255526,0.0068446497361148734,0.00023159837315526422,0.00383939734133819,0.0028413750731413057,1.0071496504630682e-05,0.5106823465188471,10.761548012689753,0.007862966041661704
0.1,0.06,0.004,14,True,2.080499999999862,0.12846215760053575,0.764126373879574,206.21386496690187,9.382028721428703,0.46458555040672866,0.08352612641616236,0.002979344988679685,0.028047333341712825,0.023460264722805206,0.022517857178019643,0.001923952442364494,0.002645089626439942,0.00328694026759358,6.957465863408183e-05,0.46458555040672866,10.094407449984567,0.012463223600913117
0.1,0.06,0.004,15,True,1.2554999999999172,0.0948194768874134,0.34988938515664286,162.70307820023186,9.399997616840091,0.4635290062633226,0.10107490478561658,0.002341415082513897,0.05079085556680287,0.015576948671442846,0.001173860694578235,0.001714791771101193,0.0014387362801707927,0.0031563141306264137,2.547831869663868e-05,0.4635290062633226,10.747204198879444,0.012814660277720307
0.1,0.06,0.008,0,True,1.2104999999999222,0.137138371841891,0.2728632010602372,160.94962235480978,9.494060224883837,0.47253699911240404,0.14271768240400665,0.0021244856490258636,0.023489335688193516,0.008901417526596284,0.00043269248631363886,0.0024398107176008175,0.0037382667318331653,0.0028199073273015396,7.210319823797473e-05,0.47253699911240404,10.68108713915643,0.013158535541215322
0.1,0.06,0.008,1,True,1.1254999999999316,0.10863204447144495,0.28739498506563277,140.0766391866481,8.304695784547581,0.39177534319629115,0.102818506343549,0.001708156019624724,0.057523184816296764,0.011171511479831942,0.0248355844496532,0.0009354943560314564,0.0022699793469177273,0.0034831077814613254,3.0286949087099423e-05,0.4731577435179982,9.212803007193706,0.012535131086748067
0.1,0.06,0.008,2,True,1.3354999999999084,0.8085905706622876,4.191198836335598,185.34887666414602,9.858061742948875,0.3755059434608302,0.03834636726980294,0.0011044052733180985,0.024924557170706164,0.025912966293074165,0.0024063537379950413,0.001800301577896962,0.003185681580435384,0.0015637032200998104,1.161067493821754e-05,0.444596814262228,10.231888726552896,0.010622656627804278
0.1,0.06,0.008,3,True,1.2954999999999128,0.9457226946265802,5.05701331068185,167.4063826996149,9.084961796350308,0.22485485419728812,0.030141895035525026,0.0008127017608135093,0.021840525329804985,0.02562803823454073,0.015240966464155783,0.00028238592672119757,0.0022993808207094216,0.0024371538944225023,1.5412303097482646e-05,0.49239602374655833,9.352126819818665,0.008912281904956621
0.1,0.06,0.008,4,True,2.0454999999998504,0.5217767743269859,2.4877343070812263,232.1311523937609,9.354350730561315,0.5066500685155163,0.0928516223979136,0.0036220599140287797,0.03556637764071808,0.02947736152556949,0.002116282156798607,0.0018220674959850889,0.0021294597531318175,0.0034057036209574217,1.60420785683912e-05,0.5066500685155163,10.048268349666515,0.014022150797159886
0.1,0.06,0.008,5,True,2.2604999999999222,0.19831727826792694,0.7745410915623175,215.43146942463727,9.15004747491614,0.4210708019156255,0.10292274729700011,0.002847440277994798,0.05039703948682469,0.019337162342927122,0.0074822626339227484,0.0001617921071449693,0.002150106642356555,0.002225419616259996,1.1304406335961537e-05,0.4210708019156255,10.784801797232584,0.011523691115879878
0.1,0.06,0.008,6,True,1.2454999999999183,0.11062138803811605,0.33283535083992993,161.12546145271466,8.916517121363002,0.44995703970572803,0.07295004874792389,0.0017884136569469048,0.027163543490666922,0.01611947927549832,0.009804302396366918,0.0029623349705594,0.002898268817821438,0.003022971791513481,2.4438083011449394e-05,0.4867114367610584,9.367174052139356,0.005517292319837753
0.1,0.06,0.008,7,True,1.375499999999904,1.0993632812716971,6.088597943136942,209.65569043978454,8.986409511965526,0.398921072834098,0.07228053466313625,0.0020809973356412242,0.05486069004847877,0.025065085185394256,0.005895910446750368,0.0009004988547336763,0.003620660336188786,0.0010157959136967243,9.243566384669972e-05,0.49889522059021285,9.925295980985247,0.008030324268193136
0.1,0.06,0.008,8,True,1.2104999999999222,0.6158644540698637,2.892341200593276,152.33765346827334,8.697893530889624,0.26383719396471084,0.0708105603445919,0.001237666433073275,0.059363842166896275,0.015011638446681368,0.020644162864735433,0.0026096895350886484,0.002173254419617582,0.0023136456193683964,2.7440165521545802e-05,0.4271231740331686,9.94314245206847,0.007413521450846823
0.1,0.06,0.008,9,True,1.910499999999845,0.2129665352224455,0.9203807749343259,176.84400997313034,9.371232985559978,0.41876512438463015,0.11105243253989609,0.0031903885322791745,0.024340860454377767,0.02126925930113436,0.02035579469014759,0.002148223888810696,0.0037461403614715227,0.003581180947548654,0.00012020741258969977,0.41876512438463015,9.875646939803113,0.00984944326977288
0.1,0.06,0.008,10,True,2.020499999999842,0.19153221852916333,0.9971422379915258,194.79612438267495,9.286683794386056,0.4602529357301176,0.09320082262388488,0.003704716329310304,0.02038409050395734,0.026225787476039677,0.003908196843223018,0.0015384138493096946,0.0014077588120615199,0.0030671094393433934,9.771745351894099e-05,0.4602529357301176,10.716444487502452,0.013253329063847984
0.1,0.06,0.008,11,True,1.32049999999991,1.0016988025921312,5.398958814724062,182.06353425350508,9.626970852104069,0.34099623683522234,0.041649314060088406,0.0008758319652234292,0.03496389312200575,0.021232963867713863,0.0007510764828339755,0.0004437782537323678,0.0037846330688811086,0.0012112617284625905,1.4211044766893634e-05,0.5146261591423446,10.17437259788254,0.00868993123729791
0.1,0.06,0.008,12,True,1.240499999999919,0.15552176007969515,0.5300849143365743,169.32641291988523,9.43666026376044,0.47517468008967195,0.06218823303557568,0.0010838336019541883,0.057337647142971224,0.012165048459874749,0.004693838148510661,0.0010496677217878725,0.0016916237397697179,0.003011337228318354,1.3656639817761454e-05,0.5092161748652868,10.556601227494834,0.005028270321866201
0.1,0.06,0.008,13,True,2.960500000000156,0.6628770386570464,3.163781076598936,437.2685267289128,9.249547621141996,0.5106823465188471,0.09659385168419889,0.0031602170290511893,0.05276512574660295,0.025842514773255526,0.0068446497361148734,0.00023159837315526422,0.00383939734133819,0.0028413750731413057,1.0071496504630682e-05,0.5106823465188471,10.761548012689753,0.007862966041661704
0.1,0.06,0.008,14,True,2.1204999999998755,0.13119552251797773,0.596591524675588,196.49651255587997,9.3612775937217,0.46458555040672866,0.08587109351864089,0.002979344988679685,0.028047333341712825,0.023460264722805206,0.022517857178019643,0.001923952442364494,0.002645089626439942,0.00328694026759358,6.957465863408183e-05,0.46458555040672866,10.094407449984567,0.012463223600913117
0.1,0.06,0.008,15,True,1.2704999999999156,0.11362906263018521,0.3271572133783624,164.91872107092632,9.39056889813194,0.4635290062633226,0.10434487906879625,0.002341415082513897,0.05079085556680287,0.015576948671442846,0.001173860694578235,0.001714791771101193,0.0014387362801707927,0.0031563141306264137,2.547831869663868e-05,0.4635290062633226,10.747204198879444,0.012814660277720307
0.1,0.08,0.0,0,False,inf,84.78425703092735,15.794512361573876,109.33118073612654,9.493328566679718,0.3580103460821109,0.1046986938535294,0.0021244856490258636,0.023489335688193516,0.008901417526596284,0.00043269248631363886,0.0024398107176008175,0.0037382667318331653,0.0028199073273015396,7.210319823797473e-05,0.47253699911240404,10.68108713915643,0.013158535541215322
0.1,0.08,0.0,1,True,0.9254999999999535,1.7771104938274047,6.460894037561456,101.87820114104561,8.311425978255881,0.33612402103996175,0.07976053872553115,0.001708156019624724,0.057523184816296764,0.011171511479831942,0.0248355844496532,0.0009354943560314564,0.0022699793469177273,0.0034831077814613254,3.0286949087099423e-05,0.4731577435179982,9.212803007193706,0.012535131086748067
0.1,0.08,0.0,2,True,0.7004999999999783,1.9069276923664855,6.6623583592904,133.9315031447987,9.891662666876138,0.18848028383793808,0.030744909826122754,0.0011044052733180985,0.024924557170706164,0.025912966293074165,0.0024063537379950413,0.001800301577896962,0.003185681580435384,0.0015637032200998104,1.161067493821754e-05,0.444596814262228,10.231888726552896,0.010622656627804278
0.1,0.08,0.0,3,True,0.6654999999999821,2.3969216636109145,8.16714285460138,121.05613657135555,9.10236243628947,0.3198062633070198,0.025787599874129367,0.0008127017608135093,0.021840525329804985,0.02562803823454073,0.015240966464155783,0.00028238592672119757,0.0022993808207094216,0.0024371538944225023,1.5412303097482646e-05,0.49239602374655833,9.352126819818665,0.008912281904956621
0.1,0.08,0.0,4,True,1.120499999999932,2.2353094713046406,6.470328987845171,122.05409697529369,9.226037195236971,0.5021625202503873,0.07151838197854603,0.0036220599140287797,0.03556637764071808,0.02947736152556949,0.002116282156798607,0.0018220674959850889,0.0021294597531318175,0.0034057036209574217,1.60420785683912e-05,0.5066500685155163,10.048268349666515,0.014022150797159886
0.1,0.08,0.0,5,True,1.0204999999999431,0.19869374342839477,0.2125014362618844,117.56977491959353,9.167653212187997,0.40530495489698154,0.06291607648666658,0.002847440277994798,0.05039703948682469,0.019337162342927122,0.0074822626339227484,0.0001617921071449693,0.002150106642356555,0.002225419616259996,1.1304406335961537e-05,0.4210708019156255,10.784801797232584,0.011523691115879878
0.1,0.08,0.0,6,True,1.030499999999942,1.7546302179069169,6.415103005347659,114.6328404585578,8.920997393452906,0.3575182661618119,0.051027688646074966,0.0017884136569469048,0.027163543490666922,0.01611947927549832,0.009804302396366918,0.0029623349705594,0.002898268817821438,0.003022971791513481,2.4438083011449394e-05,0.4867114367610584,9.367174052139356,0.005517292319837753
0.1,0.08,0.0,7,True,2.340499999999949,8.93320115919508,24.644779273875034,115.22684775398233,8.921490109072767,0.4288503493666368,0.11485433916433735,0.0020809973356412242,0.05486069004847877,0.025065085185394256,0.005895910446750368,0.0009004988547336763,0.003620660336188786,0.0010157959136967243,9.243566384669972e-05,0.49889522059021285,9.925295980985247,0.008030324268193136
0.1,0.08,0.0,8,True,1.0004999999999453,2.13139852553423,8.32710772723118,108.3440966638841,8.715525328990717,0.2972285705679226,0.061282964372229014,0.001237666433073275,0.059363842166896275,0.015011638446681368,0.020644162864735433,0.0026096895350886484,0.002173254419617582,0.0023136456193683964,2.7440165521545802e-05,0.4271231740331686,9.94314245206847,0.007413521450846823
0.1,0.08,0.0,9,False,inf,89.87809895201165,11.949753560902765,147.6600522982324,9.024580630141669,0.41876512438463015,0.18328832995514807,0.0031903885322791745,0.024340860454377767,0.02126925930113436,0.02035579469014759,0.002148223888810696,0.0037461403614715227,0.003581180947548654,0.00012020741258969977,0.41876512438463015,9.875646939803113,0.00984944326977288
0.1,0.08,0.0,10,False,inf,87.50518595972837,152.43910272088365,308.91163822652464,9.450752218947528,0.4602529357301176,0.21094807889962122,0.003704716329310304,0.02038409050395734,0.026225787476039677,0.003908196843223018,0.0015384138493096946,0.0014077588120615199,0.0030671094393433934,9.771745351894099e-05,0.4602529357301176,10.716444487502452,0.013253329063847984
0.1,0.08,0.0,11,True,0.6854999999999799,1.9763431055680862,7.126063664804187,129.03960689369043,9.6502715505862,0.16490525649969529,0.03599027344780199,0.0008758319652234292,0.03496389312200575,0.021232963867713863,0.0007510764828339755,0.0004437782537323678,0.0037846330688811086,0.0012112617284625905,1.4211044766893634e-05,0.5146261591423446,10.17437259788254,0.00868993123729791
0.1,0.08,0.0,12,True,0.6204999999999871,4.0914031700305244,51.947151175386935,132.29871704189088,9.464434843416294,0.5092161748652868,0.307116601320796,0.0010838336019541883,0.057337647142971224,0.012165048459874749,0.004693838148510661,0.0010496677217878725,0.0016916237397697179,0.003011337228318354,1.3656639817761454e-05,0.5092161748652868,10.556601227494834,0.005028270321866201
0.1,0.08,0.0,13,True,1.0454999999999404,1.7051759452420658,5.32335356236678,122.01693308422233,9.23767211154653,0.497396380269688,0.07104496515999058,0.0031602170290511893,0.05276512574660295,0.025842514773255526,0.0068446497361148734,0.00023159837315526422,0.00383939734133819,0.0028413750731413057,1.0071496504630682e-05,0.5106823465188471,10.761548012689753,0.007862966041661704
0.1,0.08,0.0,14,True,0.975499999999948,6.134832116688025,18.894235269812576,115.903299123063,9.363745768177182,0.4389793267200104,0.10041415035441133,0.002979344988679685,0.028047333341712825,0.023460264722805206,0.022517857178019643,0.001923952442364494,0.002645089626439942,0.00328694026759358,6.957465863408183e-05,0.46458555040672866,10.094407449984567,0.012463223600913117
0.1,0.08,0.0,15,True,1.0204999999999431,1.7603610978150146,6.410146691863805,119.16266088852981,9.407913598848989,0.372098275105844,0.0758690967758044,0.002341415082513897,0.05079085556680287,0.015576948671442846,0.001173860694578235,0.001714791771101193,0.0014387362801707927,0.0031563141306264137,2.547831869663868e-05,0.4635290062633226,10.747204198879444,0.012814660277720307
0.1,0.08,0.002,0,True,0.730499999999975,0.16213805663135486,0.6904250106552878,142.22291238234533,9.489469623379478,0.47253699911240404,0.10483386310070744,0.0021244856490258636,0.023489335688193516,0.008901417526596284,0.00043269248631363886,0.0024398107176008175,0.0037382667318331653,0.0028199073273015396,7.210319823797473e-05,0.47253699911240404,10.68108713915643,0.013158535541215322
0.1,0.08,0.002,1,True,1.1954999999999238,0.12756421858864087,0.28658972110743813,129.81634420696065,8.318672168762019,0.4731577435179982,0.08046587058593929,0.001708156019624724,0.057523184816296764,0.011171511479831942,0.0248355844496532,0.0009354943560314564,0.0022699793469177273,0.0034831077814613254,3.0286949087099423e-05,0.4731577435179982,9.212803007193706,0.012535131086748067
0.1,0.08,0.002,2,True,0.8104999999999661,1.1314459951248232,4.792021785064693,166.01925769400097,9.883360595592327,0.18694982093051976,0.03251608243874245,0.0011044052733180985,0.024924557170706164,0.025912966293074165,0.0024063537379950413,0.001800301577896962,0.003185681580435384,0.0015637032200998104,1.161067493821754e-05,0.444596814262228,10.231888726552896,0.010622656627804278
0.1,0.08,0.002,3,True,0.7504999999999727,1.3137224609199252,5.4509415614992776,151.30137961398796,9.095667550100181,0.15095892739997385,0.026583792325585314,0.0008127017608135093,0.021840525329804985,0.02562803823454073,0.015240966464155783,0.00028238592672119757,0.0022993808207094216,0.0024371538944225023,1.5412303097482646e-05,0.49239602374655833,9.352126819818665,0.008912281904956621
0.1,0.08,0.002,4,True,1.3554999999999062,0.7842394499059736,2.943642585399029,155.00852549908822,9.338180310893852,0.5066500685155163,0.07261136974998496,0.0036220599140287797,0.03556637764071808,0.02947736152556949,0.002116282156798607,0.0018220674959850889,0.0021294597531318175,0.0034057036209574217,1.60420785683912e-05,0.5066500685155163,10.048268349666515,0.014022150797159886
0.1,0.08,0.002,5,True,1.2804999999999145,0.5138154999816624,1.8520722247727057,147.46068142735223,9.162049202222637,0.4210708019156255,0.08444608439512469,0.002847440277994798,0.05039703948682469,0.019337162342927122,0.0074822626339227484,0.0001617921071449693,0.002150106642356555,0.002225419616259996,1.1304406335961537e-05,0.4210708019156255,10.784801797232584,0.011523691115879878
0.1,0.08,0.002,6,True,2.7555000000000875,0.1201043308004173,0.42348493713184804,459.4455610114544,8.98495205607096,0.4867114367610584,0.0565771847577132,0.0017884136569469048,0.027163543490666922,0.01611947927549832,0.009804302396366918,0.0029623349705594,0.002898268817821438,0.003022971791513481,2.4438083011449394e-05,0.4867114367610584,9.367174052139356,0.005517292319837753
0.1,0.08,0.002,7,True,1.2554999999999172,2.356113002241564,9.386498683936777,144.88699681410984,8.958916448298703,0.45733881251334413,0.06780955115379572,0.0020809973356412242,0.05486069004847877,0.025065085185394256,0.005895910446750368,0.0009004988547336763,0.003620660336188786,0.0010157959136967243,9.243566384669972e-05,0.49889522059021285,9.925295980985247,0.008030324268193136
0.1,0.08,0.002,8,True,1.2604999999999167,0.9192211698127781,3.3880218865397147,139.02286091003606,8.713969915404215,0.24113370460201317,0.06337609752917163,0.001237666433073275,0.059363842166896275,0.015011638446681368,0.020644162864735433,0.0026096895350886484,0.002173254419617582,0.0023136456193683964,2.7440165521545802e-05,0.4271231740331686,9.94314245206847,0.007413521450846823
0.1,0.08,0.002,9,True,1.275499999999915,2.0246184522646384,7.717845641568415,149.65536614762644,9.279535982455242,0.41876512438463015,0.08946755804563598,0.0031903885322791745,0.024340860454377767,0.02126925930113436,0.02035579469014759,0.002148223888810696,0.0037461403614715227,0.003581180947548654,0.00012020741258969977,0.41876512438463015,9.875646939803113,0.00984944326977288
0.1,0.08,0.002,10,True,1.3004999999999123,1.8760655770777648,6.70655202267835,153.49849688491153,9.299051841093007,0.4602529357301176,0.07994346898817203,0.003704716329310304,0.02038409050395734,0.026225787476039677,0.003908196843223018,0.0015384138493096946,0.0014077588120615199,0.0030671094393433934,9.771745351894099e-05,0.4602529357301176,10.716444487502452,0.013253329063847984
0.1,0.08,0.002,11,True,0.7904999999999683,1.3466478055594175,6.022512388324239,157.6516385275966,9.641096512897759,0.16364310374919686,0.03704578604410674,0.0008758319652234292,0.03496389312200575,0.021232963867713863,0.0007510764828339755,0.0004437782537323678,0.0037846330688811086,0.0012112617284625905,1.4211044766893634e-05,0.5146261591423446,10.17437259788254,0.00868993123729791
0.1,0.08,0.002,12,True,0.7404999999999738,3.4417705001297736,45.91672710373704,149.97669135303596,9.454941796310841,0.5092161748652868,0.32086930550080495,0.0010838336019541883,0.057337647142971224,0.012165048459874749,0.004693838148510661,0.0010496677217878725,0.0016916237397697179,0.003011337228318354,1.3656639817761454e-05,0.5092161748652868,10.556601227494834,0.005028270321866201
0.1,0.08,0.002,13,True,1.2604999999999167,0.9602157418781314,3.759117145616997,155.29363840683226,9.226447215584964,0.5106823465188471,0.07750076119870082,0.0031602170290511893,0.05276512574660295,0.025842514773255526,0.0068446497361148734,0.00023159837315526422,0.00383939734133819,0.0028413750731413057,1.0071496504630682e-05,0.5106823465188471,10.761548012689753,0.007862966041661704
0.1,0.08,0.002,14,True,1.2904999999999134,1.3361917271591404,5.062421147088083,157.93202895016168,9.374473011555057,0.46458555040672866,0.07090836760719503,0.002979344988679685,0.028047333341712825,0.023460264722805206,0.022517857178019643,0.001923952442364494,0.002645089626439942,0.00328694026759358,6.957465863408183e-05,0.46458555040672866,10.094407449984567,0.012463223600913117
0.1,0.08,0.002,15,True,2.1804999999998955,0.09571537148646819,0.16440926814619847,393.1718788287376,9.379832708186964,0.4635290062633226,0.08088985174275853,0.002341415082513897,0.05079085556680287,0.015576948671442846,0.001173860694578235,0.001714791771101193,0.0014387362801707927,0.0031563141306264137,2.547831869663868e-05,0.4635290062633226,10.747204198879444,0.012814660277720307
0.1,0.08,0.004,0,True,0.730499999999975,0.13065876707852053,0.4438161124218984,148.28434488602633,9.484313021566079,0.47253699911240404,0.11069864970784708,0.0021244856490258636,0.023489335688193516,0.008901417526596284,0.00043269248631363886,0.0024398107176008175,0.0037382667318331653,0.0028199073273015396,7.210319823797473e-05,0.47253699911240404,10.68108713915643,0.013158535541215322
0.1,0.08,0.004,1,True,1.23049999999992,0.11812045570064307,0.22247038562851515,132.83586812853596,8.305714406050738,0.45491579669944,0.08113684913389656,0.001708156019624724,0.057523184816296764,0.011171511479831942,0.0248355844496532,0.0009354943560314564,0.0022699793469177273,0.0034831077814613254,3.0286949087099423e-05,0.4731577435179982,9.212803007193706,0.012535131086748067
0.1,0.08,0.004,2,True,0.8154999999999656,1.0660662551118734,4.597227978591666,170.9031415484787,9.870416660425272,0.1855036037735467,0.033571956712333956,0.0011044052733180985,0.024924557170706164,0.025912966293074165,0.0024063537379950413,0.001800301577896962,0.003185681580435384,0.0015637032200998104,1.161067493821754e-05,0.444596814262228,10.231888726552896,0.010622656627804278
0.1,0.08,0.004,3,True,0.7704999999999705,1.21125866648933,5.247495266770085,157.2046154562697,9.08908100967115,0.3217566755943081,0.02770124769221386,0.0008127017608135093,0.021840525329804985,0.02562803823454073,0.015240966464155783,0.00028238592672119757,0.0022993808207094216,0.0024371538944225023,1.5412303097482646e-05,0.49239602374655833,9.352126819818665,0.008912281904956621
0.1,0.08,0.004,4,True,1.3804999999999035,0.6919867846425913,2.7142982529181965,160.17680841664495,9.321737237813538,0.5066500685155163,0.07358254334907248,0.0036220599140287797,0.03556637764071808,0.02947736152556949,0.002116282156798607,0.0018220674959850889,0.0021294597531318175,0.0034057036209574217,1.60420785683912e-05,0.5066500685155163,10.048268349666515,0.014022150797159886
0.1,0.08,0.004,5,True,1.3054999999999117,0.4996701860588963,1.7675180295448896,149.7408085302008,9.156458131394517,0.4210708019156255,0.08673156865047682,0.002847440277994798,0.05039703948682469,0.019337162342927122,0.0074822626339227484,0.0001617921071449693,0.002150106642356555,0.002225419616259996,1.1304406335961537e-05,0.4210708019156255,10.784801797232584,0.011523691115879878
0.1,0.08,0.004,6,True,2.735500000000081,0.11851714066728308,0.32454487751031735,427.06407217338545,9.018056917527518,0.4867114367610584,0.05795289983384304,0.0017884136569469048,0.027163543490666922,0.01611947927549832,0.009804302396366918,0.0029623349705594,0.002898268817821438,0.003022971791513481,2.4438083011449394e-05,0.4867114367610584,9.367174052139356,0.005517292319837753
0.1,0.08,0.004,7,True,1.2654999999999161,1.5662807350516517,6.966433694698397,146.8265813711282,8.945506850537464,0.39138598887527304,0.06287981629406644,0.0020809973356412242,0.05486069004847877,0.025065085185394256,0.005895910446750368,0.0009004988547336763,0.003620660336188786,0.0010157959136967243,9.243566384669972e-05,0.49889522059021285,9.925295980985247,0.008030324268193136
0.1,0.08,0.004,8,True,1.2904999999999134,0.9026976578255613,3.4426813454998384,143.0894876450856,8.70252706513649,0.3562131611603477,0.06438595514124122,0.001237666433073275,0.059363842166896275,0.015011638446681368,0.020644162864735433,0.0026096895350886484,0.002173254419617582,0.0023136456193683964,2.7440165521545802e-05,0.4271231740331686,9.94314245206847,0.007413521450846823
0.1,0.08,0.004,9,True,1.3154999999999106,0.6989275123472605,2.7532862805537506,156.63332303764363,9.32382230658547,0.41876512438463015,0.0873437130608976,0.0031903885322791745,0.024340860454377767,0.02126925930113436,0.02035579469014759,0.002148223888810696,0.0037461403614715227,0.003581180947548654,0.00012020741258969977,0.41876512438463015,9.875646939803113,0.00984944326977288
0.1,0.08,0.004,10,True,1.3504999999999068,0.9372365583678016,3.65951548042459,159.36346815549476,9.291944387244111,0.4602529357301176,0.07642459494315101,0.003704716329310304,0.02038409050395734,0.026225787476039677,0.003908196843223018,0.0015384138493096946,0.0014077588120615199,0.0030671094393433934,9.771745351894099e-05,0.4602529357301176,10.716444487502452,0.013253329063847984
0.1,0.08,0.004,11,True,0.8004999999999672,1.2973074819814367,5.829658109951832,162.8707522523465,9.62808005130773,0.16106753096588103,0.03820996448717268,0.0008758319652234292,0.03496389312200575,0.021232963867713863,0.0007510764828339755,0.0004437782537323678,0.0037846330688811086,0.0012112617284625905,1.4211044766893634e-05,0.5146261591423446,10.17437259788254,0.00868993123729791
0.1,0.08,0.004,12,True,0.7554999999999722,0.6141743297098718,2.1814582735385426,156.21636754956808,9.447433890922696,0.5092161748652868,0.06086651819027256,0.0010838336019541883,0.057337647142971224,0.012165048459874749,0.004693838148510661,0.0010496677217878725,0.0016916237397697179,0.003011337228318354,1.3656639817761454e-05,0.5092161748652868,10.556601227494834,0.005028270321866201
0.1,0.08,0.004,13,True,1.285499999999914,0.8887348060990821,3.5628473251750363,157.01209138252364,9.219167827547663,0.5106823465188471,0.07865739001396835,0.0031602170290511893,0.05276512574660295,0.025842514773255526,0.0068446497361148734,0.00023159837315526422,0.00383939734133819,0.0028413750731413057,1.0071496504630682e-05,0.5106823465188471,10.761548012689753,0.007862966041661704
0.1,0.08,0.004,14,True,1.3154999999999106,0.08388524398459199,0.3396040818231283,158.71120649780042,9.369271519770596,0.46458555040672866,0.06642969131777719,0.002979344988679685,0.028047333341712825,0.023460264722805206,0.022517857178019643,0.001923952442364494,0.002645089626439942,0.00328694026759358,6.957465863408183e-05,0.46458555040672866,10.094407449984567,0.012463223600913117
0.1,0.08,0.004,15,True,2.235499999999914,0.12569919600187365,0.2907919783436607,439.99912330383097,9.37252894551931,0.4635290062633226,0.08214386976960815,0.002341415082513897,0.05079085556680287,0.015576948671442846,0.001173860694578235,0.001714791771101193,0.0014387362801707927,0.0031563141306264137,2.547831869663868e-05,0.4635290062633226,10.747204198879444,0.012814660277720307
0.1,0.08,0.008,0,True,0.7354999999999744,0.12535893258014957,0.22202338947310987,150.78895829058078,9.469947006582904,0.47253699911240404,0.11403200840604567,0.0021244856490258636,0.023489335688193516,0.008901417526596284,0.00043269248631363886,0.0024398107176008175,0.0037382667318331653,0.0028199073273015396,7.210319823797473e-05,0.47253699911240404,10.68108713915643,0.013158535541215322
0.1,0.08,0.008,1,True,1.2354999999999194,0.1179451841066134,0.2517358255583335,135.68968143527064,8.28679274697791,0.4592845582040151,0.08424605911436671,0.001708156019624724,0.057523184816296764,0.011171511479831942,0.0248355844496532,0.0009354943560314564,0.0022699793469177273,0.0034831077814613254,3.0286949087099423e-05,0.4731577435179982,9.212803007193706,0.012535131086748067
0.1,0.08,0.008,2,True,0.8004999999999672,1.018606398580947,4.432493306488911,171.4727242625538,9.849111449070753,0.18333840995816866,0.03324705961564122,0.0011044052733180985,0.024924557170706164,0.025912966293074165,0.0024063537379950413,0.001800301577896962,0.003185681580435384,0.0015637032200998104,1.161067493821754e-05,0.444596814262228,10.231888726552896,0.010622656627804278
0.1,0.08,0.008,3,True,2.7255000000000775,1.1253406440443956,4.983137507531001,373.2218649519496,9.574169671705484,0.3082991747514682,0.028488176877777556,0.0008127017608135093,0.021840525329804985,0.02562803823454073,0.015240966464155783,0.00028238592672119757,0.0022993808207094216,0.0024371538944225023,1.5412303097482646e-05,0.49239602374655833,9.352126819818665,0.008912281904956621
0.1,0.08,0.008,4,True,1.4004999999999013,0.6369447923783209,2.5282677123190855,163.65285718226087,9.316248896277722,0.5017019910652856,0.074944509267277,0.0036220599140287797,0.03556637764071808,0.02947736152556949,0.002116282156798607,0.0018220674959850889,0.0021294597531318175,0.0034057036209574217,1.60420785683912e-05,0.5066500685155163,10.048268349666515,0.014022150797159886
0.1,0.08,0.008,5,True,1.3404999999999079,0.3971839648141251,1.4390661183650584,151.65360881941714,9.147407888094406,0.4210708019156255,0.08422458762422788,0.002847440277994798,0.05039703948682469,0.019337162342927122,0.0074822626339227484,0.0001617921071449693,0.002150106642356555,0.002225419616259996,1.1304406335961537e-05,0.4210708019156255,10.784801797232584,0.011523691115879878
0.1,0.08,0.008,6,True,2.230499999999912,0.1026866924182607,0.2728443749461457,367.8868477820206,9.218128925264624,0.4867114367610584,0.06063199405750235,0.0017884136569469048,0.027163543490666922,0.01611947927549832,0.009804302396366918,0.0029623349705594,0.002898268817821438,0.003022971791513481,2.4438083011449394e-05,0.4867114367610584,9.367174052139356,0.005517292319837753
0.1,0.08,0.008,7,True,1.330499999999909,1.3073356169703085,5.771772803047673,152.22543816076333,8.913247112962637,0.48258521175667707,0.06375582349552215,0.0020809973356412242,0.05486069004847877,0.025065085185394256,0.005895910446750368,0.0009004988547336763,0.003620660336188786,0.0010157959136967243,9.243566384669972e-05,0.49889522059021285,9.925295980985247,0.008030324268193136
0.1,0.08,0.008,8,True,1.3004999999999123,0.8340198809387677,3.192001090310208,144.39977985978743,8.677867978144695,0.4271231740331686,0.06652419287106455,0.001237666433073275,0.059363842166896275,0.015011638446681368,0.020644162864735433,0.0026096895350886484,0.002173254419617582,0.0023136456193683964,2.7440165521545802e-05,0.4271231740331686,9.94314245206847,0.007413521450846823
0.1,0.08,0.008,9,True,1.3504999999999068,0.10468402103223676,0.3011558333430437,158.30665702835762,9.287666512074184,0.41876512438463015,0.0880825830609681,0.0031903885322791745,0.024340860454377767,0.02126925930113436,0.02035579469014759,0.002148223888810696,0.0037461403614715227,0.003581180947548654,0.00012020741258969977,0.41876512438463015,9.875646939803113,0.00984944326977288
0.1,0.08,0.008,10,True,1.385499999999903,0.19418875743350333,0.7308509042625131,164.92644130854734,9.277716709692374,0.4602529357301176,0.07473450597955332,0.003704716329310304,0.02038409050395734,0.026225787476039677,0.003908196843223018,0.0015384138493096946,0.0014077588120615199,0.0030671094393433934,9.771745351894099e-05,0.4602529357301176,10.716444487502452,0.013253329063847984
0.1,0.08,0.008,11,True,0.7854999999999689,1.2309176497903132,5.461940664157543,163.6992556717588,9.61440765407576,0.15906858458330936,0.03904062073242336,0.0008758319652234292,0.03496389312200575,0.021232963867713863,0.0007510764828339755,0.0004437782537323678,0.0037846330688811086,0.0012112617284625905,1.4211044766893634e-05,0.5146261591423446,10.17437259788254,0.00868993123729791
0.1,0.08,0.008,12,True,0.7604999999999716,3.865924318184044,49.499565838816736,158.91104974147885,9.4313514117815,0.5092161748652868,0.31174121450758063,0.0010838336019541883,0.057337647142971224,0.012165048459874749,0.004693838148510661,0.0010496677217878725,0.0016916237397697179,0.003011337228318354,1.3656639817761454e-05,0.5092161748652868,10.556601227494834,0.005028270321866201
0.1,0.08,0.008,13,True,1.4054999999999007,0.8309393770881923,3.3242300660171247,160.960311639414,9.20622723011047,0.5106823465188471,0.08068831339165305,0.0031602170290511893,0.05276512574660295,0.025842514773255526,0.0068446497361148734,0.00023159837315526422,0.00383939734133819,0.0028413750731413057,1.0071496504630682e-05,0.5106823465188471,10.761548012689753,0.007862966041661704
0.1,0.08,0.008,14,True,1.3254999999999095,0.2053651097778182,0.7720102180957945,159.82445900106117,9.34739866864036,0.46458555040672866,0.06865992481440186,0.002979344988679685,0.028047333341712825,0.023460264722805206,0.022517857178019643,0.001923952442364494,0.002645089626439942,0.00328694026759358,6.957465863408183e-05,0.46458555040672866,10.094407449984567,0.012463223600913117
0.1,0.08,0.008,15,True,2.215499999999907,0.11197382545902299,0.28228764812538865,442.4309971322806,9.36051596386711,0.4635290062633226,0.08407937508387926,0.002341415082513897,0.05079085556680287,0.015576948671442846,0.001173860694578235,0.001714791771101193,0.0014387362801707927,0.0031563141306264137,2.547831869663868e-05,0.4635290062633226,10.747204198879444,0.012814660277720307
0.12,0.03,0.0,0,False,inf,96.7392191342502,16.628343142609566,113.40580415959776,9.869292260246732,0.32009051668266475,0.1602105929580535,0.0021244856490258636,0.023489335688193516,0.008901417526596284,0.00043269248631363886,0.0024398107176008175,0.0037382667318331653,0.0028199073273015396,7.210319823797473e-05,0.47253699911240404,10.68108713915643,0.013158535541215322
0.12,0.03,0.0,1,False,inf,88.38114786945658,107.49463808932276,378.43437738027495,8.328388721308858,0.4731577435179982,0.10991173438226952,0.001708156019624724,0.057523184816296764,0.011171511479831942,0.0248355844496532,0.0009354943560314564,0.0022699793469177273,0.0034831077814613254,3.0286949087099423e-05,0.4731577435179982,9.212803007193706,0.012535131086748067
0.12,0.03,0.0,2,False,inf,85.32319302874356,190.675580249889,359.23498571192783,9.920419338418217,0.3499440735876793,0.06246104220461347,0.0011044052733180985,0.024924557170706164,0.025912966293074165,0.0024063537379950413,0.001800301577896962,0.003185681580435384,0.0015637032200998104,1.161067493821754e-05,0.444596814262228,10.231888726552896,0.010622656627804278
0.12,0.03,0.0,3,False,inf,82.8110803298938,127.74674016984441,410.67989513841366,9.117794573752569,0.3020927965755316,0.05290415893114766,0.0008127017608135093,0.021840525329804985,0.02562803823454073,0.015240966464155783,0.00028238592672119757,0.0022993808207094216,0.0024371538944225023,1.5412303097482646e-05,0.49239602374655833,9.352126819818665,0.008912281904956621
0.12,0.03,0.0,4,False,inf,88.19888998208602,127.92479885270818,390.60582693223444,9.344370215463085,0.5066500685155163,0.17340978464307272,0.0036220599140287797,0.03556637764071808,0.02947736152556949,0.002116282156798607,0.0018220674959850889,0.0021294597531318175,0.0034057036209574217,1.60420785683912e-05,0.5066500685155163,10.048268349666515,0.014022150797159886
0.12,0.03,0.0,5,False,inf,84.10041235216408,115.57187567264627,418.18779990923844,9.430587213703399,0.4210708019156255,0.1338731930380138,0.002847440277994798,0.05039703948682469,0.019337162342927122,0.0074822626339227484,0.0001617921071449693,0.002150106642356555,0.002225419616259996,1.1304406335961537e-05,0.4210708019156255,10.784801797232584,0.011523691115879878
0.12,0.03,0.0,6,False,inf,86.79102981321944,133.96507204601997,391.4328676203512,8.942063687599534,0.4867114367610584,0.1017759078946227,0.0017884136569469048,0.027163543490666922,0.01611947927549832,0.009804302396366918,0.0029623349705594,0.002898268817821438,0.003022971791513481,2.4438083011449394e-05,0.4867114367610584,9.367174052139356,0.005517292319837753
0.12,0.03,0.0,7,False,inf,107.14744960517694,31.043778062689185,170.39608347276175,8.962774669772774,0.32126443947735195,0.18398884645458488,0.0020809973356412242,0.05486069004847877,0.025065085185394256,0.005895910446750368,0.0009004988547336763,0.003620660336188786,0.0010157959136967243,9.243566384669972e-05,0.49889522059021285,9.925295980985247,0.008030324268193136
0.12,0.03,0.0,8,False,inf,88.9403173207533,77.63156456937119,376.0930631115687,8.730095914723158,0.4271231740331686,0.08751617909132323,0.001237666433073275,0.059363842166896275,0.015011638446681368,0.020644162864735433,0.0026096895350886484,0.002173254419617582,0.0023136456193683964,2.7440165521545802e-05,0.4271231740331686,9.94314245206847,0.007413521450846823
0.12,0.03,0.0,9,False,inf,179.6850239610935,84.86928616584736,1429.3542493110122,8.944205722055342,0.3361062711613267,0.08845113293758315,0.0031903885322791745,0.024340860454377767,0.02126925930113436,0.02035579469014759,0.002148223888810696,0.0037461403614715227,0.003581180947548654,0.00012020741258969977,0.41876512438463015,9.875646939803113,0.00984944326977288
0.12,0.03,0.0,10,False,inf,114.94577971201109,34.91813501957043,159.11153930267807,9.617064233180034,0.4602529357301176,0.2695900997651966,0.003704716329310304,0.02038409050395734,0.026225787476039677,0.003908196843223018,0.0015384138493096946,0.0014077588120615199,0.0030671094393433934,9.771745351894099e-05,0.4602529357301176,10.716444487502452,0.013253329063847984
0.12,0.03,0.0,11,False,inf,85.31611227542689,180.37980704024264,350.15677456443586,9.691208663454539,0.32744151794649456,0.05774236879430686,0.0008758319652234292,0.03496389312200575,0.021232963867713863,0.0007510764828339755,0.0004437782537323678,0.0037846330688811086,0.0012112617284625905,1.4211044766893634e-05,0.5146261591423446,10.17437259788254,0.00868993123729791
0.12,0.03,0.0,12,True,2.3204999999999423,0.13212148048790504,0.949389600604243,158.16544611214837,9.470193013617026,0.48240540377253893,0.08914884859356204,0.0010838336019541883,0.057337647142971224,0.012165048459874749,0.004693838148510661,0.0010496677217878725,0.0016916237397697179,0.003011337228318354,1.3656639817761454e-05,0.5092161748652868,10.556601227494834,0.005028270321866201
0.12,0.03,0.0,13,False,inf,80.37385037970785,168.8124211266091,318.9885590236298,9.528048448839865,0.5106823465188471,0.14672114433875408,0.0031602170290511893,0.05276512574660295,0.025842514773255526,0.0068446497361148734,0.00023159837315526422,0.00383939734133819,0.0028413750731413057,1.0071496504630682e-05,0.5106823465188471,10.761548012689753,0.007862966041661704
0.12,0.03,0.0,14,False,inf,98.0946211419756,21.52469583267735,176.3278378289149,9.532238797878883,0.44077097298329604,0.23278542099578078,0.002979344988679685,0.028047333341712825,0.023460264722805206,0.022517857178019643,0.001923952442364494,0.002645089626439942,0.00328694026759358,6.957465863408183e-05,0.46458555040672866,10.094407449984567,0.012463223600913117
0.12,0.03,0.0,15,False,inf,86.37485165207767,143.16625890361198,350.2106113343718,9.748099595357063,0.4635290062633226,0.1243967833602516,0.002341415082513897,0.05079085556680287,0.015576948671442846,0.001173860694578235,0.001714791771101193,0.0014387362801707927,0.0031563141306264137,2.547831869663868e-05,0.4635290062633226,10.747204198879444,0.012814660277720307
0.12,0.03,0.002,0,True,3.5905000000003664,0.3111431821389586,3.6806808828299977,317.1436136370079,9.87885442907493,0.47253699911240404,0.2642726779274294,0.0021244856490258636,0.023489335688193516,0.008901417526596284,0.00043269248631363886,0.0024398107176008175,0.0037382667318331653,0.0028199073273015396,7.210319823797473e-05,0.47253699911240404,10.68108713915643,0.013158535541215322
0.12,0.03,0.002,1,True,2.640500000000049,0.12659068551147656,0.8026908980031945,202.6379622647668,8.334787735553226,0.4731577435179982,0.20051566600500684,0.001708156019624724,0.057523184816296764,0.011171511479831942,0.0248355844496532,0.0009354943560314564,0.0022699793469177273,0.0034831077814613254,3.0286949087099423e-05,0.4731577435179982,9.212803007193706,0.012535131086748067
0.12,0.03,0.002,2,True,1.9154999999998445,0.30425114016658844,3.255913898526115,283.00512726751475,9.892742799668106,0.37130379780560663,0.06464192400276575,0.0011044052733180985,0.024924557170706164,0.025912966293074165,0.0024063537379950413,0.001800301577896962,0.003185681580435384,0.0015637032200998104,1.161067493821754e-05,0.444596814262228,10.231888726552896,0.010622656627804278
0.12,0.03,0.002,3,True,2.280499999999929,0.5142874150658812,5.650517590062421,241.3452850059037,9.105954003772379,0.16567020435588778,0.04842516957546636,0.0008127017608135093,0.021840525329804985,0.02562803823454073,0.015240966464155783,0.00028238592672119757,0.0022993808207094216,0.0024371538944225023,1.5412303097482646e-05,0.49239602374655833,9.352126819818665,0.008912281904956621
0.12,0.03,0.002,4,False,inf,74.75595074012817,99.18197836302483,268.5000788095809,9.563548046458939,0.5066500685155163,0.17700059356996514,0.0036220599140287797,0.03556637764071808,0.02947736152556949,0.002116282156798607,0.0018220674959850889,0.0021294597531318175,0.0034057036209574217,1.60420785683912e-05,0.5066500685155163,10.048268349666515,0.014022150797159886
0.12,0.03,0.002,5,True,5.61049999999961,0.2682920078440703,2.398327912695858,292.6466541902611,9.3668079809615,0.4210708019156255,0.19588911191469366,0.002847440277994798,0.05039703948682469,0.019337162342927122,0.0074822626339227484,0.0001617921071449693,0.002150106642356555,0.002225419616259996,1.1304406335961537e-05,0.4210708019156255,10.784801797232584,0.011523691115879878
0.12,0.03,0.002,6,True,3.760500000000423,0.11035586768781283,0.6672366732930527,278.21481907795925,8.986611743610927,0.4867114367610584,0.14538987673947887,0.0017884136569469048,0.027163543490666922,0.01611947927549832,0.009804302396366918,0.0029623349705594,0.002898268817821438,0.003022971791513481,2.4438083011449394e-05,0.4867114367610584,9.367174052139356,0.005517292319837753
0.12,0.03,0.002,7,False,inf,86.80724533603784,185.6275113479841,413.2834188432195,8.988906182083706,0.49889522059021285,0.10760674535446826,0.0020809973356412242,0.05486069004847877,0.025065085185394256,0.005895910446750368,0.0009004988547336763,0.003620660336188786,0.0010157959136967243,9.243566384669972e-05,0.49889522059021285,9.925295980985247,0.008030324268193136
0.12,0.03,0.002,8,True,2.855500000000121,0.09071088861022956,0.6350818538700197,214.5634175094061,8.731823149216668,0.4271231740331686,0.1158540051040286,0.001237666433073275,0.059363842166896275,0.015011638446681368,0.020644162864735433,0.0026096895350886484,0.002173254419617582,0.0023136456193683964,2.7440165521545802e-05,0.4271231740331686,9.94314245206847,0.007413521450846823
0.12,0.03,0.002,9,False,inf,85.92080852882933,152.03016568920341,322.2161717765985,9.487955283879954,0.41876512438463015,0.13676264807586647,0.0031903885322791745,0.024340860454377767,0.02126925930113436,0.02035579469014759,0.002148223888810696,0.0037461403614715227,0.003581180947548654,0.00012020741258969977,0.41876512438463015,9.875646939803113,0.00984944326977288
0.12,0.03,0.002,10,True,2.840500000000116,1.2781424340392793,13.13901035754464,237.22712811225932,9.688182534390675,0.4602529357301176,0.1973333160034111,0.003704716329310304,0.02038409050395734,0.026225787476039677,0.003908196843223018,0.0015384138493096946,0.0014077588120615199,0.0030671094393433934,9.771745351894099e-05,0.4602529357301176,10.716444487502452,0.013253329063847984
0.12,0.03,0.002,11,True,1.9154999999998445,0.5420942182366794,5.301738438199028,287.98746343064613,9.649779529729628,0.21819290953311332,0.06367203175936113,0.0008758319652234292,0.03496389312200575,0.021232963867713863,0.0007510764828339755,0.0004437782537323678,0.0037846330688811086,0.0012112617284625905,1.4211044766893634e-05,0.5146261591423446,10.17437259788254,0.00868993123729791
0.12,0.03,0.002,12,True,1.820499999999855,0.0873798903795738,0.5217237537804984,255.6849505218923,9.466853335931587,0.5092161748652868,0.11655114606098388,0.0010838336019541883,0.057337647142971224,0.012165048459874749,0.004693838148510661,0.0010496677217878725,0.0016916237397697179,0.003011337228318354,1.3656639817761454e-05,0.5092161748652868,10.556601227494834,0.005028270321866201
0.12,0.03,0.002,13,True,5.955499999999419,0.16415723254137765,2.374571750316792,427.4867406062949,9.399946262308514,0.5106823465188471,0.1787594101051072,0.0031602170290511893,0.05276512574660295,0.025842514773255526,0.0068446497361148734,0.00023159837315526422,0.00383939734133819,0.0028413750731413057,1.0071496504630682e-05,0.5106823465188471,10.761548012689753,0.007862966041661704
0.12,0.03,0.002,14,False,9.915500000000627,74.82541141711569,107.99405271453399,234.27146075709854,9.707688129232574,0.46458555040672866,0.14520875894404844,0.002979344988679685,0.028047333341712825,0.023460264722805206,0.022517857178019643,0.001923952442364494,0.002645089626439942,0.00328694026759358,6.957465863408183e-05,0.46458555040672866,10.094407449984567,0.012463223600913117
0.12,0.03,0.002,15,True,3.8755000000004616,0.13428887768433437,1.2056569719572008,353.5939612051582,9.65760089437207,0.4635290062633226,0.2042377019305684,0.002341415082513897,0.05079085556680287,0.015576948671442846,0.001173860694578235,0.001714791771101193,0.0014387362801707927,0.0031563141306264137,2.547831869663868e-05,0.4635290062633226,10.747204198879444,0.012814660277720307
0.12,0.03,0.004,0,True,6.7754999999989645,1.4420852331410574,55.130386311640684,432.2062941011077,9.882133511062815,0.47253699911240404,0.26417120825750534,0.0021244856490258636,0.023489335688193516,0.008901417526596284,0.00043269248631363886,0.0024398107176008175,0.0037382667318331653,0.0028199073273015396,7.210319823797473e-05,0.47253699911240404,10.68108713915643,0.013158535541215322
0.12,0.03,0.004,1,True,4.665500000000134,0.15455683041002075,1.4657522620902421,203.17113768691948,8.33339639861154,0.4731577435179982,0.21010770989562136,0.001708156019624724,0.057523184816296764,0.011171511479831942,0.0248355844496532,0.0009354943560314564,0.0022699793469177273,0.0034831077814613254,3.0286949087099423e-05,0.4731577435179982,9.212803007193706,0.012535131086748067
0.12,0.03,0.004,2,True,1.965499999999839,0.2693868047609984,2.7868003412467495,293.7673313099558,9.894059074252096,0.24277939533490073,0.06447709769545545,0.0011044052733180985,0.024924557170706164,0.025912966293074165,0.0024063537379950413,0.001800301577896962,0.003185681580435384,0.0015637032200998104,1.161067493821754e-05,0.444596814262228,10.231888726552896,0.010622656627804278
0.12,0.03,0.004,3,True,2.3354999999999473,0.4598144500537374,4.942156343094198,250.9156741488731,9.104529689252344,0.20095238065495602,0.0504313410507937,0.0008127017608135093,0.021840525329804985,0.02562803823454073,0.015240966464155783,0.00028238592672119757,0.0022993808207094216,0.0024371538944225023,1.5412303097482646e-05,0.49239602374655833,9.352126819818665,0.008912281904956621
0.12,0.03,0.004,4,False,inf,86.28887651621906,79.36653254633963,257.0090012857806,9.529123901697861,0.5066500685155163,0.1642327993165628,0.0036220599140287797,0.03556637764071808,0.02947736152556949,0.002116282156798607,0.0018220674959850889,0.0021294597531318175,0.0034057036209574217,1.60420785683912e-05,0.5066500685155163,10.048268349666515,0.014022150797159886
0.12,0.03,0.004,5,True,3.8755000000004616,0.21206119711491758,2.5147101493791117,246.94107816085327,9.32262137312677,0.4210708019156255,0.2083451321886178,0.002847440277994798,0.05039703948682469,0.019337162342927122,0.0074822626339227484,0.0001617921071449693,0.002150106642356555,0.002225419616259996,1.1304406335961537e-05,0.4210708019156255,10.784801797232584,0.011523691115879878
0.12,0.03,0.004,6,False,8.210499999998543,52.58182072490007,78.27972343810933,284.709340312808,9.019557525679152,0.4867114367610584,0.1327956484729367,0.0017884136569469048,0.027163543490666922,0.01611947927549832,0.009804302396366918,0.0029623349705594,0.002898268817821438,0.003022971791513481,2.4438083011449394e-05,0.4867114367610584,9.367174052139356,0.005517292319837753
0.12,0.03,0.004,7,True,3.4955000000003347,0.8713721021438366,9.126438196457443,244.17988355704014,8.98682558438385,0.49889522059021285,0.12620558393842518,0.0020809973356412242,0.05486069004847877,0.025065085185394256,0.005895910446750368,0.0009004988547336763,0.003620660336188786,0.0010157959136967243,9.243566384669972e-05,0.49889522059021285,9.925295980985247,0.008030324268193136
0.12,0.03,0.004,8,True,5.450499999999699,0.09974968899960414,1.07333371835408,222.45696963689568,8.783427136292588,0.4271231740331686,0.12101994636603285,0.001237666433073275,0.059363842166896275,0.015011638446681368,0.020644162864735433,0.0026096895350886484,0.002173254419617582,0.0023136456193683964,2.7440165521545802e-05,0.4271231740331686,9.94314245206847,0.007413521450846823
0.12,0.03,0.004,9,True,3.550500000000353,0.46175295477318357,6.15226951456939,277.8435683904363,9.48428541810947,0.41876512438463015,0.22419934364663915,0.0031903885322791745,0.024340860454377767,0.02126925930113436,0.02035579469014759,0.002148223888810696,0.0037461403614715227,0.003581180947548654,0.00012020741258969977,0.41876512438463015,9.875646939803113,0.00984944326977288
0.12,0.03,0.004,10,True,4.200500000000392,0.456898002197182,4.731170869486368,247.48481339043292,9.666082896655078,0.4602529357301176,0.20037163554821297,0.003704716329310304,0.02038409050395734,0.026225787476039677,0.003908196843223018,0.0015384138493096946,0.0014077588120615199,0.0030671094393433934,9.771745351894099e-05,0.4602529357301176,10.716444487502452,0.013253329063847984
0.12,0.03,0.004,11,True,1.9604999999998396,0.4446425316517092,4.433916652368517,290.67274374749474,9.646019680360142,0.20256968211037038,0.06445976210549645,0.0008758319652234292,0.03496389312200575,0.021232963867713863,0.0007510764828339755,0.0004437782537323678,0.0037846330688811086,0.0012112617284625905,1.4211044766893634e-05,0.5146261591423446,10.17437259788254,0.00868993123729791
0.12,0.03,0.004,12,True,3.305500000000271,0.09933917109392047,0.5558371307019325,415.94642885274976,9.458708788115128,0.5092161748652868,0.12349806587113732,0.0010838336019541883,0.057337647142971224,0.012165048459874749,0.004693838148510661,0.0010496677217878725,0.0016916237397697179,0.003011337228318354,1.3656639817761454e-05,0.5092161748652868,10.556601227494834,0.005028270321866201
0.12,0.03,0.004,13,True,4.42050000000027,0.09759614071673729,1.0473287440167323,307.5081932698853,9.3975989116093,0.5106823465188471,0.181966200729139,0.0031602170290511893,0.05276512574660295,0.025842514773255526,0.0068446497361148734,0.00023159837315526422,0.00383939734133819,0.0028413750731413057,1.0071496504630682e-05,0.5106823465188471,10.761548012689753,0.007862966041661704
0.12,0.03,0.004,14,True,6.895499999998898,0.7002462327055283,33.11022423348576,248.97527825515024,9.430723188191383,0.46458555040672866,0.17773232208904227,0.002979344988679685,0.028047333341712825,0.023460264722805206,0.022517857178019643,0.001923952442364494,0.002645089626439942,0.00328694026759358,6.957465863408183e-05,0.46458555040672866,10.094407449984567,0.012463223600913117
0.12,0.03,0.004,15,True,2.3504999999999523,0.13260412874103336,0.7449773513548164,238.55897859014067,9.616168293592095,0.4635290062633226,0.21451019792110082,0.002341415082513897,0.05079085556680287,0.015576948671442846,0.001173860694578235,0.001714791771101193,0.0014387362801707927,0.0031563141306264137,2.547831869663868e-05,0.4635290062633226,10.747204198879444,0.012814660277720307
0.12,0.03,0.008,0,True,6.435499999999153,0.36074570324910543,7.865972132316459,525.6913662170056,9.906312065290699,0.47253699911240404,0.27943099389455184,0.0021244856490258636,0.023489335688193516,0.008901417526596284,0.00043269248631363886,0.0024398107176008175,0.0037382667318331653,0.0028199073273015396,7.210319823797473e-05,0.47253699911240404,10.68108713915643,0.013158535541215322
0.12,0.03,0.008,1,True,2.690500000000066,0.1445050606530192,0.8821743250626064,213.25593653979422,8.329384589551248,0.4731577435179982,0.21508145429285452,0.001708156019624724,0.057523184816296764,0.011171511479831942,0.0248355844496532,0.0009354943560314564,0.0022699793469177273,0.0034831077814613254,3.0286949087099423e-05,0.4731577435179982,9.212803007193706,0.012535131086748067
0.12,0.03,0.008,2,True,6.4704999999991335,0.34663871904004656,17.60119180833999,410.76999810957426,9.90475459688331,0.444596814262228,0.0672716117538506,0.0011044052733180985,0.024924557170706164,0.025912966293074165,0.0024063537379950413,0.001800301577896962,0.003185681580435384,0.0015637032200998104,1.161067493821754e-05,0.444596814262228,10.231888726552896,0.010622656627804278
0.12,0.03,0.008,3,True,2.9355000000001477,0.44227377848983707,4.5607388295195115,266.0697580990252,9.10201032315158,0.21524875681014796,0.05173818545722324,0.0008127017608135093,0.021840525329804985,0.02562803823454073,0.015240966464155783,0.00028238592672119757,0.0022993808207094216,0.0024371538944225023,1.5412303097482646e-05,0.49239602374655833,9.352126819818665,0.008912281904956621
0.12,0.03,0.008,4,True,3.670500000000393,0.12702269740170177,1.2885136887282231,265.18340295758674,9.386724064318097,0.5066500685155163,0.19110117489646786,0.0036220599140287797,0.03556637764071808,0.02947736152556949,0.002116282156798607,0.0018220674959850889,0.0021294597531318175,0.0034057036209574217,1.60420785683912e-05,0.5066500685155163,10.048268349666515,0.014022150797159886
0.12,0.03,0.008,5,True,4.2205000000003805,0.21579109723366913,2.615355550725823,252.73686991957777,9.309926970343366,0.4210708019156255,0.20833974450592624,0.002847440277994798,0.05039703948682469,0.019337162342927122,0.0074822626339227484,0.0001617921071449693,0.002150106642356555,0.002225419616259996,1.1304406335961537e-05,0.4210708019156255,10.784801797232584,0.011523691115879878
0.12,0.03,0.008,6,True,2.8805000000001293,0.1203738815061732,0.8115955059885496,250.11159180724042,8.943203944392925,0.4867114367610584,0.15905126377873507,0.0017884136569469048,0.027163543490666922,0.01611947927549832,0.009804302396366918,0.0029623349705594,0.002898268817821438,0.003022971791513481,2.4438083011449394e-05,0.4867114367610584,9.367174052139356,0.005517292319837753
0.12,0.03,0.008,7,True,2.8905000000001326,0.41933114803693955,5.0043026804610555,260.8476580886731,8.982363233006758,0.4238734585212748,0.12424313607604233,0.0020809973356412242,0.05486069004847877,0.025065085185394256,0.005895910446750368,0.0009004988547336763,0.003620660336188786,0.0010157959136967243,9.243566384669972e-05,0.49889522059021285,9.925295980985247,0.008030324268193136
0.12,0.03,0.008,8,True,2.7755000000000942,0.096963354497205,0.7767621099290172,238.42733203646154,8.752354444758259,0.4271231740331686,0.12115301253526,0.001237666433073275,0.059363842166896275,0.015011638446681368,0.020644162864735433,0.0026096895350886484,0.002173254419617582,0.0023136456193683964,2.7440165521545802e-05,0.4271231740331686,9.94314245206847,0.007413521450846823
0.12,0.03,0.008,9,True,2.9705000000001593,0.3150272387379203,3.718586260071246,293.60153155642183,9.48311928973441,0.41876512438463015,0.22867279710807922,0.0031903885322791745,0.024340860454377767,0.02126925930113436,0.02035579469014759,0.002148223888810696,0.0037461403614715227,0.003581180947548654,0.00012020741258969977,0.41876512438463015,9.875646939803113,0.00984944326977288
0.12,0.03,0.008,10,True,3.6455000000003848,0.1897155966047746,3.016109023258618,261.3588593495728,9.642959118082223,0.4602529357301176,0.201090515419118,0.003704716329310304,0.02038409050395734,0.026225787476039677,0.003908196843223018,0.0015384138493096946,0.0014077588120615199,0.0030671094393433934,9.771745351894099e-05,0.4602529357301176,10.716444487502452,0.013253329063847984
0.12,0.03,0.008,11,True,3.1355000000002144,0.41332791268992575,4.274283652209403,333.1018965008946,9.634053458693435,0.44896418949338124,0.06676266455627443,0.0008758319652234292,0.03496389312200575,0.021232963867713863,0.0007510764828339755,0.0004437782537323678,0.0037846330688811086,0.0012112617284625905,1.4211044766893634e-05,0.5146261591423446,10.17437259788254,0.00868993123729791
0.12,0.03,0.008,12,True,5.625499999999602,0.10082081642977271,1.5996989946742828,274.7725789945929,9.453460353061203,0.5092161748652868,0.12440091537294011,0.0010838336019541883,0.057337647142971224,0.012165048459874749,0.004693838148510661,0.0010496677217878725,0.0016916237397697179,0.003011337228318354,1.3656639817761454e-05,0.5092161748652868,10.556601227494834,0.005028270321866201
0.12,0.03,0.008,13,True,2.930500000000146,0.21147974007059292,2.4410675968875366,256.0592991002656,9.379625482535408,0.5106823465188471,0.19044376288754056,0.0031602170290511893,0.05276512574660295,0.025842514773255526,0.0068446497361148734,0.00023159837315526422,0.00383939734133819,0.0028413750731413057,1.0071496504630682e-05,0.5106823465188471,10.761548012689753,0.007862966041661704
0.12,0.03,0.008,14,True,3.6355000000003814,0.1362039311902477,0.8486384821562111,262.16041135186924,9.381248051509102,0.46458555040672866,0.1862635858799869,0.002979344988679685,0.028047333341712825,0.023460264722805206,0.022517857178019643,0.001923952442364494,0.002645089626439942,0.00328694026759358,6.957465863408183e-05,0.46458555040672866,10.094407449984567,0.012463223600913117
0.12,0.03,0.008,15,True,4.465500000000245,0.1517086176121886,1.599203901304669,309.5831046113389,9.550842088786995,0.4635290062633226,0.21708256730956635,0.002341415082513897,0.05079085556680287,0.015576948671442846,0.001173860694578235,0.001714791771101193,0.0014387362801707927,0.0031563141306264137,2.547831869663868e-05,0.4635290062633226,10.747204198879444,0.012814660277720307
0.12,0.04,0.0,0,False,inf,90.98717033917248,10.446506952977234,137.24451888306083,9.872895750898754,0.35757270550631337,0.1241616681180429,0.0021244856490258636,0.023489335688193516,0.008901417526596284,0.00043269248631363886,0.0024398107176008175,0.0037382667318331653,0.0028199073273015396,7.210319823797473e-05,0.47253699911240404,10.68108713915643,0.013158535541215322
0.12,0.04,0.0,1,False,8.260499999998604,55.774655239473546,195.27316997092635,459.2368290890476,8.365747038632868,0.4731577435179982,0.0940595457857924,0.001708156019624724,0.057523184816296764,0.011171511479831942,0.0248355844496532,0.0009354943560314564,0.0022699793469177273,0.0034831077814613254,3.0286949087099423e-05,0.4731577435179982,9.212803007193706,0.012535131086748067
0.12,0.04,0.0,2,True,1.520499999999888,1.1297082765557331,7.176011264110899,173.49903528185553,9.899216497338081,0.2150517102511184,0.04228287768495921,0.0011044052733180985,0.024924557170706164,0.025912966293074165,0.0024063537379950413,0.001800301577896962,0.003185681580435384,0.0015637032200998104,1.161067493821754e-05,0.444596814262228,10.231888726552896,0.010622656627804278
0.12,0.04,0.0,3,True,1.430499999999898,1.4642790570739248,8.899108466412043,146.46136708591263,9.105442941737893,0.3030782800682768,0.034704667256904034,0.0008127017608135093,0.021840525329804985,0.02562803823454073,0.015240966464155783,0.00028238592672119757,0.0022993808207094216,0.0024371538944225023,1.5412303097482646e-05,0.49239602374655833,9.352126819818665,0.008912281904956621
0.12,0.04,0.0,4,True,3.625500000000378,1.3610012906623237,7.5444734935445394,220.10607531924654,9.430790079295333,0.5066500685155163,0.11763648425303258,0.0036220599140287797,0.03556637764071808,0.02947736152556949,0.002116282156798607,0.0018220674959850889,0.0021294597531318175,0.0034057036209574217,1.60420785683912e-05,0.5066500685155163,10.048268349666515,0.014022150797159886
0.12,0.04,0.0,5,True,3.745500000000418,0.16334879729681392,1.4365386336079853,325.6361746691659,9.336545903683502,0.4210708019156255,0.12153269288827094,0.002847440277994798,0.05039703948682469,0.019337162342927122,0.0074822626339227484,0.0001617921071449693,0.002150106642356555,0.002225419616259996,1.1304406335961537e-05,0.4210708019156255,10.784801797232584,0.011523691115879878
0.12,0.04,0.0,6,True,3.6505000000003864,0.03762203061305212,444.12327056499436,3301.0525660407366,8.980980156834377,0.43035343568479434,0.021646251063182527,0.0017884136569469048,0.027163543490666922,0.01611947927549832,0.009804302396366918,0.0029623349705594,0.002898268817821438,0.003022971791513481,2.4438083011449394e-05,0.4867114367610584,9.367174052139356,0.005517292319837753
0.12,0.04,0.0,7,False,inf,97.26846992344574,21.857388409648117,171.76897292677182,8.952092779585087,0.3219995603076557,0.15216818645226968,0.0020809973356412242,0.05486069004847877,0.025065085185394256,0.005895910446750368,0.0009004988547336763,0.003620660336188786,0.0010157959136967243,9.243566384669972e-05,0.49889522059021285,9.925295980985247,0.008030324268193136
0.12,0.04,0.0,8,False,9.620500000000266,80.08595645687731,222.99096528901077,387.59868914934975,8.729647090705127,0.42174237613926435,0.09686632492610098,0.001237666433073275,0.059363842166896275,0.015011638446681368,0.020644162864735433,0.0026096895350886484,0.002173254419617582,0.0023136456193683964,2.7440165521545802e-05,0.4271231740331686,9.94314245206847,0.007413521450846823
0.12,0.04,0.0,9,False,inf,109.95799404974048,29.230549702713464,166.44467637182862,9.166398495781669,0.41876512438463015,0.25651607040739494,0.0031903885322791745,0.024340860454377767,0.02126925930113436,0.02035579469014759,0.002148223888810696,0.0037461403614715227,0.003581180947548654,0.00012020741258969977,0.41876512438463015,9.875646939803113,0.00984944326977288
0.12,0.04,0.0,10,False,inf,91.83865451870068,16.350909301312097,151.80263611899525,9.493572946412087,0.4602529357301176,0.2537878971846574,0.003704716329310304,0.02038409050395734,0.026225787476039677,0.003908196843223018,0.0015384138493096946,0.0014077588120615199,0.0030671094393433934,9.771745351894099e-05,0.4602529357301176,10.716444487502452,0.013253329063847984
0.12,0.04,0.0,11,True,1.5054999999998897,1.1823166454326814,8.185490131431623,162.0014658992006,9.652827672992034,0.2575570642568812,0.046235213021190325,0.0008758319652234292,0.03496389312200575,0.021232963867713863,0.0007510764828339755,0.0004437782537323678,0.0037846330688811086,0.0012112617284625905,1.4211044766893634e-05,0.5146261591423446,10.17437259788254,0.00868993123729791
0.12,0.04,0.0,12,True,1.4354999999998974,0.1225211976594162,0.5542449221114806,153.01080872253883,9.4694567454565,0.29986152355620704,0.07045691120514322,0.0010838336019541883,0.057337647142971224,0.012165048459874749,0.004693838148510661,0.0010496677217878725,0.0016916237397697179,0.003011337228318354,1.3656639817761454e-05,0.5092161748652868,10.556601227494834,0.005028270321866201
0.12,0.04,0.0,13,True,1.8604999999998506,0.9249058238973865,5.831998766215241,153.84931109100444,9.23518034688161,0.4486987958232938,0.11168538406046447,0.0031602170290511893,0.05276512574660295,0.025842514773255526,0.0068446497361148734,0.00023159837315526422,0.00383939734133819,0.0028413750731413057,1.0071496504630682e-05,0.5106823465188471,10.761548012689753,0.007862966041661704
0.12,0.04,0.0,14,False,inf,89.26729184580549,10.456804599798232,165.31001062918918,9.504664970581313,0.43950072082348474,0.16384199001642583,0.002979344988679685,0.028047333341712825,0.023460264722805206,0.022517857178019643,0.001923952442364494,0.002645089626439942,0.00328694026759358,6.957465863408183e-05,0.46458555040672866,10.094407449984567,0.012463223600913117
0.12,0.04,0.0,15,True,3.6605000000003898,0.8476405603187895,6.117191060143474,285.2265825906174,9.601342025931029,0.4635290062633226,0.12650759820564467,0.002341415082513897,0.05079085556680287,0.015576948671442846,0.001173860694578235,0.001714791771101193,0.0014387362801707927,0.0031563141306264137,2.547831869663868e-05,0.4635290062633226,10.747204198879444,0.012814660277720307
0.12,0.04,0.002,0,True,1.7604999999998616,0.20864532394642174,1.994703486186908,198.36755968785093,9.878042873008376,0.47253699911240404,0.21677084538405686,0.0021244856490258636,0.023489335688193516,0.008901417526596284,0.00043269248631363886,0.0024398107176008175,0.0037382667318331653,0.0028199073273015396,7.210319823797473e-05,0.47253699911240404,10.68108713915643,0.013158535541215322
0.12,0.04,0.002,1,True,2.145499999999884,0.12142587532924586,0.5419056951636567,186.9542681644737,8.333595592429186,0.4731577435179982,0.15570629213893783,0.001708156019624724,0.057523184816296764,0.011171511479831942,0.0248355844496532,0.0009354943560314564,0.0022699793469177273,0.0034831077814613254,3.0286949087099423e-05,0.4731577435179982,9.212803007193706,0.012535131086748067
0.12,0.04,0.002,2,True,2.1504999999998855,0.5603998910935807,4.52991544037165,246.92094451650124,9.89254687165964,0.3022216700961637,0.051593915235461876,0.0011044052733180985,0.024924557170706164,0.025912966293074165,0.0024063537379950413,0.001800301577896962,0.003185681580435384,0.0015637032200998104,1.161067493821754e-05,0.444596814262228,10.231888726552896,0.010622656627804278
0.12,0.04,0.002,3,True,1.820499999999855,0.716194492050006,5.57071214629075,214.7980029578386,9.10403364802512,0.18721931161240468,0.03908885934005243,0.0008127017608135093,0.021840525329804985,0.02562803823454073,0.015240966464155783,0.00028238592672119757,0.0022993808207094216,0.0024371538944225023,1.5412303097482646e-05,0.49239602374655833,9.352126819818665,0.008912281904956621
0.12,0.04,0.002,4,True,1.7954999999998578,0.0928879957716316,0.6690013764306187,220.70025371362,9.324253970608709,0.5066500685155163,0.14220692586612063,0.0036220599140287797,0.03556637764071808,0.02947736152556949,0.002116282156798607,0.0018220674959850889,0.0021294597531318175,0.0034057036209574217,1.60420785683912e-05,0.5066500685155163,10.048268349666515,0.014022150797159886
0.12,0.04,0.002,5,True,1.7454999999998633,0.12542560791994492,0.8673908248082998,210.94664762239822,9.232854343908057,0.4210708019156255,0.15632052907975655,0.002847440277994798,0.05039703948682469,0.019337162342927122,0.0074822626339227484,0.0001617921071449693,0.002150106642356555,0.002225419616259996,1.1304406335961537e-05,0.4210708019156255,10.784801797232584,0.011523691115879878
0.12,0.04,0.002,6,True,1.7354999999998644,0.0988194577978126,0.5004558253103429,207.06415410257748,8.94612719735227,0.4867114367610584,0.1156626157888099,0.0017884136569469048,0.027163543490666922,0.01611947927549832,0.009804302396366918,0.0029623349705594,0.002898268817821438,0.003022971791513481,2.4438083011449394e-05,0.4867114367610584,9.367174052139356,0.005517292319837753
0.12,0.04,0.002,7,True,2.230499999999912,1.5654289759074913,12.113712377228879,209.88361165943886,8.986719166852724,0.3200391589183752,0.10163474951194956,0.0020809973356412242,0.05486069004847877,0.025065085185394256,0.005895910446750368,0.0009004988547336763,0.003620660336188786,0.0010157959136967243,9.243566384669972e-05,0.49889522059021285,9.925295980985247,0.008030324268193136
0.12,0.04,0.002,8,True,1.6954999999998688,0.10106650171798338,0.39971102486916493,189.53852001098343,8.728035002552836,0.38247048964635155,0.09272469453970583,0.001237666433073275,0.059363842166896275,0.015011638446681368,0.020644162864735433,0.0026096895350886484,0.002173254419617582,0.0023136456193683964,2.7440165521545802e-05,0.4271231740331686,9.94314245206847,0.007413521450846823
0.12,0.04,0.002,9,True,4.5055000000002225,1.5400652073714163,12.442322499964671,329.2180980612768,9.4730014117841,0.41876512438463015,0.17510857777094557,0.0031903885322791745,0.024340860454377767,0.02126925930113436,0.02035579469014759,0.002148223888810696,0.0037461403614715227,0.003581180947548654,0.00012020741258969977,0.41876512438463015,9.875646939803113,0.00984944326977288
0.12,0.04,0.002,10,True,2.280499999999929,1.2261917629840169,8.476888798888458,217.9431521762848,9.598047218978905,0.4602529357301176,0.15691632755349033,0.003704716329310304,0.02038409050395734,0.026225787476039677,0.003908196843223018,0.0015384138493096946,0.0014077588120615199,0.0030671094393433934,9.771745351894099e-05,0.4602529357301176,10.716444487502452,0.013253329063847984
0.12,0.04,0.002,11,True,3.9355000000004816,0.692443464655413,5.511606224666498,241.33010790047274,9.719334547439013,0.3108559129346715,0.05244992083266882,0.0008758319652234292,0.03496389312200575,0.021232963867713863,0.0007510764828339755,0.0004437782537323678,0.0037846330688811086,0.0012112617284625905,1.4211044766893634e-05,0.5146261591423446,10.17437259788254,0.00868993123729791
0.12,0.04,0.002,12,True,1.965499999999839,0.09616828383080478,0.4599550158492384,225.2726413372426,9.464939010466276,0.47836776209527826,0.0918165364172859,0.0010838336019541883,0.057337647142971224,0.012165048459874749,0.004693838148510661,0.0010496677217878725,0.0016916237397697179,0.003011337228318354,1.3656639817761454e-05,0.5092161748652868,10.556601227494834,0.005028270321866201
0.12,0.04,0.002,13,True,1.8004999999998572,0.3476646645838298,2.695829764633336,219.97801537672032,9.406791540407118,0.48996036287726896,0.14000508790086222,0.0031602170290511893,0.05276512574660295,0.025842514773255526,0.0068446497361148734,0.00023159837315526422,0.00383939734133819,0.0028413750731413057,1.0071496504630682e-05,0.5106823465188471,10.761548012689753,0.007862966041661704
0.12,0.04,0.002,14,True,1.77549999999986,0.7922473624807815,6.152833699350867,217.59541660078844,9.38560920028822,0.46458555040672866,0.13232141411508916,0.002979344988679685,0.028047333341712825,0.023460264722805206,0.022517857178019643,0.001923952442364494,0.002645089626439942,0.00328694026759358,6.957465863408183e-05,0.46458555040672866,10.094407449984567,0.012463223600913117
0.12,0.04,0.002,15,True,1.8354999999998534,0.09846748271752923,0.49274912363528417,211.95547715972126,9.50646870801989,0.4635290062633226,0.15886549559038773,0.002341415082513897,0.05079085556680287,0.015576948671442846,0.001173860694578235,0.001714791771101193,0.0014387362801707927,0.0031563141306264137,2.547831869663868e-05,0.4635290062633226,10.747204198879444,0.012814660277720307
0.12,0.04,0.004,0,True,1.8554999999998512,0.1905051114245339,0.6816208103055649,207.22224034001803,9.869717186362227,0.47253699911240404,0.22584892236017087,0.0021244856490258636,0.023489335688193516,0.008901417526596284,0.00043269248631363886,0.0024398107176008175,0.0037382667318331653,0.0028199073273015396,7.210319823797473e-05,0.47253699911240404,10.68108713915643,0.013158535541215322
0.12,0.04,0.004,1,True,2.200499999999902,0.11413595024351113,0.4584639988390132,190.92339217594915,8.330252742066817,0.4731577435179982,0.1643178968351451,0.001708156019624724,0.057523184816296764,0.011171511479831942,0.0248355844496532,0.0009354943560314564,0.0022699793469177273,0.0034831077814613254,3.0286949087099423e-05,0.4731577435179982,9.212803007193706,0.012535131086748067
0.12,0.04,0.004,2,True,2.215499999999907,0.5167951261865277,4.1068024924736894,256.3433907374779,9.903190032395239,0.33307543678074525,0.05228236763294907,0.0011044052733180985,0.024924557170706164,0.025912966293074165,0.0024063537379950413,0.001800301577896962,0.003185681580435384,0.0015637032200998104,1.161067493821754e-05,0.444596814262228,10.231888726552896,0.010622656627804278
0.12,0.04,0.004,3,True,1.86549999999985,0.6397418142631686,5.078773280947749,223.55150532475733,9.1003815102274,0.1978613094009372,0.04066598575083646,0.0008127017608135093,0.021840525329804985,0.02562803823454073,0.015240966464155783,0.00028238592672119757,0.0022993808207094216,0.0024371538944225023,1.5412303097482646e-05,0.49239602374655833,9.352126819818665,0.008912281904956621
0.12,0.04,0.004,4,True,1.8404999999998528,0.10212582537129934,0.909534770339678,238.2044436507805,9.388787912886372,0.5066500685155163,0.14266027253356406,0.0036220599140287797,0.03556637764071808,0.02947736152556949,0.002116282156798607,0.0018220674959850889,0.0021294597531318175,0.0034057036209574217,1.60420785683912e-05,0.5066500685155163,10.048268349666515,0.014022150797159886
0.12,0.04,0.004,5,True,1.7954999999998578,0.1685640761798013,1.3783939210741458,223.02770712584226,9.256851835506614,0.4210708019156255,0.16590390769303875,0.002847440277994798,0.05039703948682469,0.019337162342927122,0.0074822626339227484,0.0001617921071449693,0.002150106642356555,0.002225419616259996,1.1304406335961537e-05,0.4210708019156255,10.784801797232584,0.011523691115879878
0.12,0.04,0.004,6,True,1.7704999999998605,0.1047155825523124,0.43692772756506054,219.75775809683415,8.942452932731875,0.47387423210980023,0.1197002369643563,0.0017884136569469048,0.027163543490666922,0.01611947927549832,0.009804302396366918,0.0029623349705594,0.002898268817821438,0.003022971791513481,2.4438083011449394e-05,0.4867114367610584,9.367174052139356,0.005517292319837753
0.12,0.04,0.004,7,True,1.7904999999998583,1.006677090675623,8.638299266603168,217.32435870813146,8.982426898963096,0.32655956513806195,0.10039950668884805,0.0020809973356412242,0.05486069004847877,0.025065085185394256,0.005895910446750368,0.0009004988547336763,0.003620660336188786,0.0010157959136967243,9.243566384669972e-05,0.49889522059021285,9.925295980985247,0.008030324268193136
0.12,0.04,0.004,8,True,1.7504999999998627,0.16274064432715818,0.9759758871043558,201.89239984573456,8.726044103406378,0.3719704764356326,0.0928059557430688,0.001237666433073275,0.059363842166896275,0.015011638446681368,0.020644162864735433,0.0026096895350886484,0.002173254419617582,0.0023136456193683964,2.7440165521545802e-05,0.4271231740331686,9.94314245206847,0.007413521450846823
0.12,0.04,0.004,9,True,2.3654999999999573,0.3915263465578821,3.8229863347413326,251.3741969640023,9.480020453217026,0.41876512438463015,0.18188486219953007,0.0031903885322791745,0.024340860454377767,0.02126925930113436,0.02035579469014759,0.002148223888810696,0.0037461403614715227,0.003581180947548654,0.00012020741258969977,0.41876512438463015,9.875646939803113,0.00984944326977288
0.12,0.04,0.004,10,True,1.8554999999998512,0.4278615771089759,3.3644212905633757,226.50333303758353,9.617219685195911,0.4602529357301176,0.1536711903813635,0.003704716329310304,0.02038409050395734,0.026225787476039677,0.003908196843223018,0.0015384138493096946,0.0014077588120615199,0.0030671094393433934,9.771745351894099e-05,0.4602529357301176,10.716444487502452,0.013253329063847984
0.12,0.04,0.004,11,True,2.190499999999899,0.6718984124338185,5.293672400982672,253.12313742820035,9.641653535592491,0.28209210647322963,0.05445768043826974,0.0008758319652234292,0.03496389312200575,0.021232963867713863,0.0007510764828339755,0.0004437782537323678,0.0037846330688811086,0.0012112617284625905,1.4211044766893634e-05,0.5146261591423446,10.17437259788254,0.00868993123729791
0.12,0.04,0.004,12,True,1.9804999999998374,0.10910864373472025,0.5604248125922456,234.03887798065946,9.455419127284763,0.4673599015139541,0.09582141945963507,0.0010838336019541883,0.057337647142971224,0.012165048459874749,0.004693838148510661,0.0010496677217878725,0.0016916237397697179,0.003011337228318354,1.3656639817761454e-05,0.5092161748652868,10.556601227494834,0.005028270321866201
0.12,0.04,0.004,13,True,1.8454999999998523,0.1346009620008067,0.9713181846842693,229.469959579242,9.402881230187536,0.5106823465188471,0.14162019746397247,0.0031602170290511893,0.05276512574660295,0.025842514773255526,0.0068446497361148734,0.00023159837315526422,0.00383939734133819,0.0028413750731413057,1.0071496504630682e-05,0.5106823465188471,10.761548012689753,0.007862966041661704
0.12,0.04,0.004,14,True,1.8054999999998567,0.14164426185084936,0.9546077574843904,228.64603209588756,9.38273564934607,0.46458555040672866,0.13496997116146425,0.002979344988679685,0.028047333341712825,0.023460264722805206,0.022517857178019643,0.001923952442364494,0.002645089626439942,0.00328694026759358,6.957465863408183e-05,0.46458555040672866,10.094407449984567,0.012463223600913117
0.12,0.04,0.004,15,True,1.8854999999998479,0.10988670654133444,0.5500497251169076,216.338247634837,9.46945044969863,0.4635290062633226,0.16229497111777533,0.002341415082513897,0.05079085556680287,0.015576948671442846,0.001173860694578235,0.001714791771101193,0.0014387362801707927,0.0031563141306264137,2.547831869663868e-05,0.4635290062633226,10.747204198879444,0.012814660277720307
0.12,0.04,0.008,0,True,1.8854999999998479,0.20360868026592202,1.626064075304962,216.49213158719394,9.869045931605934,0.47253699911240404,0.2284154385752585,0.0021244856490258636,0.023489335688193516,0.008901417526596284,0.00043269248631363886,0.0024398107176008175,0.0037382667318331653,0.0028199073273015396,7.210319823797473e-05,0.47253699911240404,10.68108713915643,0.013158535541215322
0.12,0.04,0.008,1,True,2.220499999999909,0.10366580632160702,0.39919399391407695,199.55399459493424,8.326450604805341,0.4731577435179982,0.1680223544156063,0.001708156019624724,0.057523184816296764,0.011171511479831942,0.0248355844496532,0.0009354943560314564,0.0022699793469177273,0.0034831077814613254,3.0286949087099423e-05,0.4731577435179982,9.212803007193706,0.012535131086748067
0.12,0.04,0.008,2,True,3.8755000000004616,0.45772617585259723,3.7093316843490003,378.46323506290827,9.864444293748734,0.4000175089496414,0.05426656666373266,0.0011044052733180985,0.024924557170706164,0.025912966293074165,0.0024063537379950413,0.001800301577896962,0.003185681580435384,0.0015637032200998104,1.161067493821754e-05,0.444596814262228,10.231888726552896,0.010622656627804278
0.12,0.04,0.008,3,True,1.8804999999998484,0.5960759385495802,4.821824810703674,237.68592870681059,9.099235802990213,0.1620415872731854,0.0414080218311141,0.0008127017608135093,0.021840525329804985,0.02562803823454073,0.015240966464155783,0.00028238592672119757,0.0022993808207094216,0.0024371538944225023,1.5412303097482646e-05,0.49239602374655833,9.352126819818665,0.008912281904956621
0.12,0.04,0.008,4,True,1.8804999999998484,0.09810298887844936,0.8810013822264858,244.3661650666607,9.383388299927066,0.5066500685155163,0.14968670505503714,0.0036220599140287797,0.03556637764071808,0.02947736152556949,0.002116282156798607,0.0018220674959850889,0.0021294597531318175,0.0034057036209574217,1.60420785683912e-05,0.5066500685155163,10.048268349666515,0.014022150797159886
0.12,0.04,0.008,5,True,1.8554999999998512,0.172738884080151,1.4587729937875717,231.3941104369152,9.2510320478442,0.4210708019156255,0.1714739161099892,0.002847440277994798,0.05039703948682469,0.019337162342927122,0.0074822626339227484,0.0001617921071449693,0.002150106642356555,0.002225419616259996,1.1304406335961537e-05,0.4210708019156255,10.784801797232584,0.011523691115879878
0.12,0.04,0.008,6,True,1.8104999999998561,0.104963588896084,0.45076148572762387,222.0821783103302,8.936247807036212,0.48425225430831226,0.12165189224538736,0.0017884136569469048,0.027163543490666922,0.01611947927549832,0.009804302396366918,0.0029623349705594,0.002898268817821438,0.003022971791513481,2.4438083011449394e-05,0.4867114367610584,9.367174052139356,0.005517292319837753
0.12,0.04,0.008,7,True,1.8254999999998545,0.6946147007323581,6.166822955589174,225.9370089427145,8.97221966568543,0.35499921465694745,0.10075794446998851,0.0020809973356412242,0.05486069004847877,0.025065085185394256,0.005895910446750368,0.0009004988547336763,0.003620660336188786,0.0010157959136967243,9.243566384669972e-05,0.49889522059021285,9.925295980985247,0.008030324268193136
0.12,0.04,0.008,8,True,2.2754999999999272,0.13153478039838304,0.8142766140093242,212.45062945484457,8.723201328673426,0.36585515741326635,0.09463274895046538,0.001237666433073275,0.059363842166896275,0.015011638446681368,0.020644162864735433,0.0026096895350886484,0.002173254419617582,0.0023136456193683964,2.7440165521545802e-05,0.4271231740331686,9.94314245206847,0.007413521450846823
0.12,0.04,0.008,9,True,2.3954999999999673,0.1732140327033273,1.3102193273588252,255.2670593821781,9.478861265740525,0.41876512438463015,0.18411687091261328,0.0031903885322791745,0.024340860454377767,0.02126925930113436,0.02035579469014759,0.002148223888810696,0.0037461403614715227,0.003581180947548654,0.00012020741258969977,0.41876512438463015,9.875646939803113,0.00984944326977288
0.12,0.04,0.008,10,True,1.8854999999998479,0.1434298986729403,1.0629031013674697,233.5356034484417,9.600355287138578,0.4602529357301176,0.1565942589525769,0.003704716329310304,0.02038409050395734,0.026225787476039677,0.003908196843223018,0.0015384138493096946,0.0014077588120615199,0.0030671094393433934,9.771745351894099e-05,0.4602529357301176,10.716444487502452,0.013253329063847984
0.12,0.04,0.008,11,True,2.1054999999998705,0.6066871978658495,4.951202896067545,249.6152485848155,9.653700059910607,0.3922661638235387,0.055198867945535794,0.0008758319652234292,0.03496389312200575,0.021232963867713863,0.0007510764828339755,0.0004437782537323678,0.0037846330688811086,0.0012112617284625905,1.4211044766893634e-05,0.5146261591423446,10.17437259788254,0.00868993123729791
0.12,0.04,0.008,12,True,1.9404999999998418,0.12283878246915496,0.5738060066778454,239.51612180463871,9.436389489334237,0.4471750530228084,0.09814970233937706,0.0010838336019541883,0.057337647142971224,0.012165048459874749,0.004693838148510661,0.0010496677217878725,0.0016916237397697179,0.003011337228318354,1.3656639817761454e-05,0.5092161748652868,10.556601227494834,0.005028270321866201
0.12,0.04,0.008,13,True,1.8604999999998506,0.28012890309570226,2.1071332036393313,239.71404065420543,9.371203959522752,0.5106823465188471,0.14780492600647335,0.0031602170290511893,0.05276512574660295,0.025842514773255526,0.0068446497361148734,0.00023159837315526422,0.00383939734133819,0.0028413750731413057,1.0071496504630682e-05,0.5106823465188471,10.761548012689753,0.007862966041661704
0.12,0.04,0.008,14,True,1.8504999999998517,0.11359218185177271,0.784586432150343,231.31961485569934,9.376485865416763,0.46458555040672866,0.13874799409023847,0.002979344988679685,0.028047333341712825,0.023460264722805206,0.022517857178019643,0.001923952442364494,0.002645089626439942,0.00328694026759358,6.957465863408183e-05,0.46458555040672866,10.094407449984567,0.012463223600913117
0.12,0.04,0.008,15,True,1.8904999999998473,0.13877317688684776,0.7634983799072271,221.36507892251583,9.463553305394367,0.4635290062633226,0.16895930266858628,0.002341415082513897,0.05079085556680287,0.015576948671442846,0.001173860694578235,0.001714791771101193,0.0014387362801707927,0.0031563141306264137,2.547831869663868e-05,0.4635290062633226,10.747204198879444,0.012814660277720307
0.12,0.05,0.0,0,False,inf,88.13374940457335,12.722339563736591,232.6750469426186,9.869084663175848,0.46606416578058135,0.1031917412607872,0.0021244856490258636,0.023489335688193516,0.008901417526596284,0.00043269248631363886,0.0024398107176008175,0.0037382667318331653,0.0028199073273015396,7.210319823797473e-05,0.47253699911240404,10.68108713915643,0.013158535541215322
0.12,0.05,0.0,1,True,1.32049999999991,0.15511858336371012,0.6007123321087314,130.05322408743794,8.328250711048387,0.3560897368563426,0.0978149382387051,0.001708156019624724,0.057523184816296764,0.011171511479831942,0.0248355844496532,0.0009354943560314564,0.0022699793469177273,0.0034831077814613254,3.0286949087099423e-05,0.4731577435179982,9.212803007193706,0.012535131086748067
0.12,0.05,0.0,2,True,1.1654999999999271,1.239113045995977,6.320118068243319,169.26243669069908,9.897828788618524,0.27356247169173575,0.038515502611837824,0.0011044052733180985,0.024924557170706164,0.025912966293074165,0.0024063537379950413,0.001800301577896962,0.003185681580435384,0.0015637032200998104,1.161067493821754e-05,0.444596814262228,10.231888726552896,0.010622656627804278
0.12,0.05,0.0,3,True,1.0704999999999376,1.5299965200442367,8.317144319701173,145.43823714091826,9.104824765090061,0.1471392453372221,0.03175657426782466,0.0008127017608135093,0.021840525329804985,0.02562803823454073,0.015240966464155783,0.00028238592672119757,0.0022993808207094216,0.0024371538944225023,1.5412303097482646e-05,0.49239602374655833,9.352126819818665,0.008912281904956621
0.12,0.05,0.0,4,True,1.485499999999892,1.4398458902806044,6.6092969396695995,151.37843708402974,9.344105516263078,0.49834615082761835,0.09932522300622001,0.0036220599140287797,0.03556637764071808,0.02947736152556949,0.002116282156798607,0.0018220674959850889,0.0021294597531318175,0.0034057036209574217,1.60420785683912e-05,0.5066500685155163,10.048268349666515,0.014022150797159886
0.12,0.05,0.0,5,True,1.430499999999898,0.11543492955356494,0.48661292230840697,142.6029514363004,9.175039258038169,0.3914732741439889,0.0998865823000847,0.002847440277994798,0.05039703948682469,0.019337162342927122,0.0074822626339227484,0.0001617921071449693,0.002150106642356555,0.002225419616259996,1.1304406335961537e-05,0.4210708019156255,10.784801797232584,0.011523691115879878
0.12,0.05,0.0,6,True,1.4254999999998985,0.9252543782951624,4.967064342553541,138.60247825728675,8.941433679001465,0.2924129035138341,0.07509017271067327,0.0017884136569469048,0.027163543490666922,0.01611947927549832,0.009804302396366918,0.0029623349705594,0.002898268817821438,0.003022971791513481,2.4438083011449394e-05,0.4867114367610584,9.367174052139356,0.005517292319837753
0.12,0.05,0.0,7,False,inf,90.32398787895735,14.751489018140935,159.9022020557954,8.948045012501478,0.3212103311083199,0.12319108839637782,0.0020809973356412242,0.05486069004847877,0.025065085185394256,0.005895910446750368,0.0009004988547336763,0.003620660336188786,0.0010157959136967243,9.243566384669972e-05,0.49889522059021285,9.925295980985247,0.008030324268193136
0.12,0.05,0.0,8,True,1.3904999999999024,1.3228234007925173,7.630283354105852,129.61783831045094,8.728443677754305,0.24606084544448326,0.07362628747109143,0.001237666433073275,0.059363842166896275,0.015011638446681368,0.020644162864735433,0.0026096895350886484,0.002173254419617582,0.0023136456193683964,2.7440165521545802e-05,0.4271231740331686,9.94314245206847,0.007413521450846823
0.12,0.05,0.0,9,False,inf,90.10322700558048,12.26918752608003,162.93569561686888,9.105443489302695,0.41876512438463015,0.2009066807349229,0.0031903885322791745,0.024340860454377767,0.02126925930113436,0.02035579469014759,0.002148223888810696,0.0037461403614715227,0.003581180947548654,0.00012020741258969977,0.41876512438463015,9.875646939803113,0.00984944326977288
0.12,0.05,0.0,10,False,inf,88.88965957459615,10.80281084968985,150.74747177691756,9.49112321212629,0.4602529357301176,0.19541047066466627,0.003704716329310304,0.02038409050395734,0.026225787476039677,0.003908196843223018,0.0015384138493096946,0.0014077588120615199,0.0030671094393433934,9.771745351894099e-05,0.4602529357301176,10.716444487502452,0.013253329063847984
0.12,0.05,0.0,11,True,1.130499999999931,1.3309981576596117,7.749648445761951,156.930115223986,9.652366561480537,0.20710446318375014,0.04186462785370099,0.0008758319652234292,0.03496389312200575,0.021232963867713863,0.0007510764828339755,0.0004437782537323678,0.0037846330688811086,0.0012112617284625905,1.4211044766893634e-05,0.5146261591423446,10.17437259788254,0.00868993123729791
0.12,0.05,0.0,12,True,1.075499999999937,0.2306673094100811,0.9415806458997373,148.8017614318051,9.469125170090587,0.2872950571119725,0.059908582962913945,0.0010838336019541883,0.057337647142971224,0.012165048459874749,0.004693838148510661,0.0010496677217878725,0.0016916237397697179,0.003011337228318354,1.3656639817761454e-05,0.5092161748652868,10.556601227494834,0.005028270321866201
0.12,0.05,0.0,13,True,1.485499999999892,1.0811016163108846,5.417336309620619,150.6047471794267,9.235317491061673,0.4510212915625459,0.09651218994823177,0.0031602170290511893,0.05276512574660295,0.025842514773255526,0.0068446497361148734,0.00023159837315526422,0.00383939734133819,0.0028413750731413057,1.0071496504630682e-05,0.5106823465188471,10.761548012689753,0.007862966041661704
0.12,0.05,0.0,14,False,inf,86.1063061012579,179.74373615803685,532.4304745495322,9.45666776907811,0.46458555040672866,0.1567674291561721,0.002979344988679685,0.028047333341712825,0.023460264722805206,0.022517857178019643,0.001923952442364494,0.002645089626439942,0.00328694026759358,6.957465863408183e-05,0.46458555040672866,10.094407449984567,0.012463223600913117
0.12,0.05,0.0,15,True,1.4454999999998963,1.0478648092153457,5.602764042486518,143.76707662746833,9.391083244964676,0.39731703288176456,0.10688799427847716,0.002341415082513897,0.05079085556680287,0.015576948671442846,0.001173860694578235,0.001714791771101193,0.0014387362801707927,0.0031563141306264137,2.547831869663868e-05,0.4635290062633226,10.747204198879444,0.012814660277720307
0.12,0.05,0.002,0,True,1.285499999999914,0.17675044126030878,1.065277460635234,185.48902592837797,9.705480855968691,0.47253699911240404,0.17727739506893,0.0021244856490258636,0.023489335688193516,0.008901417526596284,0.00043269248631363886,0.0024398107176008175,0.0037382667318331653,0.0028199073273015396,7.210319823797473e-05,0.47253699911240404,10.68108713915643,0.013158535541215322
0.12,0.05,0.002,1,True,1.6704999999998715,0.1117896234454367,0.36995433243789216,161.02807920860855,8.329448027459978,0.396905968853433,0.12791932251412028,0.001708156019624724,0.057523184816296764,0.011171511479831942,0.0248355844496532,0.0009354943560314564,0.0022699793469177273,0.0034831077814613254,3.0286949087099423e-05,0.4731577435179982,9.212803007193706,0.012535131086748067
0.12,0.05,0.002,2,True,2.2604999999999222,0.7107341606438249,4.57639233111573,228.3516986791099,9.893709400982452,0.29252909622805157,0.043555923697674595,0.0011044052733180985,0.024924557170706164,0.025912966293074165,0.0024063537379950413,0.001800301577896962,0.003185681580435384,0.0015637032200998104,1.161067493821754e-05,0.444596814262228,10.231888726552896,0.010622656627804278
0.12,0.05,0.002,3,True,2.2404999999999156,0.8288897150310486,5.493786415775802,226.17059953662593,9.115842749127964,0.24313051110865963,0.03446693511155289,0.0008127017608135093,0.021840525329804985,0.02562803823454073,0.015240966464155783,0.00028238592672119757,0.0022993808207094216,0.0024371538944225023,1.5412303097482646e-05,0.49239602374655833,9.352126819818665,0.008912281904956621
0.12,0.05,0.002,4,True,1.8454999999998523,0.3282979403422873,2.068383439729917,208.92040168029416,9.32351768934692,0.5002276527196735,0.11897745031488834,0.0036220599140287797,0.03556637764071808,0.02947736152556949,0.002116282156798607,0.0018220674959850889,0.0021294597531318175,0.0034057036209574217,1.60420785683912e-05,0.5066500685155163,10.048268349666515,0.014022150797159886
0.12,0.05,0.002,5,True,1.9454999999998412,0.09309735330427713,0.3667371391966506,193.60256032460822,9.170999947331076,0.4210708019156255,0.13046050082246405,0.002847440277994798,0.05039703948682469,0.019337162342927122,0.0074822626339227484,0.0001617921071449693,0.002150106642356555,0.002225419616259996,1.1304406335961537e-05,0.4210708019156255,10.784801797232584,0.011523691115879878
0.12,0.05,0.002,6,True,1.9604999999998396,0.09461291334934809,0.3701257166002163,188.6489961948511,8.942083564086918,0.46999894000024794,0.09501161230458047,0.0017884136569469048,0.027163543490666922,0.01611947927549832,0.009804302396366918,0.0029623349705594,0.002898268817821438,0.003022971791513481,2.4438083011449394e-05,0.4867114367610584,9.367174052139356,0.005517292319837753
0.12,0.05,0.002,7,True,1.8054999999998567,1.778897679325839,11.267719804500832,200.83673462848458,8.98222377228359,0.31888022886371303,0.08682559885605243,0.0020809973356412242,0.05486069004847877,0.025065085185394256,0.005895910446750368,0.0009004988547336763,0.003620660336188786,0.0010157959136967243,9.243566384669972e-05,0.49889522059021285,9.925295980985247,0.008030324268193136
0.12,0.05,0.002,8,True,1.8854999999998479,0.12317723247141873,0.6092654190066129,180.22506978954237,8.72436773448374,0.317910880572322,0.07539591473975787,0.001237666433073275,0.059363842166896275,0.015011638446681368,0.020644162864735433,0.0026096895350886484,0.002173254419617582,0.0023136456193683964,2.7440165521545802e-05,0.4271231740331686,9.94314245206847,0.007413521450846823
0.12,0.05,0.002,9,True,1.7904999999998583,1.4552467906620186,9.055338079299387,218.49335413540558,9.474756919648707,0.41876512438463015,0.14939298453289573,0.0031903885322791745,0.024340860454377767,0.02126925930113436,0.02035579469014759,0.002148223888810696,0.0037461403614715227,0.003581180947548654,0.00012020741258969977,0.41876512438463015,9.875646939803113,0.00984944326977288
0.12,0.05,0.002,10,True,1.8154999999998556,1.3627973706155851,7.984232721590274,206.3620597300751,9.570951771084797,0.4602529357301176,0.12672708131074195,0.003704716329310304,0.02038409050395734,0.026225787476039677,0.003908196843223018,0.0015384138493096946,0.0014077588120615199,0.0030671094393433934,9.771745351894099e-05,0.4602529357301176,10.716444487502452,0.013253329063847984
0.12,0.05,0.002,11,True,1.420499999999899,0.8656601424648129,5.550245924600739,213.02183472540952,9.647408673998163,0.30872233495199175,0.047252160583941036,0.0008758319652234292,0.03496389312200575,0.021232963867713863,0.0007510764828339755,0.0004437782537323678,0.0037846330688811086,0.0012112617284625905,1.4211044766893634e-05,0.5146261591423446,10.17437259788254,0.00868993123729791
0.12,0.05,0.002,12,True,1.3404999999999079,0.13084259725179487,0.6194050098250734,204.57914998552164,9.460707672234696,0.4179321825179423,0.0776914128692445,0.0010838336019541883,0.057337647142971224,0.012165048459874749,0.004693838148510661,0.0010496677217878725,0.0016916237397697179,0.003011337228318354,1.3656639817761454e-05,0.5092161748652868,10.556601227494834,0.005028270321866201
0.12,0.05,0.002,13,True,3.625500000000378,0.5365855487942301,3.2951898525794956,406.70158249776847,9.478402734767236,0.5106823465188471,0.11673713692661279,0.0031602170290511893,0.05276512574660295,0.025842514773255526,0.0068446497361148734,0.00023159837315526422,0.00383939734133819,0.0028413750731413057,1.0071496504630682e-05,0.5106823465188471,10.761548012689753,0.007862966041661704
0.12,0.05,0.002,14,True,1.820499999999855,0.8388421258581329,5.3253685413691585,207.73986416495276,9.383948840101693,0.4306839220628238,0.1113846838290852,0.002979344988679685,0.028047333341712825,0.023460264722805206,0.022517857178019643,0.001923952442364494,0.002645089626439942,0.00328694026759358,6.957465863408183e-05,0.46458555040672866,10.094407449984567,0.012463223600913117
0.12,0.05,0.002,15,True,1.3454999999999073,0.10858044505297594,0.5522874375030606,193.54708136369874,9.441970991942037,0.4594849751607986,0.13224845350829367,0.002341415082513897,0.05079085556680287,0.015576948671442846,0.001173860694578235,0.001714791771101193,0.0014387362801707927,0.0031563141306264137,2.547831869663868e-05,0.4635290062633226,10.747204198879444,0.012814660277720307
0.12,0.05,0.004,0,True,1.3354999999999084,0.1626764226571626,0.5875572612088208,195.19550273136534,9.652567702933712,0.47253699911240404,0.18900709406799734,0.0021244856490258636,0.023489335688193516,0.008901417526596284,0.00043269248631363886,0.0024398107176008175,0.0037382667318331653,0.0028199073273015396,7.210319823797473e-05,0.47253699911240404,10.68108713915643,0.013158535541215322
0.12,0.05,0.004,1,True,1.720499999999866,0.10576321328531015,0.3236371691352983,174.822194555516,8.327276125586911,0.4731577435179982,0.13362311853103656,0.001708156019624724,0.057523184816296764,0.011171511479831942,0.0248355844496532,0.0009354943560314564,0.0022699793469177273,0.0034831077814613254,3.0286949087099423e-05,0.4731577435179982,9.212803007193706,0.012535131086748067
0.12,0.05,0.004,2,True,4.0905000000004526,0.6646175262951822,4.480681930836535,267.2565748935871,9.985453562650553,0.30069390494136833,0.04532803292950303,0.0011044052733180985,0.024924557170706164,0.025912966293074165,0.0024063537379950413,0.001800301577896962,0.003185681580435384,0.0015637032200998104,1.161067493821754e-05,0.444596814262228,10.231888726552896,0.010622656627804278
0.12,0.05,0.004,3,True,2.215499999999907,0.7739928392719208,5.098216686181994,212.01721385343757,9.123146728580117,0.26203353821914327,0.035822060000450504,0.0008127017608135093,0.021840525329804985,0.02562803823454073,0.015240966464155783,0.00028238592672119757,0.0022993808207094216,0.0024371538944225023,1.5412303097482646e-05,0.49239602374655833,9.352126819818665,0.008912281904956621
0.12,0.05,0.004,4,True,1.9004999999998462,0.2591068356394642,1.6317975503280442,214.5639999128122,9.38742887478104,0.5015386494459707,0.12134246224341884,0.0036220599140287797,0.03556637764071808,0.02947736152556949,0.002116282156798607,0.0018220674959850889,0.0021294597531318175,0.0034057036209574217,1.60420785683912e-05,0.5066500685155163,10.048268349666515,0.014022150797159886
0.12,0.05,0.004,5,True,2.005499999999837,0.0992290065393998,0.5184985781935499,206.2815524888277,9.167099163821268,0.4210708019156255,0.13813840443256495,0.002847440277994798,0.05039703948682469,0.019337162342927122,0.0074822626339227484,0.0001617921071449693,0.002150106642356555,0.002225419616259996,1.1304406335961537e-05,0.4210708019156255,10.784801797232584,0.011523691115879878
0.12,0.05,0.004,6,True,1.975499999999838,0.10304067016642313,0.4765089147563709,202.39949056278857,8.939594292123878,0.41781568411051767,0.09688327417700779,0.0017884136569469048,0.027163543490666922,0.01611947927549832,0.009804302396366918,0.0029623349705594,0.002898268817821438,0.003022971791513481,2.4438083011449394e-05,0.4867114367610584,9.367174052139356,0.005517292319837753
0.12,0.05,0.004,7,True,1.875499999999849,1.1199265111077377,7.587976888575657,203.3689890625317,8.975460634542278,0.34217748011528515,0.08800027327508002,0.0020809973356412242,0.05486069004847877,0.025065085185394256,0.005895910446750368,0.0009004988547336763,0.003620660336188786,0.0010157959136967243,9.243566384669972e-05,0.49889522059021285,9.925295980985247,0.008030324268193136
0.12,0.05,0.004,8,True,1.830499999999854,0.1987781583906548,1.1387060576961556,186.5859519531964,8.718621719810569,0.3522754655108058,0.07956871891690323,0.001237666433073275,0.059363842166896275,0.015011638446681368,0.020644162864735433,0.0026096895350886484,0.002173254419617582,0.0023136456193683964,2.7440165521545802e-05,0.4271231740331686,9.94314245206847,0.007413521450846823
0.12,0.05,0.004,9,True,1.830499999999854,0.4951446988969434,3.219772955262828,226.91375669226002,9.474361478152296,0.41876512438463015,0.15309249146829673,0.0031903885322791745,0.024340860454377767,0.02126925930113436,0.02035579469014759,0.002148223888810696,0.0037461403614715227,0.003581180947548654,0.00012020741258969977,0.41876512438463015,9.875646939803113,0.00984944326977288
0.12,0.05,0.004,10,True,1.8904999999998473,0.5185938845677708,3.4631173088509137,209.6463893981295,9.349624758456882,0.4602529357301176,0.12508926309993273,0.003704716329310304,0.02038409050395734,0.026225787476039677,0.003908196843223018,0.0015384138493096946,0.0014077588120615199,0.0030671094393433934,9.771745351894099e-05,0.4602529357301176,10.716444487502452,0.013253329063847984
0.12,0.05,0.004,11,True,2.340499999999949,0.7665436671097632,5.39184108272373,226.24019044318962,9.658156035349878,0.26453279750673253,0.0471293395565907,0.0008758319652234292,0.03496389312200575,0.021232963867713863,0.0007510764828339755,0.0004437782537323678,0.0037846330688811086,0.0012112617284625905,1.4211044766893634e-05,0.5146261591423446,10.17437259788254,0.00868993123729791
0.12,0.05,0.004,12,True,1.385499999999903,0.1338604113788645,0.6148222873117328,215.05825285060584,9.45620842188979,0.4687066390954207,0.08179584877737835,0.0010838336019541883,0.057337647142971224,0.012165048459874749,0.004693838148510661,0.0010496677217878725,0.0016916237397697179,0.003011337228318354,1.3656639817761454e-05,0.5092161748652868,10.556601227494834,0.005028270321866201
0.12,0.05,0.004,13,True,1.3654999999999051,0.4885027090751394,3.047145613864089,208.98940975493417,9.374425543449199,0.5106823465188471,0.12265368247645662,0.0031602170290511893,0.05276512574660295,0.025842514773255526,0.0068446497361148734,0.00023159837315526422,0.00383939734133819,0.0028413750731413057,1.0071496504630682e-05,0.5106823465188471,10.761548012689753,0.007862966041661704
0.12,0.05,0.004,14,True,1.8954999999998468,0.17011725893224544,0.8272880884585021,211.93892387117614,9.38082189938367,0.4518150157501571,0.11480759226000942,0.002979344988679685,0.028047333341712825,0.023460264722805206,0.022517857178019643,0.001923952442364494,0.002645089626439942,0.00328694026759358,6.957465863408183e-05,0.46458555040672866,10.094407449984567,0.012463223600913117
0.12,0.05,0.004,15,True,1.3954999999999018,0.09739358281892171,0.37703752399118917,201.27556171181442,9.439250834854235,0.4635290062633226,0.13888094711054527,0.002341415082513897,0.05079085556680287,0.015576948671442846,0.001173860694578235,0.001714791771101193,0.0014387362801707927,0.0031563141306264137,2.547831869663868e-05,0.4635290062633226,10.747204198879444,0.012814660277720307
0.12,0.05,0.008,0,True,1.3554999999999062,0.189629565148068,1.0296674834066797,197.49390640894603,9.569820288809899,0.47253699911240404,0.19292210532927648,0.0021244856490258636,0.023489335688193516,0.008901417526596284,0.00043269248631363886,0.0024398107176008175,0.0037382667318331653,0.0028199073273015396,7.210319823797473e-05,0.47253699911240404,10.68108713915643,0.013158535541215322
0.12,0.05,0.008,1,True,1.7154999999998666,0.10653092775692692,0.340914136260238,179.50372317360257,8.317834302863973,0.4731577435179982,0.13900517848795618,0.001708156019624724,0.057523184816296764,0.011171511479831942,0.0248355844496532,0.0009354943560314564,0.0022699793469177273,0.0034831077814613254,3.0286949087099423e-05,0.4731577435179982,9.212803007193706,0.012535131086748067
0.12,0.05,0.008,2,True,2.2854999999999306,0.6359332120602089,4.150594683085827,236.5686072807458,9.869578347568513,0.29684278402915315,0.04639287246206313,0.0011044052733180985,0.024924557170706164,0.025912966293074165,0.0024063537379950413,0.001800301577896962,0.003185681580435384,0.0015637032200998104,1.161067493821754e-05,0.444596814262228,10.231888726552896,0.010622656627804278
0.12,0.05,0.008,3,True,1.3704999999999046,0.7173318883114204,4.923610531215676,212.7786952185421,9.093787520038463,0.1449499777036671,0.03587704384569876,0.0008127017608135093,0.021840525329804985,0.02562803823454073,0.015240966464155783,0.00028238592672119757,0.0022993808207094216,0.0024371538944225023,1.5412303097482646e-05,0.49239602374655833,9.352126819818665,0.008912281904956621
0.12,0.05,0.008,4,True,1.920499999999844,0.24104529316226697,1.5656240037192974,222.04771685200595,9.354630957550844,0.5066500685155163,0.12176529647338916,0.0036220599140287797,0.03556637764071808,0.02947736152556949,0.002116282156798607,0.0018220674959850889,0.0021294597531318175,0.0034057036209574217,1.60420785683912e-05,0.5066500685155163,10.048268349666515,0.014022150797159886
0.12,0.05,0.008,5,True,1.8904999999998473,0.11117227545711386,0.6929207573465493,210.2489022255755,9.235931117783945,0.4170726672053127,0.1386853052092124,0.002847440277994798,0.05039703948682469,0.019337162342927122,0.0074822626339227484,0.0001617921071449693,0.002150106642356555,0.002225419616259996,1.1304406335961537e-05,0.4210708019156255,10.784801797232584,0.011523691115879878
0.12,0.05,0.008,6,True,1.8704999999998495,0.10169613672483985,0.37190934349791843,204.1392468047638,8.92770993135986,0.3974700925455234,0.09805294808751318,0.0017884136569469048,0.027163543490666922,0.01611947927549832,0.009804302396366918,0.0029623349705594,0.002898268817821438,0.003022971791513481,2.4438083011449394e-05,0.4867114367610584,9.367174052139356,0.005517292319837753
0.12,0.05,0.008,7,True,1.9054999999998457,0.8457623354739036,5.869505736801993,210.49344988389848,8.96231163601792,0.323308714913818,0.08671907358888876,0.0020809973356412242,0.05486069004847877,0.025065085185394256,0.005895910446750368,0.0009004988547336763,0.003620660336188786,0.0010157959136967243,9.243566384669972e-05,0.49889522059021285,9.925295980985247,0.008030324268193136
0.12,0.05,0.008,8,True,1.77549999999986,0.2164707593282259,1.0993210226676349,193.63844749602129,8.70600085555919,0.31130792270674357,0.08046503357713539,0.001237666433073275,0.059363842166896275,0.015011638446681368,0.020644162864735433,0.0026096895350886484,0.002173254419617582,0.0023136456193683964,2.7440165521545802e-05,0.4271231740331686,9.94314245206847,0.007413521450846823
0.12,0.05,0.008,9,True,1.8254999999998545,0.13285442326565763,0.7986162006442746,228.8767728307755,9.44947099032399,0.41876512438463015,0.15342592238042135,0.0031903885322791745,0.024340860454377767,0.02126925930113436,0.02035579469014759,0.002148223888810696,0.0037461403614715227,0.003581180947548654,0.00012020741258969977,0.41876512438463015,9.875646939803113,0.00984944326977288
0.12,0.05,0.008,10,True,1.9354999999998423,0.12997488980028654,0.9472637701084267,215.23621885257734,9.335815628975203,0.4602529357301176,0.13053486963944935,0.003704716329310304,0.02038409050395734,0.026225787476039677,0.003908196843223018,0.0015384138493096946,0.0014077588120615199,0.0030671094393433934,9.771745351894099e-05,0.4602529357301176,10.716444487502452,0.013253329063847984
0.12,0.05,0.008,11,True,2.2854999999999306,0.7342022107546666,4.92832361620257,230.28427474343886,9.661930504144252,0.31605591846828235,0.048398188892946,0.0008758319652234292,0.03496389312200575,0.021232963867713863,0.0007510764828339755,0.0004437782537323678,0.0037846330688811086,0.0012112617284625905,1.4211044766893634e-05,0.5146261591423446,10.17437259788254,0.00868993123729791
0.12,0.05,0.008,12,True,1.3904999999999024,0.1389741598831565,0.6014145791453792,215.43427190107616,9.446665803068024,0.4779445886685744,0.08116739214235717,0.0010838336019541883,0.057337647142971224,0.012165048459874749,0.004693838148510661,0.0010496677217878725,0.0016916237397697179,0.003011337228318354,1.3656639817761454e-05,0.5092161748652868,10.556601227494834,0.005028270321866201
0.12,0.05,0.008,13,True,2.085499999999864,0.46094422653480255,2.8956857363588075,215.21025871441776,9.218857744164966,0.5106823465188471,0.12106123426700788,0.0031602170290511893,0.05276512574660295,0.025842514773255526,0.0068446497361148734,0.00023159837315526422,0.00383939734133819,0.0028413750731413057,1.0071496504630682e-05,0.5106823465188471,10.761548012689753,0.007862966041661704
0.12,0.05,0.008,14,True,1.9004999999998462,0.1119946070690005,0.5404234857396819,214.85558523189832,9.371789887568028,0.4493567439920906,0.11535401636115791,0.002979344988679685,0.028047333341712825,0.023460264722805206,0.022517857178019643,0.001923952442364494,0.002645089626439942,0.00328694026759358,6.957465863408183e-05,0.46458555040672866,10.094407449984567,0.012463223600913117
0.12,0.05,0.008,15,True,1.4154999999998996,0.07915430760331704,0.30009822971819017,208.07465340366093,9.43094433473653,0.4635290062633226,0.13685667157768366,0.002341415082513897,0.05079085556680287,0.015576948671442846,0.001173860694578235,0.001714791771101193,0.0014387362801707927,0.0031563141306264137,2.547831869663868e-05,0.4635290062633226,10.747204198879444,0.012814660277720307
0.12,0.06,0.0,0,False,inf,99.48711856543278,267.1079084802153,1306.590993986111,9.84077225748958,0.47253699911240404,0.1281061494382095,0.0021244856490258636,0.023489335688193516,0.008901417526596284,0.00043269248631363886,0.0024398107176008175,0.0037382667318331653,0.0028199073273015396,7.210319823797473e-05,0.47253699911240404,10.68108713915643,0.013158535541215322
0.12,0.06,0.0,1,True,1.4254999999998985,0.13323244125206615,0.36463416951751093,117.85642256347688,8.325749756129474,0.45915252256280653,0.08439899106396569,0.001708156019624724,0.057523184816296764,0.011171511479831942,0.0248355844496532,0.0009354943560314564,0.0022699793469177273,0.0034831077814613254,3.0286949087099423e-05,0.4731577435179982,9.212803007193706,0.012535131086748067
0.12,0.06,0.0,2,True,1.2104999999999222,1.2772842103082631,6.00285478843674,166.12768417146498,9.897105072943962,0.3151853838775929,0.034106982533494715,0.0011044052733180985,0.024924557170706164,0.025912966293074165,0.0024063537379950413,0.001800301577896962,0.003185681580435384,0.0015637032200998104,1.161067493821754e-05,0.444596814262228,10.231888726552896,0.010622656627804278
0.12,0.06,0.0,3,True,1.14049999999993,1.629309401872733,7.431774498576767,144.5890533412437,9.104024090758685,0.1981133624212586,0.028944118058647914,0.0008127017608135093,0.021840525329804985,0.02562803823454073,0.015240966464155783,0.00028238592672119757,0.0022993808207094216,0.0024371538944225023,1.5412303097482646e-05,0.49239602374655833,9.352126819818665,0.008912281904956621
0.12,0.06,0.0,4,True,1.7154999999998666,1.4819330629396852,6.07426056773032,148.91487827327973,9.345265747789512,0.5066500685155163,0.08641016172449555,0.0036220599140287797,0.03556637764071808,0.02947736152556949,0.002116282156798607,0.0018220674959850889,0.0021294597531318175,0.0034057036209574217,1.60420785683912e-05,0.5066500685155163,10.048268349666515,0.014022150797159886
0.12,0.06,0.0,5,True,1.0604999999999387,0.13524139602072696,0.37996378464691394,139.37717086224265,9.175568056078513,0.4210708019156255,0.08727936343902563,0.002847440277994798,0.05039703948682469,0.019337162342927122,0.0074822626339227484,0.0001617921071449693,0.002150106642356555,0.002225419616259996,1.1304406335961537e-05,0.4210708019156255,10.784801797232584,0.011523691115879878
0.12,0.06,0.0,6,True,1.0704999999999376,0.8513757906280652,3.8688923124158623,132.87402774402005,8.938986482785152,0.3862100450359576,0.06557080001799377,0.0017884136569469048,0.027163543490666922,0.01611947927549832,0.009804302396366918,0.0029623349705594,0.002898268817821438,0.003022971791513481,2.4438083011449394e-05,0.4867114367610584,9.367174052139356,0.005517292319837753
0.12,0.06,0.0,7,False,8.015499999998305,51.49302081962677,328.50816160921437,1174.6944034643332,8.993440999834478,0.49889522059021285,0.0949408086647533,0.0020809973356412242,0.05486069004847877,0.025065085185394256,0.005895910446750368,0.0009004988547336763,0.003620660336188786,0.0010157959136967243,9.243566384669972e-05,0.49889522059021285,9.925295980985247,0.008030324268193136
0.12,0.06,0.0,8,True,1.0504999999999398,1.1801197593414388,6.008905825447762,127.63244133921036,8.727150267967405,0.25607099076120543,0.06713219804578505,0.001237666433073275,0.059363842166896275,0.015011638446681368,0.020644162864735433,0.0026096895350886484,0.002173254419617582,0.0023136456193683964,2.7440165521545802e-05,0.4271231740331686,9.94314245206847,0.007413521450846823
0.12,0.06,0.0,9,False,inf,86.22256945093794,12.013065103878006,148.91543664234058,9.087650051502179,0.41876512438463015,0.1641977223162366,0.0031903885322791745,0.024340860454377767,0.02126925930113436,0.02035579469014759,0.002148223888810696,0.0037461403614715227,0.003581180947548654,0.00012020741258969977,0.41876512438463015,9.875646939803113,0.00984944326977288
0.12,0.06,0.0,10,False,inf,83.44824980799677,139.29094941291024,421.7645409007089,9.52387711880484,0.4602529357301176,0.17974397689992924,0.003704716329310304,0.02038409050395734,0.026225787476039677,0.003908196843223018,0.0015384138493096946,0.0014077588120615199,0.0030671094393433934,9.771745351894099e-05,0.4602529357301176,10.716444487502452,0.013253329063847984
0.12,0.06,0.0,11,True,1.175499999999926,1.4150162811639702,6.934204446102334,155.94923067538,9.652018639809508,0.30915749071400805,0.03881064677820605,0.0008758319652234292,0.03496389312200575,0.021232963867713863,0.0007510764828339755,0.0004437782537323678,0.0037846330688811086,0.0012112617284625905,1.4211044766893634e-05,0.5146261591423446,10.17437259788254,0.00868993123729791
0.12,0.06,0.0,12,True,1.0954999999999349,0.2189197328926866,0.5555339165059192,145.3040373779664,9.468094875841441,0.49452415508679387,0.05459356936020858,0.0010838336019541883,0.057337647142971224,0.012165048459874749,0.004693838148510661,0.0010496677217878725,0.0016916237397697179,0.003011337228318354,1.3656639817761454e-05,0.5092161748652868,10.556601227494834,0.005028270321866201
0.12,0.06,0.0,13,True,2.825500000000111,1.1027926600296154,4.897029590679159,206.3805787240054,9.802777140070386,0.5106823465188471,0.08484776524332723,0.0031602170290511893,0.05276512574660295,0.025842514773255526,0.0068446497361148734,0.00023159837315526422,0.00383939734133819,0.0028413750731413057,1.0071496504630682e-05,0.5106823465188471,10.761548012689753,0.007862966041661704
0.12,0.06,0.0,14,True,1.4254999999998985,4.0400944611913765,15.927517465408465,144.28440319871964,9.389455917137482,0.43359645455529994,0.11241594034486578,0.002979344988679685,0.028047333341712825,0.023460264722805206,0.022517857178019643,0.001923952442364494,0.002645089626439942,0.00328694026759358,6.957465863408183e-05,0.46458555040672866,10.094407449984567,0.012463223600913117
0.12,0.06,0.0,15,True,1.0954999999999349,0.12693141299216637,0.37825982396167673,141.01259733627313,9.412376424964659,0.4253224248138348,0.08812250941193964,0.002341415082513897,0.05079085556680287,0.015576948671442846,0.001173860694578235,0.001714791771101193,0.0014387362801707927,0.0031563141306264137,2.547831869663868e-05,0.4635290062633226,10.747204198879444,0.012814660277720307
0.12,0.06,0.002,0,True,1.285499999999914,0.16388125760614253,0.4661769839560965,177.6057828167718,9.605669573812195,0.47253699911240404,0.15461498135926888,0.0021244856490258636,0.023489335688193516,0.008901417526596284,0.00043269248631363886,0.0024398107176008175,0.0037382667318331653,0.0028199073273015396,7.210319823797473e-05,0.47253699911240404,10.68108713915643,0.013158535541215322
0.12,0.06,0.002,1,True,1.2104999999999222,0.09546968989289834,0.2844455614638664,156.496996368736,8.327208223677191,0.39180408877340867,0.10976475374183102,0.001708156019624724,0.057523184816296764,0.011171511479831942,0.0248355844496532,0.0009354943560314564,0.0022699793469177273,0.0034831077814613254,3.0286949087099423e-05,0.4731577435179982,9.212803007193706,0.012535131086748067
0.12,0.06,0.002,2,True,1.4504999999998958,0.8159785795466297,4.703402536000754,205.91504734059532,9.88641281365261,0.354945193860308,0.03951348451543465,0.0011044052733180985,0.024924557170706164,0.025912966293074165,0.0024063537379950413,0.001800301577896962,0.003185681580435384,0.0015637032200998104,1.161067493821754e-05,0.444596814262228,10.231888726552896,0.010622656627804278
0.12,0.06,0.002,3,True,3.6355000000003814,0.9632991171890471,5.398527320416784,379.06189295562143,9.290833017597256,0.22458638118888435,0.03180927832447278,0.0008127017608135093,0.021840525329804985,0.02562803823454073,0.015240966464155783,0.00028238592672119757,0.0022993808207094216,0.0024371538944225023,1.5412303097482646e-05,0.49239602374655833,9.352126819818665,0.008912281904956621
0.12,0.06,0.002,4,True,2.190499999999899,0.47116843810014875,2.654732888004564,269.86922364161455,9.333798359212913,0.5066500685155163,0.10249239239194308,0.0036220599140287797,0.03556637764071808,0.02947736152556949,0.002116282156798607,0.0018220674959850889,0.0021294597531318175,0.0034057036209574217,1.60420785683912e-05,0.5066500685155163,10.048268349666515,0.014022150797159886
0.12,0.06,0.002,5,True,2.3454999999999506,0.14241836256539225,0.5973994059864369,230.44158329429106,9.169989252918514,0.4210708019156255,0.11216667088286954,0.002847440277994798,0.05039703948682469,0.019337162342927122,0.0074822626339227484,0.0001617921071449693,0.002150106642356555,0.002225419616259996,1.1304406335961537e-05,0.4210708019156255,10.784801797232584,0.011523691115879878
0.12,0.06,0.002,6,True,1.3354999999999084,0.10519665613784547,0.36118528424246604,183.31718421590898,8.941133218073414,0.4619961961140741,0.08155116171826539,0.0017884136569469048,0.027163543490666922,0.01611947927549832,0.009804302396366918,0.0029623349705594,0.002898268817821438,0.003022971791513481,2.4438083011449394e-05,0.4867114367610584,9.367174052139356,0.005517292319837753
0.12,0.06,0.002,7,True,5.125499999999879,1.7658110867377887,10.0380533157945,326.4457060114508,9.132905977018035,0.49889522059021285,0.07827331243222904,0.0020809973356412242,0.05486069004847877,0.025065085185394256,0.005895910446750368,0.0009004988547336763,0.003620660336188786,0.0010157959136967243,9.243566384669972e-05,0.49889522059021285,9.925295980985247,0.008030324268193136
0.12,0.06,0.002,8,True,1.3004999999999123,0.5900787769805742,3.0132841979143103,171.71620102735184,8.72366724003341,0.3168653922471065,0.07324504200513304,0.001237666433073275,0.059363842166896275,0.015011638446681368,0.020644162864735433,0.0026096895350886484,0.002173254419617582,0.0023136456193683964,2.7440165521545802e-05,0.4271231740331686,9.94314245206847,0.007413521450846823
0.12,0.06,0.002,9,True,1.8804999999998484,1.4718271183673475,7.7827417901156215,201.68449701460597,9.379675148603404,0.41876512438463015,0.12550807283936816,0.0031903885322791745,0.024340860454377767,0.02126925930113436,0.02035579469014759,0.002148223888810696,0.0037461403614715227,0.003581180947548654,0.00012020741258969977,0.41876512438463015,9.875646939803113,0.00984944326977288
0.12,0.06,0.002,10,True,1.3454999999999073,1.3774228661768022,6.740196778387845,191.9009826729996,9.341584784770166,0.4602529357301176,0.10837746372092448,0.003704716329310304,0.02038409050395734,0.026225787476039677,0.003908196843223018,0.0015384138493096946,0.0014077588120615199,0.0030671094393433934,9.771745351894099e-05,0.4602529357301176,10.716444487502452,0.013253329063847984
0.12,0.06,0.002,11,True,1.3904999999999024,0.9739432051802535,5.638747490537605,197.29332221373443,9.645764922499657,0.16181588366615557,0.04367497432590585,0.0008758319652234292,0.03496389312200575,0.021232963867713863,0.0007510764828339755,0.0004437782537323678,0.0037846330688811086,0.0012112617284625905,1.4211044766893634e-05,0.5146261591423446,10.17437259788254,0.00868993123729791
0.12,0.06,0.002,12,True,1.3404999999999079,0.23653736923830218,0.9112722270129064,191.38727864147825,9.457313207667784,0.5092161748652868,0.06791993438070097,0.0010838336019541883,0.057337647142971224,0.012165048459874749,0.004693838148510661,0.0010496677217878725,0.0016916237397697179,0.003011337228318354,1.3656639817761454e-05,0.5092161748652868,10.556601227494834,0.005028270321866201
0.12,0.06,0.002,13,True,3.145500000000218,0.6637811047943425,3.4856287026847212,448.43937389991913,9.224480868207085,0.5106823465188471,0.10234827848005812,0.0031602170290511893,0.05276512574660295,0.025842514773255526,0.0068446497361148734,0.00023159837315526422,0.00383939734133819,0.0028413750731413057,1.0071496504630682e-05,0.5106823465188471,10.761548012689753,0.007862966041661704
0.12,0.06,0.002,14,True,2.1804999999998955,0.9024303695336406,4.809931254527559,210.83674401265108,9.38344659989402,0.46458555040672866,0.095325879459104,0.002979344988679685,0.028047333341712825,0.023460264722805206,0.022517857178019643,0.001923952442364494,0.002645089626439942,0.00328694026759358,6.957465863408183e-05,0.46458555040672866,10.094407449984567,0.012463223600913117
0.12,0.06,0.002,15,True,1.3504999999999068,0.09916900080991076,0.36478861228064263,180.9664454596302,9.409308677909097,0.4635290062633226,0.11355191756275174,0.002341415082513897,0.05079085556680287,0.015576948671442846,0.001173860694578235,0.001714791771101193,0.0014387362801707927,0.0031563141306264137,2.547831869663868e-05,0.4635290062633226,10.747204198879444,0.012814660277720307
0.12,0.06,0.004,0,True,1.330499999999909,0.16459437668619195,0.6346123029509659,184.70348566888478,9.538869113997926,0.47253699911240404,0.16127171357002867,0.0021244856490258636,0.023489335688193516,0.008901417526596284,0.00043269248631363886,0.0024398107176008175,0.0037382667318331653,0.0028199073273015396,7.210319823797473e-05,0.47253699911240404,10.68108713915643,0.013158535541215322
0.12,0.06,0.004,1,True,1.2454999999999183,0.09794466746205362,0.24900298936255194,163.84049433928692,8.321473968328494,0.4731577435179982,0.11378741890289908,0.001708156019624724,0.057523184816296764,0.011171511479831942,0.0248355844496532,0.0009354943560314564,0.0022699793469177273,0.0034831077814613254,3.0286949087099423e-05,0.4731577435179982,9.212803007193706,0.012535131086748067
0.12,0.06,0.004,2,True,1.4704999999998936,0.7656071115408161,4.458669108901959,212.99898493577751,9.876151320699224,0.3477953580198371,0.03993279430876667,0.0011044052733180985,0.024924557170706164,0.025912966293074165,0.0024063537379950413,0.001800301577896962,0.003185681580435384,0.0015637032200998104,1.161067493821754e-05,0.444596814262228,10.231888726552896,0.010622656627804278
0.12,0.06,0.004,3,True,3.065500000000191,0.8931478670881876,5.146384588946827,228.30003924626212,9.406986495849829,0.2465394460352747,0.032268848212666845,0.0008127017608135093,0.021840525329804985,0.02562803823454073,0.015240966464155783,0.00028238592672119757,0.0022993808207094216,0.0024371538944225023,1.5412303097482646e-05,0.49239602374655833,9.352126819818665,0.008912281904956621
0.12,0.06,0.004,4,True,2.2854999999999306,0.3941272151763225,2.181502230732787,305.49630671416963,9.361002298080077,0.5066500685155163,0.10193280625726497,0.0036220599140287797,0.03556637764071808,0.02947736152556949,0.002116282156798607,0.0018220674959850889,0.0021294597531318175,0.0034057036209574217,1.60420785683912e-05,0.5066500685155163,10.048268349666515,0.014022150797159886
0.12,0.06,0.004,5,True,2.4354999999999807,0.15122469141742506,0.6070145760268865,217.0015853038469,9.164432477488726,0.4210708019156255,0.11701239623636817,0.002847440277994798,0.05039703948682469,0.019337162342927122,0.0074822626339227484,0.0001617921071449693,0.002150106642356555,0.002225419616259996,1.1304406335961537e-05,0.4210708019156255,10.784801797232584,0.011523691115879878
0.12,0.06,0.004,6,True,1.3654999999999051,0.0959417987319868,0.2697591683536816,185.5266328658608,8.93250458696487,0.473328095888216,0.0833136447182501,0.0017884136569469048,0.027163543490666922,0.01611947927549832,0.009804302396366918,0.0029623349705594,0.002898268817821438,0.003022971791513481,2.4438083011449394e-05,0.4867114367610584,9.367174052139356,0.005517292319837753
0.12,0.06,0.004,7,True,2.3304999999999456,1.1837721722583172,7.1530806332008945,244.53125245222142,8.993011013798048,0.4233305958060311,0.07872740437588432,0.0020809973356412242,0.05486069004847877,0.025065085185394256,0.005895910446750368,0.0009004988547336763,0.003620660336188786,0.0010157959136967243,9.243566384669972e-05,0.49889522059021285,9.925295980985247,0.008030324268193136
0.12,0.06,0.004,8,True,1.32049999999991,0.5470325163102167,2.6524610440637737,176.32102488965643,8.712178405842426,0.3284809880983332,0.07545540592672745,0.001237666433073275,0.059363842166896275,0.015011638446681368,0.020644162864735433,0.0026096895350886484,0.002173254419617582,0.0023136456193683964,2.7440165521545802e-05,0.4271231740331686,9.94314245206847,0.007413521450846823
0.12,0.06,0.004,9,False,8.700499999999142,63.233187011659574,114.2757597513046,283.2962877997677,9.496265520226197,0.41876512438463015,0.1288144069780304,0.0031903885322791745,0.024340860454377767,0.02126925930113436,0.02035579469014759,0.002148223888810696,0.0037461403614715227,0.003581180947548654,0.00012020741258969977,0.41876512438463015,9.875646939803113,0.00984944326977288
0.12,0.06,0.004,10,True,2.170499999999892,0.11728509371168985,0.6191031721070815,217.5878570939485,9.31370106863309,0.4602529357301176,0.10602615564429071,0.003704716329310304,0.02038409050395734,0.026225787476039677,0.003908196843223018,0.0015384138493096946,0.0014077588120615199,0.0030671094393433934,9.771745351894099e-05,0.4602529357301176,10.716444487502452,0.013253329063847984
0.12,0.06,0.004,11,True,1.4404999999998969,0.93660342697906,5.231456339751634,206.11844769174374,9.639058409258407,0.1800343389600451,0.04380769141272126,0.0008758319652234292,0.03496389312200575,0.021232963867713863,0.0007510764828339755,0.0004437782537323678,0.0037846330688811086,0.0012112617284625905,1.4211044766893634e-05,0.5146261591423446,10.17437259788254,0.00868993123729791
0.12,0.06,0.004,12,True,1.375499999999904,0.14881165479277553,0.5461958271613262,196.51295739482018,9.45228162995537,0.5092161748652868,0.0701959553981288,0.0010838336019541883,0.057337647142971224,0.012165048459874749,0.004693838148510661,0.0010496677217878725,0.0016916237397697179,0.003011337228318354,1.3656639817761454e-05,0.5092161748652868,10.556601227494834,0.005028270321866201
0.12,0.06,0.004,13,True,3.205500000000238,0.6147662210016236,3.148404022200608,465.3224025699629,9.21761445554052,0.5106823465188471,0.10389880757314174,0.0031602170290511893,0.05276512574660295,0.025842514773255526,0.0068446497361148734,0.00023159837315526422,0.00383939734133819,0.0028413750731413057,1.0071496504630682e-05,0.5106823465188471,10.761548012689753,0.007862966041661704
0.12,0.06,0.004,14,True,2.2604999999999222,0.18201683591242046,1.0536369806703931,234.08057456726604,9.378491329161626,0.46458555040672866,0.0961313262108056,0.002979344988679685,0.028047333341712825,0.023460264722805206,0.022517857178019643,0.001923952442364494,0.002645089626439942,0.00328694026759358,6.957465863408183e-05,0.46458555040672866,10.094407449984567,0.012463223600913117
0.12,0.06,0.004,15,True,1.3904999999999024,0.07678473401761175,0.22175032659394728,189.61970363420096,9.420862886549493,0.4635290062633226,0.11774864558818504,0.002341415082513897,0.05079085556680287,0.015576948671442846,0.001173860694578235,0.001714791771101193,0.0014387362801707927,0.0031563141306264137,2.547831869663868e-05,0.4635290062633226,10.747204198879444,0.012814660277720307
0.12,0.06,0.008,0,True,1.3504999999999068,0.15954768884186205,0.35763740634489255,188.65602617509114,9.494311336388284,0.47253699911240404,0.16751448850039766,0.0021244856490258636,0.023489335688193516,0.008901417526596284,0.00043269248631363886,0.0024398107176008175,0.0037382667318331653,0.0028199073273015396,7.210319823797473e-05,0.47253699911240404,10.68108713915643,0.013158535541215322
0.12,0.06,0.008,1,True,1.8404999999998528,0.10505692551929477,0.3284678542572646,170.7017720951227,8.31227750917381,0.3652880760855231,0.11902488741590884,0.001708156019624724,0.057523184816296764,0.011171511479831942,0.0248355844496532,0.0009354943560314564,0.0022699793469177273,0.0034831077814613254,3.0286949087099423e-05,0.4731577435179982,9.212803007193706,0.012535131086748067
0.12,0.06,0.008,2,True,1.475499999999893,0.7103383229860609,4.225439977503989,216.5427777316097,9.851601033193035,0.37502865753498543,0.04185375933818278,0.0011044052733180985,0.024924557170706164,0.025912966293074165,0.0024063537379950413,0.001800301577896962,0.003185681580435384,0.0015637032200998104,1.161067493821754e-05,0.444596814262228,10.231888726552896,0.010622656627804278
0.12,0.06,0.008,3,True,2.3204999999999423,0.8573898742745287,4.973536588728706,200.10651617329555,9.402812371187883,0.2233800714620774,0.03373865726851083,0.0008127017608135093,0.021840525329804985,0.02562803823454073,0.015240966464155783,0.00028238592672119757,0.0022993808207094216,0.0024371538944225023,1.5412303097482646e-05,0.49239602374655833,9.352126819818665,0.008912281904956621
0.12,0.06,0.008,4,True,4.265500000000356,0.3124157356806679,1.760066885384634,370.0310029377494,9.353304019646863,0.5066500685155163,0.10466675238041215,0.0036220599140287797,0.03556637764071808,0.02947736152556949,0.002116282156798607,0.0018220674959850889,0.0021294597531318175,0.0034057036209574217,1.60420785683912e-05,0.5066500685155163,10.048268349666515,0.014022150797159886
0.12,0.06,0.008,5,True,2.3954999999999673,0.12783973351595987,0.5275502215396616,220.86163226610742,9.144273160067346,0.4210708019156255,0.1193523947314143,0.002847440277994798,0.05039703948682469,0.019337162342927122,0.0074822626339227484,0.0001617921071449693,0.002150106642356555,0.002225419616259996,1.1304406335961537e-05,0.4210708019156255,10.784801797232584,0.011523691115879878
0.12,0.06,0.008,6,True,1.3654999999999051,0.09221904586528427,0.2987116059242981,189.15240191539178,8.916289931871018,0.4693370082046863,0.0824121933924551,0.0017884136569469048,0.027163543490666922,0.01611947927549832,0.009804302396366918,0.0029623349705594,0.002898268817821438,0.003022971791513481,2.4438083011449394e-05,0.4867114367610584,9.367174052139356,0.005517292319837753
0.12,0.06,0.008,7,True,2.430499999999979,0.9278563665263416,5.600275312702818,216.40961615434193,8.957462192485112,0.4806127909196257,0.07873864101527298,0.0020809973356412242,0.05486069004847877,0.025065085185394256,0.005895910446750368,0.0009004988547336763,0.003620660336188786,0.0010157959136967243,9.243566384669972e-05,0.49889522059021285,9.925295980985247,0.008030324268193136
0.12,0.06,0.008,8,True,1.3354999999999084,0.4620461145859455,2.125553827637023,182.03821587393298,8.701892044508517,0.3125558158180724,0.07646296138660345,0.001237666433073275,0.059363842166896275,0.015011638446681368,0.020644162864735433,0.0026096895350886484,0.002173254419617582,0.0023136456193683964,2.7440165521545802e-05,0.4271231740331686,9.94314245206847,0.007413521450846823
0.12,0.06,0.008,9,True,1.4104999999999002,0.15880258785075949,0.8105307192228076,211.89167429097083,9.375326773728593,0.41876512438463015,0.1295902959816427,0.0031903885322791745,0.024340860454377767,0.02126925930113436,0.02035579469014759,0.002148223888810696,0.0037461403614715227,0.003581180947548654,0.00012020741258969977,0.41876512438463015,9.875646939803113,0.00984944326977288
0.12,0.06,0.008,10,True,2.220499999999909,0.08995103004228182,0.3538978102895884,244.9691607358174,9.30117712432265,0.4602529357301176,0.10850201476185029,0.003704716329310304,0.02038409050395734,0.026225787476039677,0.003908196843223018,0.0015384138493096946,0.0014077588120615199,0.0030671094393433934,9.771745351894099e-05,0.4602529357301176,10.716444487502452,0.013253329063847984
0.12,0.06,0.008,11,True,1.4504999999998958,0.8805855251783091,5.100815912420383,207.7847279264911,9.628046692305839,0.33707368745581523,0.04567528358682002,0.0008758319652234292,0.03496389312200575,0.021232963867713863,0.0007510764828339755,0.0004437782537323678,0.0037846330688811086,0.0012112617284625905,1.4211044766893634e-05,0.5146261591423446,10.17437259788254,0.00868993123729791
0.12,0.06,0.008,12,True,1.3804999999999035,0.21189882762377943,0.8693175332372484,199.5079561812458,9.434242388641387,0.445390656147759,0.07150289908290772,0.0010838336019541883,0.057337647142971224,0.012165048459874749,0.004693838148510661,0.0010496677217878725,0.0016916237397697179,0.003011337228318354,1.3656639817761454e-05,0.5092161748652868,10.556601227494834,0.005028270321866201
0.12,0.06,0.008,13,True,3.215500000000241,0.5543689278940085,3.087789801725526,477.65665769741105,9.204218316825127,0.5106823465188471,0.10781805372426828,0.0031602170290511893,0.05276512574660295,0.025842514773255526,0.0068446497361148734,0.00023159837315526422,0.00383939734133819,0.0028413750731413057,1.0071496504630682e-05,0.5106823465188471,10.761548012689753,0.007862966041661704
0.12,0.06,0.008,14,True,2.2404999999999156,0.11085084697071101,0.3647833222337304,234.20935379894826,9.355125417424784,0.46458555040672866,0.09719109989233013,0.002979344988679685,0.028047333341712825,0.023460264722805206,0.022517857178019643,0.001923952442364494,0.002645089626439942,0.00328694026759358,6.957465863408183e-05,0.46458555040672866,10.094407449984567,0.012463223600913117
0.12,0.06,0.008,15,True,1.4604999999998947,0.08992498763712532,0.37306816254882813,193.93612756031328,9.412880293671746,0.4635290062633226,0.11901511212248629,0.002341415082513897,0.05079085556680287,0.015576948671442846,0.001173860694578235,0.001714791771101193,0.0014387362801707927,0.0031563141306264137,2.547831869663868e-05,0.4635290062633226,10.747204198879444,0.012814660277720307
0.12,0.08,0.0,0,True,1.4354999999998974,2.714638114387018,11.12609049306462,127.9869434419555,9.496113692441414,0.4104380838236078,0.10204922358251917,0.0021244856490258636,0.023489335688193516,0.008901417526596284,0.00043269248631363886,0.0024398107176008175,0.0037382667318331653,0.0028199073273015396,7.210319823797473e-05,0.47253699911240404,10.68108713915643,0.013158535541215322
0.12,0.08,0.0,1,True,1.040499999999941,0.18007950257512365,0.3103413915266314,115.37734106377263,8.321215579349476,0.4731577435179982,0.0694795212621455,0.001708156019624724,0.057523184816296764,0.011171511479831942,0.0248355844496532,0.0009354943560314564,0.0022699793469177273,0.0034831077814613254,3.0286949087099423e-05,0.4731577435179982,9.212803007193706,0.012535131086748067
0.12,0.08,0.0,2,True,0.7554999999999722,1.535718202059949,5.857021094930903,148.6935434511482,9.893179473324443,0.18840721966379084,0.031831534662260554,0.0011044052733180985,0.024924557170706164,0.025912966293074165,0.0024063537379950413,0.001800301577896962,0.003185681580435384,0.0015637032200998104,1.161067493821754e-05,0.444596814262228,10.231888726552896,0.010622656627804278
0.12,0.08,0.0,3,True,0.7154999999999766,1.7952294622670846,6.84140221297918,138.71587371270235,9.102499271463456,0.32668139328918144,0.02631518479841181,0.0008127017608135093,0.021840525329804985,0.02562803823454073,0.015240966464155783,0.00028238592672119757,0.0022993808207094216,0.0024371538944225023,1.5412303097482646e-05,0.49239602374655833,9.352126819818665,0.008912281904956621
0.12,0.08,0.0,4,True,1.2454999999999183,1.529225315319861,5.23615899700815,141.7051143047161,9.356043020853983,0.5066500685155163,0.07144516380029996,0.0036220599140287797,0.03556637764071808,0.02947736152556949,0.002116282156798607,0.0018220674959850889,0.0021294597531318175,0.0034057036209574217,1.60420785683912e-05,0.5066500685155163,10.048268349666515,0.014022150797159886
0.12,0.08,0.0,5,True,1.1504999999999288,0.711227484476855,2.6567339692061567,133.36937268713703,9.166867771109361,0.4060949241513296,0.07824000750810257,0.002847440277994798,0.05039703948682469,0.019337162342927122,0.0074822626339227484,0.0001617921071449693,0.002150106642356555,0.002225419616259996,1.1304406335961537e-05,0.4210708019156255,10.784801797232584,0.011523691115879878
0.12,0.08,0.0,6,True,1.14049999999993,0.2248701353343181,1.196743334177755,129.68019721344595,8.934488699231041,0.2827459871529257,0.05082472886771699,0.0017884136569469048,0.027163543490666922,0.01611947927549832,0.009804302396366918,0.0029623349705594,0.002898268817821438,0.003022971791513481,2.4438083011449394e-05,0.4867114367610584,9.367174052139356,0.005517292319837753
0.12,0.08,0.0,7,True,1.1104999999999332,6.379583423870662,19.930678288984012,130.8839994490322,8.945272579489043,0.32244925718957174,0.08993130723201193,0.0020809973356412242,0.05486069004847877,0.025065085185394256,0.005895910446750368,0.0009004988547336763,0.003620660336188786,0.0010157959136967243,9.243566384669972e-05,0.49889522059021285,9.925295980985247,0.008030324268193136
0.12,0.08,0.0,8,True,1.1054999999999338,1.508862830709705,6.040009785063062,122.65611184991657,8.722510482825738,0.2418897836399232,0.06302302171978051,0.001237666433073275,0.059363842166896275,0.015011638446681368,0.020644162864735433,0.0026096895350886484,0.002173254419617582,0.0023136456193683964,2.7440165521545802e-05,0.4271231740331686,9.94314245206847,0.007413521450846823
0.12,0.08,0.0,9,True,1.4404999999998969,6.904520777642072,25.36884075636055,136.9583641621101,9.151417125074053,0.41876512438463015,0.12362486750864964,0.0031903885322791745,0.024340860454377767,0.02126925930113436,0.02035579469014759,0.002148223888810696,0.0037461403614715227,0.003581180947548654,0.00012020741258969977,0.41876512438463015,9.875646939803113,0.00984944326977288
0.12,0.08,0.0,10,True,1.5704999999998825,5.790881818307576,17.56980116121543,141.64813698282524,9.347262478774141,0.4602529357301176,0.1187531027242857,0.003704716329310304,0.02038409050395734,0.026225787476039677,0.003908196843223018,0.0015384138493096946,0.0014077588120615199,0.0030671094393433934,9.771745351894099e-05,0.4602529357301176,10.716444487502452,0.013253329063847984
0.12,0.08,0.0,11,True,0.7504999999999727,1.6737285267790751,6.659819962474083,146.1358410117253,9.650349502113944,0.16573078768190908,0.03640670786238237,0.0008758319652234292,0.03496389312200575,0.021232963867713863,0.0007510764828339755,0.0004437782537323678,0.0037846330688811086,0.0012112617284625905,1.4211044766893634e-05,0.5146261591423446,10.17437259788254,0.00868993123729791
0.12,0.08,0.0,12,True,0.6904999999999794,0.6379285705459778,1.9912945421045363,137.00567031150294,9.465364154365565,0.3500971995373395,0.0549235446321959,0.0010838336019541883,0.057337647142971224,0.012165048459874749,0.004693838148510661,0.0010496677217878725,0.0016916237397697179,0.003011337228318354,1.3656639817761454e-05,0.5092161748652868,10.556601227494834,0.005028270321866201
0.12,0.08,0.0,13,True,1.1904999999999244,1.285994819396625,4.731139177115512,139.8181375805198,9.236669115533202,0.5106823465188471,0.07391818999872207,0.0031602170290511893,0.05276512574660295,0.025842514773255526,0.0068446497361148734,0.00023159837315526422,0.00383939734133819,0.0028413750731413057,1.0071496504630682e-05,0.5106823465188471,10.761548012689753,0.007862966041661704
0.12,0.08,0.0,14,True,1.14049999999993,4.284230015944099,15.025626560644222,140.05133636285709,9.378495025629174,0.43656011267826955,0.0873671372870232,0.002979344988679685,0.028047333341712825,0.023460264722805206,0.022517857178019643,0.001923952442364494,0.002645089626439942,0.00328694026759358,6.957465863408183e-05,0.46458555040672866,10.094407449984567,0.012463223600913117
0.12,0.08,0.0,15,True,1.1504999999999288,0.6580727293720986,2.4000244372430553,131.34777699861428,9.3794293507527,0.37123506930755834,0.07596199003427208,0.002341415082513897,0.05079085556680287,0.015576948671442846,0.001173860694578235,0.001714791771101193,0.0014387362801707927,0.0031563141306264137,2.547831869663868e-05,0.4635290062633226,10.747204198879444,0.012814660277720307
0.12,0.08,0.002,0,True,0.8354999999999634,0.13393787737439045,0.36905307207631066,161.3370883200858,9.488773810148125,0.47253699911240404,0.12146179925701688,0.0021244856490258636,0.023489335688193516,0.008901417526596284,0.00043269248631363886,0.0024398107176008175,0.0037382667318331653,0.0028199073273015396,7.210319823797473e-05,0.47253699911240404,10.68108713915643,0.013158535541215322
0.12,0.08,0.002,1,True,1.2904999999999134,0.09414619994488982,0.2775101668618197,149.41939129695007,8.32164529649747,0.4564731755005788,0.08993960633271696,0.001708156019624724,0.057523184816296764,0.011171511479831942,0.0248355844496532,0.0009354943560314564,0.0022699793469177273,0.0034831077814613254,3.0286949087099423e-05,0.4731577435179982,9.212803007193706,0.012535131086748067
0.12,0.08,0.002,2,True,0.8504999999999617,0.9923929238809421,4.519690609542745,186.33615429889625,9.881917041006798,0.23765011082820023,0.034174655602915015,0.0011044052733180985,0.024924557170706164,0.025912966293074165,0.0024063537379950413,0.001800301577896962,0.003185681580435384,0.0015637032200998104,1.161067493821754e-05,0.444596814262228,10.231888726552896,0.010622656627804278
0.12,0.08,0.002,3,True,1.375499999999904,1.1568734625693453,5.266315350588901,170.41836460431196,9.095617499623621,0.14941520156916624,0.028543114659996538,0.0008127017608135093,0.021840525329804985,0.02562803823454073,0.015240966464155783,0.00028238592672119757,0.0022993808207094216,0.0024371538944225023,1.5412303097482646e-05,0.49239602374655833,9.352126819818665,0.008912281904956621
0.12,0.08,0.002,4,True,1.485499999999892,0.6616082062605212,2.8307642637781845,178.74802784824064,9.353540135825721,0.5066500685155163,0.08184535498269858,0.0036220599140287797,0.03556637764071808,0.02947736152556949,0.002116282156798607,0.0018220674959850889,0.0021294597531318175,0.0034057036209574217,1.60420785683912e-05,0.5066500685155163,10.048268349666515,0.014022150797159886
0.12,0.08,0.002,5,True,1.4104999999999002,0.3681401832464944,1.2420503316476537,169.5790744062239,9.159000756982383,0.4210708019156255,0.09385731937847444,0.002847440277994798,0.05039703948682469,0.019337162342927122,0.0074822626339227484,0.0001617921071449693,0.002150106642356555,0.002225419616259996,1.1304406335961537e-05,0.4210708019156255,10.784801797232584,0.011523691115879878
0.12,0.08,0.002,6,True,1.3904999999999024,0.09824726801612993,0.27211061363117167,165.55669702649172,8.931932124396837,0.34811486884787785,0.06359528569074487,0.0017884136569469048,0.027163543490666922,0.01611947927549832,0.009804302396366918,0.0029623349705594,0.002898268817821438,0.003022971791513481,2.4438083011449394e-05,0.4867114367610584,9.367174052139356,0.005517292319837753
0.12,0.08,0.002,7,True,1.3604999999999057,1.8925037621894099,8.675726845956914,168.9043816691685,8.967915376955162,0.459930817055795,0.06933218302773608,0.0020809973356412242,0.05486069004847877,0.025065085185394256,0.005895910446750368,0.0009004988547336763,0.003620660336188786,0.0010157959136967243,9.243566384669972e-05,0.49889522059021285,9.925295980985247,0.008030324268193136
0.12,0.08,0.002,8,True,1.3404999999999079,0.7945478728342915,3.2301212274999815,158.79524017958,8.71554778440685,0.2678773821302014,0.06714554569183544,0.001237666433073275,0.059363842166896275,0.015011638446681368,0.020644162864735433,0.0026096895350886484,0.002173254419617582,0.0023136456193683964,2.7440165521545802e-05,0.4271231740331686,9.94314245206847,0.007413521450846823
0.12,0.08,0.002,9,True,1.4104999999999002,1.4683128731696664,6.3424558297480145,180.63964370897443,9.367383716902268,0.41876512438463015,0.09902159201676423,0.0031903885322791745,0.024340860454377767,0.02126925930113436,0.02035579469014759,0.002148223888810696,0.0037461403614715227,0.003581180947548654,0.00012020741258969977,0.41876512438463015,9.875646939803113,0.00984944326977288
0.12,0.08,0.002,10,True,1.4404999999998969,1.3540725545661902,5.368751330593987,176.59813789213567,9.33964852015468,0.4602529357301176,0.08446780960539217,0.003704716329310304,0.02038409050395734,0.026225787476039677,0.003908196843223018,0.0015384138493096946,0.0014077588120615199,0.0030671094393433934,9.771745351894099e-05,0.4602529357301176,10.716444487502452,0.013253329063847984
0.12,0.08,0.002,11,True,0.8404999999999628,1.2400271408606205,5.799288286314705,181.41084346724355,9.643888660092806,0.16255036536739775,0.039086101237765,0.0008758319652234292,0.03496389312200575,0.021232963867713863,0.0007510764828339755,0.0004437782537323678,0.0037846330688811086,0.0012112617284625905,1.4211044766893634e-05,0.5146261591423446,10.17437259788254,0.00868993123729791
0.12,0.08,0.002,12,True,0.8104999999999661,0.4775313673055424,1.7274586252797204,171.6752371045811,9.457641562603394,0.35776079201392147,0.06246701086927836,0.0010838336019541883,0.057337647142971224,0.012165048459874749,0.004693838148510661,0.0010496677217878725,0.0016916237397697179,0.003011337228318354,1.3656639817761454e-05,0.5092161748652868,10.556601227494834,0.005028270321866201
0.12,0.08,0.002,13,True,1.385499999999903,0.8580349436157092,3.5851058913065974,177.51671912629607,9.222614338659188,0.5106823465188471,0.08576837780270705,0.0031602170290511893,0.05276512574660295,0.025842514773255526,0.0068446497361148734,0.00023159837315526422,0.00383939734133819,0.0028413750731413057,1.0071496504630682e-05,0.5106823465188471,10.761548012689753,0.007862966041661704
0.12,0.08,0.002,14,True,1.4104999999999002,0.9554404662049111,4.2966746538202605,177.41033407030176,9.370923614712694,0.46458555040672866,0.07772721835824833,0.002979344988679685,0.028047333341712825,0.023460264722805206,0.022517857178019643,0.001923952442364494,0.002645089626439942,0.00328694026759358,6.957465863408183e-05,0.46458555040672866,10.094407449984567,0.012463223600913117
0.12,0.08,0.002,15,True,1.4454999999998963,0.10088470063568947,0.23024397919281175,167.03618575754516,9.408625138910349,0.37248420599389614,0.09223035727523222,0.002341415082513897,0.05079085556680287,0.015576948671442846,0.001173860694578235,0.001714791771101193,0.0014387362801707927,0.0031563141306264137,2.547831869663868e-05,0.4635290062633226,10.747204198879444,0.012814660277720307
0.12,0.08,0.004,0,True,0.8304999999999639,0.1349373419278132,0.42580487131057154,169.78142785597538,9.4840630307931,0.47253699911240404,0.12766565949450603,0.0021244856490258636,0.023489335688193516,0.008901417526596284,0.00043269248631363886,0.0024398107176008175,0.0037382667318331653,0.0028199073273015396,7.210319823797473e-05,0.47253699911240404,10.68108713915643,0.013158535541215322
0.12,0.08,0.004,1,True,1.3254999999999095,0.11001559778697124,0.24452190816183975,154.22547732639538,8.312227403909956,0.4546984614480266,0.09438819669568412,0.001708156019624724,0.057523184816296764,0.011171511479831942,0.0248355844496532,0.0009354943560314564,0.0022699793469177273,0.0034831077814613254,3.0286949087099423e-05,0.4731577435179982,9.212803007193706,0.012535131086748067
0.12,0.08,0.004,2,True,0.8804999999999584,0.9471537359869803,4.338922274580216,191.63374747951192,9.874224247215295,0.444596814262228,0.035577416378596495,0.0011044052733180985,0.024924557170706164,0.025912966293074165,0.0024063537379950413,0.001800301577896962,0.003185681580435384,0.0015637032200998104,1.161067493821754e-05,0.444596814262228,10.231888726552896,0.010622656627804278
0.12,0.08,0.004,3,True,1.3954999999999018,1.0875692574677853,5.2826886005268205,179.47482975768128,9.090640418699103,0.14772351514891593,0.02863796294286335,0.0008127017608135093,0.021840525329804985,0.02562803823454073,0.015240966464155783,0.00028238592672119757,0.0022993808207094216,0.0024371538944225023,1.5412303097482646e-05,0.49239602374655833,9.352126819818665,0.008912281904956621
0.12,0.08,0.004,4,True,1.5104999999998892,0.5903058069661123,2.5747086538468045,184.60803879114746,9.3493190229483,0.5066500685155163,0.08248441075411246,0.0036220599140287797,0.03556637764071808,0.02947736152556949,0.002116282156798607,0.0018220674959850889,0.0021294597531318175,0.0034057036209574217,1.60420785683912e-05,0.5066500685155163,10.048268349666515,0.014022150797159886
0.12,0.08,0.004,5,True,1.430499999999898,0.17968153841038298,0.6103177325254193,172.5165560546402,9.15130964945285,0.4210708019156255,0.09611018943102789,0.002847440277994798,0.05039703948682469,0.019337162342927122,0.0074822626339227484,0.0001617921071449693,0.002150106642356555,0.002225419616259996,1.1304406335961537e-05,0.4210708019156255,10.784801797232584,0.011523691115879878
0.12,0.08,0.004,6,True,1.4104999999999002,0.09004642727737795,0.23833788171546713,171.13311179697683,8.923117552166566,0.4867114367610584,0.0661442371181944,0.0017884136569469048,0.027163543490666922,0.01611947927549832,0.009804302396366918,0.0029623349705594,0.002898268817821438,0.003022971791513481,2.4438083011449394e-05,0.4867114367610584,9.367174052139356,0.005517292319837753
0.12,0.08,0.004,7,True,1.3904999999999024,1.382844668661861,6.367472523357643,174.45206767222732,8.9603945746236,0.49146059032734923,0.0681495048807153,0.0020809973356412242,0.05486069004847877,0.025065085185394256,0.005895910446750368,0.0009004988547336763,0.003620660336188786,0.0010157959136967243,9.243566384669972e-05,0.49889522059021285,9.925295980985247,0.008030324268193136
0.12,0.08,0.004,8,True,1.3904999999999024,0.7429002093334612,3.1616105017794833,163.824189536315,8.705983832314754,0.4271231740331686,0.06795690369301731,0.001237666433073275,0.059363842166896275,0.015011638446681368,0.020644162864735433,0.0026096895350886484,0.002173254419617582,0.0023136456193683964,2.7440165521545802e-05,0.4271231740331686,9.94314245206847,0.007413521450846823
0.12,0.08,0.004,9,True,1.4404999999998969,0.3272337316204876,1.5905459732044867,183.9058925896755,9.365414064924352,0.41876512438463015,0.10147844103475706,0.0031903885322791745,0.024340860454377767,0.02126925930113436,0.02035579469014759,0.002148223888810696,0.0037461403614715227,0.003581180947548654,0.00012020741258969977,0.41876512438463015,9.875646939803113,0.00984944326977288
0.12,0.08,0.004,10,True,1.4904999999998914,0.4213045861154011,2.082786398454774,181.63496991739137,9.329704910637842,0.4602529357301176,0.08496364070366401,0.003704716329310304,0.02038409050395734,0.026225787476039677,0.003908196843223018,0.0015384138493096946,0.0014077588120615199,0.0030671094393433934,9.771745351894099e-05,0.4602529357301176,10.716444487502452,0.013253329063847984
0.12,0.08,0.004,11,True,0.8604999999999606,1.1188751576345994,5.2024948818158565,184.2062605499134,9.634994497129327,0.438875619675335,0.04004555839579052,0.0008758319652234292,0.03496389312200575,0.021232963867713863,0.0007510764828339755,0.0004437782537323678,0.0037846330688811086,0.0012112617284625905,1.4211044766893634e-05,0.5146261591423446,10.17437259788254,0.00868993123729791
0.12,0.08,0.004,12,True,0.8304999999999639,0.48838262527734905,1.679641178399923,177.32402457342135,9.449318222001699,0.5092161748652868,0.06483318624856386,0.0010838336019541883,0.057337647142971224,0.012165048459874749,0.004693838148510661,0.0010496677217878725,0.0016916237397697179,0.003011337228318354,1.3656639817761454e-05,0.5092161748652868,10.556601227494834,0.005028270321866201
0.12,0.08,0.004,13,True,1.4804999999998925,0.8196228561877402,3.357555059458355,180.52491664524587,9.21246071650695,0.5106823465188471,0.08846204104393753,0.0031602170290511893,0.05276512574660295,0.025842514773255526,0.0068446497361148734,0.00023159837315526422,0.00383939734133819,0.0028413750731413057,1.0071496504630682e-05,0.5106823465188471,10.761548012689753,0.007862966041661704
0.12,0.08,0.004,14,True,1.4504999999998958,0.22368629568552184,0.902940613754185,180.6540853361339,9.363623124598227,0.46458555040672866,0.07461991569988903,0.002979344988679685,0.028047333341712825,0.023460264722805206,0.022517857178019643,0.001923952442364494,0.002645089626439942,0.00328694026759358,6.957465863408183e-05,0.46458555040672866,10.094407449984567,0.012463223600913117
0.12,0.08,0.004,15,True,2.310499999999939,0.15563605324444174,0.4922385162582662,367.5068191996719,9.399539300999294,0.4635290062633226,0.09620407700213968,0.002341415082513897,0.05079085556680287,0.015576948671442846,0.001173860694578235,0.001714791771101193,0.0014387362801707927,0.0031563141306264137,2.547831869663868e-05,0.4635290062633226,10.747204198879444,0.012814660277720307
0.12,0.08,0.008,0,True,0.8504999999999617,0.13523200950127862,0.2872054654556461,171.91991152869488,9.470998499835265,0.47253699911240404,0.13019937848908156,0.0021244856490258636,0.023489335688193516,0.008901417526596284,0.00043269248631363886,0.0024398107176008175,0.0037382667318331653,0.0028199073273015396,7.210319823797473e-05,0.47253699911240404,10.68108713915643,0.013158535541215322
0.12,0.08,0.008,1,True,1.3354999999999084,0.10638098150792638,0.26123174549961503,155.2574320640579,8.292043705652732,0.4530507826678403,0.09720369614046483,0.001708156019624724,0.057523184816296764,0.011171511479831942,0.0248355844496532,0.0009354943560314564,0.0022699793469177273,0.0034831077814613254,3.0286949087099423e-05,0.4731577435179982,9.212803007193706,0.012535131086748067
0.12,0.08,0.008,2,True,2.8905000000001326,0.8968776477809594,4.1496011979478435,399.4131062222839,10.13363991614596,0.37875746844945907,0.036459526237314126,0.0011044052733180985,0.024924557170706164,0.025912966293074165,0.0024063537379950413,0.001800301577896962,0.003185681580435384,0.0015637032200998104,1.161067493821754e-05,0.444596814262228,10.231888726552896,0.010622656627804278
0.12,0.08,0.008,3,True,1.4254999999998985,1.0251080953333247,4.780148487941269,182.19469920898246,9.076884987688711,0.2108016581242522,0.0294670210350446,0.0008127017608135093,0.021840525329804985,0.02562803823454073,0.015240966464155783,0.00028238592672119757,0.0022993808207094216,0.0024371538944225023,1.5412303097482646e-05,0.49239602374655833,9.352126819818665,0.008912281904956621
0.12,0.08,0.008,4,True,1.5254999999998875,0.5206621175775367,2.3101376497794295,185.735350293922,9.342549536656911,0.5066500685155163,0.08597108091109061,0.0036220599140287797,0.03556637764071808,0.02947736152556949,0.002116282156798607,0.0018220674959850889,0.0021294597531318175,0.0034057036209574217,1.60420785683912e-05,0.5066500685155163,10.048268349666515,0.014022150797159886
0.12,0.08,0.008,5,True,1.4504999999998958,0.17495987273371477,0.5855930825581036,179.26449091617548,9.13751566573409,0.4210708019156255,0.09777003586283887,0.002847440277994798,0.05039703948682469,0.019337162342927122,0.0074822626339227484,0.0001617921071449693,0.002150106642356555,0.002225419616259996,1.1304406335961537e-05,0.4210708019156255,10.784801797232584,0.011523691115879878
0.12,0.08,0.008,6,True,1.4254999999998985,0.10821826386057148,0.2971257078984683,171.21882380341512,8.895810789729849,0.4867114367610584,0.07027250594352154,0.0017884136569469048,0.027163543490666922,0.01611947927549832,0.009804302396366918,0.0029623349705594,0.002898268817821438,0.003022971791513481,2.4438083011449394e-05,0.4867114367610584,9.367174052139356,0.005517292319837753
0.12,0.08,0.008,7,True,1.4604999999998947,1.142882120154478,5.421973270859884,176.9324357853441,8.93106921992735,0.4775065946378577,0.06820788070061613,0.0020809973356412242,0.05486069004847877,0.025065085185394256,0.005895910446750368,0.0009004988547336763,0.003620660336188786,0.0010157959136967243,9.243566384669972e-05,0.49889522059021285,9.925295980985247,0.008030324268193136
0.12,0.08,0.008,8,True,1.420499999999899,0.7095368631628282,2.8609333169918285,164.77274267465057,8.678004251571961,0.4271231740331686,0.06999810018305731,0.001237666433073275,0.059363842166896275,0.015011638446681368,0.020644162864735433,0.0026096895350886484,0.002173254419617582,0.0023136456193683964,2.7440165521545802e-05,0.4271231740331686,9.94314245206847,0.007413521450846823
0.12,0.08,0.008,9,True,1.4904999999998914,0.12698087887565151,0.46730988157206976,186.10347863005896,9.351363559085826,0.41876512438463015,0.10420981599810432,0.0031903885322791745,0.024340860454377767,0.02126925930113436,0.02035579469014759,0.002148223888810696,0.0037461403614715227,0.003581180947548654,0.00012020741258969977,0.41876512438463015,9.875646939803113,0.00984944326977288
0.12,0.08,0.008,10,True,1.520499999999888,0.1085830622720445,0.5174708180400139,183.53443453679625,9.287885266206569,0.4602529357301176,0.08582253813703893,0.003704716329310304,0.02038409050395734,0.026225787476039677,0.003908196843223018,0.0015384138493096946,0.0014077588120615199,0.0030671094393433934,9.771745351894099e-05,0.4602529357301176,10.716444487502452,0.013253329063847984
0.12,0.08,0.008,11,True,1.1704999999999266,1.1219489316896722,5.366759516878538,186.47620616831338,9.670474001876125,0.368284808136483,0.04068934281833987,0.0008758319652234292,0.03496389312200575,0.021232963867713863,0.0007510764828339755,0.0004437782537323678,0.0037846330688811086,0.0012112617284625905,1.4211044766893634e-05,0.5146261591423446,10.17437259788254,0.00868993123729791
0.12,0.08,0.008,12,True,0.8554999999999612,0.3801873252929144,1.3250591017079645,179.03565339634,9.434429985217767,0.50382894030542,0.06394182560087344,0.0010838336019541883,0.057337647142971224,0.012165048459874749,0.004693838148510661,0.0010496677217878725,0.0016916237397697179,0.003011337228318354,1.3656639817761454e-05,0.5092161748652868,10.556601227494834,0.005028270321866201
0.12,0.08,0.008,13,True,1.530499999999887,0.716515223293312,3.154440837094638,183.0770855297795,9.1912734401292,0.5106823465188471,0.08972347222967218,0.0031602170290511893,0.05276512574660295,0.025842514773255526,0.0068446497361148734,0.00023159837315526422,0.00383939734133819,0.0028413750731413057,1.0071496504630682e-05,0.5106823465188471,10.761548012689753,0.007862966041661704
0.12,0.08,0.008,14,True,1.475499999999893,0.10785059562137135,0.39775946594866024,185.50209551230054,9.33808275310228,0.46458555040672866,0.07946770242410998,0.002979344988679685,0.028047333341712825,0.023460264722805206,0.022517857178019643,0.001923952442364494,0.002645089626439942,0.00328694026759358,6.957465863408183e-05,0.46458555040672866,10.094407449984567,0.012463223600913117
0.12,0.08,0.008,15,True,1.4904999999998914,0.1269519076069907,0.3621522008570391,177.00371026102727,9.385559775513284,0.4635290062633226,0.09781230314030302,0.002341415082513897,0.05079085556680287,0.015576948671442846,0.001173860694578235,0.001714791771101193,0.0014387362801707927,0.0031563141306264137,2.547831869663868e-05,0.4635290062633226,10.747204198879444,0.012814660277720307
0.15,0.03,0.0,0,False,inf,84.85771527947655,91.44861993601415,243.20619234835718,9.867651554577566,0.47253699911240404,0.10988180616877252,0.0021244856490258636,0.023489335688193516,0.008901417526596284,0.00043269248631363886,0.0024398107176008175,0.0037382667318331653,0.0028199073273015396,7.210319823797473e-05,0.47253699911240404,10.68108713915643,0.013158535541215322
0.15,0.03,0.0,1,False,inf,90.45120245591188,134.77641138904957,379.5519439460386,8.35561850340794,0.4731577435179982,0.09128035820395157,0.001708156019624724,0.057523184816296764,0.011171511479831942,0.0248355844496532,0.0009354943560314564,0.0022699793469177273,0.0034831077814613254,3.0286949087099423e-05,0.4731577435179982,9.212803007193706,0.012535131086748067
0.15,0.03,0.0,2,False,inf,74.08033555166429,95.31318287947676,398.24221818989184,9.900302385790383,0.444596814262228,0.0946589280413064,0.0011044052733180985,0.024924557170706164,0.025912966293074165,0.0024063537379950413,0.001800301577896962,0.003185681580435384,0.0015637032200998104,1.161067493821754e-05,0.444596814262228,10.231888726552896,0.010622656627804278
0.15,0.03,0.0,3,False,8.03549999999833,52.299409819828725,77.91728607290192,306.17844200229456,9.162539356608146,0.36919212433750054,0.04789110676884158,0.0008127017608135093,0.021840525329804985,0.02562803823454073,0.015240966464155783,0.00028238592672119757,0.0022993808207094216,0.0024371538944225023,1.5412303097482646e-05,0.49239602374655833,9.352126819818665,0.008912281904956621
0.15,0.03,0.0,4,True,2.6505000000000525,0.46365992327461414,4.4448112490084455,215.47473390198394,9.375831701080763,0.5066500685155163,0.1680159729585486,0.0036220599140287797,0.03556637764071808,0.02947736152556949,0.002116282156798607,0.0018220674959850889,0.0021294597531318175,0.0034057036209574217,1.60420785683912e-05,0.5066500685155163,10.048268349666515,0.014022150797159886
0.15,0.03,0.0,5,True,2.7555000000000875,0.16351349183903852,1.304399951858382,206.34788961316642,9.45289885527203,0.4210708019156255,0.18424728195293413,0.002847440277994798,0.05039703948682469,0.019337162342927122,0.0074822626339227484,0.0001617921071449693,0.002150106642356555,0.002225419616259996,1.1304406335961537e-05,0.4210708019156255,10.784801797232584,0.011523691115879878
0.15,0.03,0.0,6,True,3.355500000000288,0.1235612953422801,1.1129157308458852,199.8559615126804,8.950082357911564,0.4867114367610584,0.1348710333362478,0.0017884136569469048,0.027163543490666922,0.01611947927549832,0.009804302396366918,0.0029623349705594,0.002898268817821438,0.003022971791513481,2.4438083011449394e-05,0.4867114367610584,9.367174052139356,0.005517292319837753
0.15,0.03,0.0,7,False,inf,95.00634144996444,20.207917827457873,159.1176616668499,8.981348818232387,0.3215874932006657,0.1374474497676612,0.0020809973356412242,0.05486069004847877,0.025065085185394256,0.005895910446750368,0.0009004988547336763,0.003620660336188786,0.0010157959136967243,9.243566384669972e-05,0.49889522059021285,9.925295980985247,0.008030324268193136
0.15,0.03,0.0,8,False,inf,82.87058680093652,210.3655486946865,408.2401699015958,8.788706768010854,0.4271231740331686,0.09184764142133718,0.001237666433073275,0.059363842166896275,0.015011638446681368,0.020644162864735433,0.0026096895350886484,0.002173254419617582,0.0023136456193683964,2.7440165521545802e-05,0.4271231740331686,9.94314245206847,0.007413521450846823
0.15,0.03,0.0,9,False,inf,104.31836149592293,31.568078371783933,169.57081118016933,9.369488598575577,0.41876512438463015,0.2532224942424245,0.0031903885322791745,0.024340860454377767,0.02126925930113436,0.02035579469014759,0.002148223888810696,0.0037461403614715227,0.003581180947548654,0.00012020741258969977,0.41876512438463015,9.875646939803113,0.00984944326977288
0.15,0.03,0.0,10,False,inf,94.25049929779661,15.46398949567341,178.7485327989855,9.616970572137888,0.4602529357301176,0.22118125470484098,0.003704716329310304,0.02038409050395734,0.026225787476039677,0.003908196843223018,0.0015384138493096946,0.0014077588120615199,0.0030671094393433934,9.771745351894099e-05,0.4602529357301176,10.716444487502452,0.013253329063847984
0.15,0.03,0.0,11,False,inf,82.07778765427247,93.604814062115,387.61576871248485,9.686679970692285,0.5146261591423446,0.08165880047809568,0.0008758319652234292,0.03496389312200575,0.021232963867713863,0.0007510764828339755,0.0004437782537323678,0.0037846330688811086,0.0012112617284625905,1.4211044766893634e-05,0.5146261591423446,10.17437259788254,0.00868993123729791
0.15,0.03,0.0,12,True,3.565500000000358,0.10952706255574515,0.8726528631096492,332.8674386624036,9.478752285626397,0.5092161748652868,0.10729303643411162,0.0010838336019541883,0.057337647142971224,0.012165048459874749,0.004693838148510661,0.0010496677217878725,0.0016916237397697179,0.003011337228318354,1.3656639817761454e-05,0.5092161748652868,10.556601227494834,0.005028270321866201
0.15,0.03,0.0,13,False,inf,80.53932177676673,97.43410170458813,289.8530471902278,9.457216969275066,0.5106823465188471,0.1722781720119059,0.0031602170290511893,0.05276512574660295,0.025842514773255526,0.0068446497361148734,0.00023159837315526422,0.00383939734133819,0.0028413750731413057,1.0071496504630682e-05,0.5106823465188471,10.761548012689753,0.007862966041661704
0.15,0.03,0.0,14,False,inf,92.7723330907582,98.20573923943054,370.37232842034103,9.640447436904957,0.45864511408673847,0.1530150606502625,0.002979344988679685,0.028047333341712825,0.023460264722805206,0.022517857178019643,0.001923952442364494,0.002645089626439942,0.00328694026759358,6.957465863408183e-05,0.46458555040672866,10.094407449984567,0.012463223600913117
0.15,0.03,0.0,15,True,2.720500000000076,0.17747552008827583,1.5228227604642743,195.1032795615058,9.715926398667497,0.4635290062633226,0.18929464826769832,0.002341415082513897,0.05079085556680287,0.015576948671442846,0.001173860694578235,0.001714791771101193,0.0014387362801707927,0.0031563141306264137,2.547831869663868e-05,0.4635290062633226,10.747204198879444,0.012814660277720307
0.15,0.03,0.002,0,True,2.0904999999998655,0.28836626966379286,3.0794970860717337,293.83573200520465,9.889107592338348,0.47253699911240404,0.30209707753458204,0.0021244856490258636,0.023489335688193516,0.008901417526596284,0.00043269248631363886,0.0024398107176008175,0.0037382667318331653,0.0028199073273015396,7.210319823797473e-05,0.47253699911240404,10.68108713915643,0.013158535541215322
0.15,0.03,0.002,1,True,3.4205000000003096,0.15621217722261457,1.4532703313093425,281.7555654179826,8.336048760537524,0.4731577435179982,0.23874735666519228,0.001708156019624724,0.057523184816296764,0.011171511479831942,0.0248355844496532,0.0009354943560314564,0.0022699793469177273,0.0034831077814613254,3.0286949087099423e-05,0.4731577435179982,9.212803007193706,0.012535131086748067
0.15,0.03,0.002,2,True,2.235499999999914,0.09443451389199067,1.0072188921183292,320.39137987462675,9.892442023854487,0.248583900481255,0.07486231390674165,0.0011044052733180985,0.024924557170706164,0.025912966293074165,0.0024063537379950413,0.001800301577896962,0.003185681580435384,0.0015637032200998104,1.161067493821754e-05,0.444596814262228,10.231888726552896,0.010622656627804278
0.15,0.03,0.002,3,True,4.035500000000483,0.3431743697515391,3.984625883773702,393.19470551299185,9.209473820843293,0.4607752549144075,0.05741680391707301,0.0008127017608135093,0.021840525329804985,0.02562803823454073,0.015240966464155783,0.00028238592672119757,0.0022993808207094216,0.0024371538944225023,1.5412303097482646e-05,0.49239602374655833,9.352126819818665,0.008912281904956621
0.15,0.03,0.002,4,True,3.9705000000004933,0.22084306779816518,2.9303668240365917,300.89291587179054,9.432540865383995,0.5066500685155163,0.21983993349179548,0.0036220599140287797,0.03556637764071808,0.02947736152556949,0.002116282156798607,0.0018220674959850889,0.0021294597531318175,0.0034057036209574217,1.60420785683912e-05,0.5066500685155163,10.048268349666515,0.014022150797159886
0.15,0.03,0.002,5,True,2.670500000000059,0.19530982910241307,2.646653207117978,300.2564893998588,9.332866192743593,0.4210708019156255,0.232158344640029,0.002847440277994798,0.05039703948682469,0.019337162342927122,0.0074822626339227484,0.0001617921071449693,0.002150106642356555,0.002225419616259996,1.1304406335961537e-05,0.4210708019156255,10.784801797232584,0.011523691115879878
0.15,0.03,0.002,6,True,4.120500000000436,0.14398826209968021,1.3212791815345721,309.7631881773445,8.960703674700715,0.4867114367610584,0.1818326323052435,0.0017884136569469048,0.027163543490666922,0.01611947927549832,0.009804302396366918,0.0029623349705594,0.002898268817821438,0.003022971791513481,2.4438083011449394e-05,0.4867114367610584,9.367174052139356,0.005517292319837753
0.15,0.03,0.002,7,True,3.3355000000002812,0.9825539378937788,12.491250892082768,337.5326332017841,8.988194231802384,0.49889522059021285,0.1451873105299107,0.0020809973356412242,0.05486069004847877,0.025065085185394256,0.005895910446750368,0.0009004988547336763,0.003620660336188786,0.0010157959136967243,9.243566384669972e-05,0.49889522059021285,9.925295980985247,0.008030324268193136
0.15,0.03,0.002,8,True,4.015500000000494,0.10092758300779019,0.7923478818586511,298.1832581757932,8.730738052864266,0.4271231740331686,0.13724781665945326,0.001237666433073275,0.059363842166896275,0.015011638446681368,0.020644162864735433,0.0026096895350886484,0.002173254419617582,0.0023136456193683964,2.7440165521545802e-05,0.4271231740331686,9.94314245206847,0.007413521450846823
0.15,0.03,0.002,9,False,inf,81.06062160088202,168.09581178766118,478.43581727066885,9.479737986305016,0.41876512438463015,0.13112027952707134,0.0031903885322791745,0.024340860454377767,0.02126925930113436,0.02035579469014759,0.002148223888810696,0.0037461403614715227,0.003581180947548654,0.00012020741258969977,0.41876512438463015,9.875646939803113,0.00984944326977288
0.15,0.03,0.002,10,False,inf,77.68560173663106,114.80027365607889,306.4668285557689,9.777440290899655,0.4602529357301176,0.15001390799272313,0.003704716329310304,0.02038409050395734,0.026225787476039677,0.003908196843223018,0.0015384138493096946,0.0014077588120615199,0.0030671094393433934,9.771745351894099e-05,0.4602529357301176,10.716444487502452,0.013253329063847984
0.15,0.03,0.002,11,True,2.2104999999999055,0.21922138320661647,2.354077676794427,325.5431026370699,9.648977367158134,0.23711001394390235,0.07326508151520816,0.0008758319652234292,0.03496389312200575,0.021232963867713863,0.0007510764828339755,0.0004437782537323678,0.0037846330688811086,0.0012112617284625905,1.4211044766893634e-05,0.5146261591423446,10.17437259788254,0.00868993123729791
0.15,0.03,0.002,12,True,2.1204999999998755,0.10311768660655993,0.6734575651313021,306.9720559678347,9.464626418858327,0.4655842135971445,0.14130519205618217,0.0010838336019541883,0.057337647142971224,0.012165048459874749,0.004693838148510661,0.0010496677217878725,0.0016916237397697179,0.003011337228318354,1.3656639817761454e-05,0.5092161748652868,10.556601227494834,0.005028270321866201
0.15,0.03,0.002,13,True,2.1354999999998805,0.2112818080657182,2.891201081871069,297.9721752850219,9.456077338152294,0.5106823465188471,0.21694750071849148,0.0031602170290511893,0.05276512574660295,0.025842514773255526,0.0068446497361148734,0.00023159837315526422,0.00383939734133819,0.0028413750731413057,1.0071496504630682e-05,0.5106823465188471,10.761548012689753,0.007862966041661704
0.15,0.03,0.002,14,True,4.105500000000444,0.15357560066219433,457.2044552604727,3025.2138197771606,9.580728296226802,0.46458555040672866,0.040510560539864744,0.002979344988679685,0.028047333341712825,0.023460264722805206,0.022517857178019643,0.001923952442364494,0.002645089626439942,0.00328694026759358,6.957465863408183e-05,0.46458555040672866,10.094407449984567,0.012463223600913117
0.15,0.03,0.002,15,True,2.110499999999872,0.1877525186422153,2.308376062014782,293.55665864097756,9.623869778480032,0.4635290062633226,0.24189929487836864,0.002341415082513897,0.05079085556680287,0.015576948671442846,0.001173860694578235,0.001714791771101193,0.0014387362801707927,0.0031563141306264137,2.547831869663868e-05,0.4635290062633226,10.747204198879444,0.012814660277720307
0.15,0.03,0.004,0,True,2.1654999999998905,0.31919107674196473,3.7000609279894556,300.3129885032064,9.884703761477615,0.47253699911240404,0.3074089833085871,0.0021244856490258636,0.023489335688193516,0.008901417526596284,0.00043269248631363886,0.0024398107176008175,0.0037382667318331653,0.0028199073273015396,7.210319823797473e-05,0.47253699911240404,10.68108713915643,0.013158535541215322
0.15,0.03,0.004,1,True,3.8755000000004616,0.15594629287250744,1.5275297119416285,295.33952543828264,8.33521923034108,0.4731577435179982,0.24783936422531258,0.001708156019624724,0.057523184816296764,0.011171511479831942,0.0248355844496532,0.0009354943560314564,0.0022699793469177273,0.0034831077814613254,3.0286949087099423e-05,0.4731577435179982,9.212803007193706,0.012535131086748067
0.15,0.03,0.004,2,True,2.2254999999999105,0.15601322815507704,1.7181400453542282,323.0119992230395,9.880966808864144,0.2924153576973964,0.08059600594809034,0.0011044052733180985,0.024924557170706164,0.025912966293074165,0.0024063537379950413,0.001800301577896962,0.003185681580435384,0.0015637032200998104,1.161067493821754e-05,0.444596814262228,10.231888726552896,0.010622656627804278
0.15,0.03,0.004,3,True,3.9905000000005,0.20273341371022455,2.2427264445680946,324.17332065122315,9.10589233727763,0.351257751791085,0.06055657260707399,0.0008127017608135093,0.021840525329804985,0.02562803823454073,0.015240966464155783,0.00028238592672119757,0.0022993808207094216,0.0024371538944225023,1.5412303097482646e-05,0.49239602374655833,9.352126819818665,0.008912281904956621
0.15,0.03,0.004,4,True,2.765500000000091,0.2505643586700324,3.6781633238226736,310.2744958047921,9.375872935438741,0.5066500685155163,0.22867405569352484,0.0036220599140287797,0.03556637764071808,0.02947736152556949,0.002116282156798607,0.0018220674959850889,0.0021294597531318175,0.0034057036209574217,1.60420785683912e-05,0.5066500685155163,10.048268349666515,0.014022150797159886
0.15,0.03,0.004,5,False,inf,76.86520786186372,105.25378415877971,480.15473252972805,9.253445459290758,0.4210708019156255,0.145997739262572,0.002847440277994798,0.05039703948682469,0.019337162342927122,0.0074822626339227484,0.0001617921071449693,0.002150106642356555,0.002225419616259996,1.1304406335961537e-05,0.4210708019156255,10.784801797232584,0.011523691115879878
0.15,0.03,0.004,6,True,3.9855000000004983,0.16528675820147878,1.700785539691041,312.4941758331887,8.941406658394541,0.4867114367610584,0.1901114051669937,0.0017884136569469048,0.027163543490666922,0.01611947927549832,0.009804302396366918,0.0029623349705594,0.002898268817821438,0.003022971791513481,2.4438083011449394e-05,0.4867114367610584,9.367174052139356,0.005517292319837753
0.15,0.03,0.004,7,True,3.370500000000293,0.4597683470539169,5.863867967562526,336.7693353268879,8.984272426096652,0.46897586604644753,0.14445609032155565,0.0020809973356412242,0.05486069004847877,0.025065085185394256,0.005895910446750368,0.0009004988547336763,0.003620660336188786,0.0010157959136967243,9.243566384669972e-05,0.49889522059021285,9.925295980985247,0.008030324268193136
0.15,0.03,0.004,8,True,3.3005000000002696,0.10131519707260048,0.820849569000419,317.06029061291775,8.72663530770603,0.4271231740331686,0.14184009219829408,0.001237666433073275,0.059363842166896275,0.015011638446681368,0.020644162864735433,0.0026096895350886484,0.002173254419617582,0.0023136456193683964,2.7440165521545802e-05,0.4271231740331686,9.94314245206847,0.007413521450846823
0.15,0.03,0.004,9,True,4.100500000000447,0.5815574747346769,9.093780972450508,340.1705950090857,9.47881485721259,0.41876512438463015,0.25217720953882017,0.0031903885322791745,0.024340860454377767,0.02126925930113436,0.02035579469014759,0.002148223888810696,0.0037461403614715227,0.003581180947548654,0.00012020741258969977,0.41876512438463015,9.875646939803113,0.00984944326977288
0.15,0.03,0.004,10,False,inf,70.92593369459887,177.9806409716488,443.40712174238786,9.711629496274343,0.4602529357301176,0.16976928701549124,0.003704716329310304,0.02038409050395734,0.026225787476039677,0.003908196843223018,0.0015384138493096946,0.0014077588120615199,0.0030671094393433934,9.771745351894099e-05,0.4602529357301176,10.716444487502452,0.013253329063847984
0.15,0.03,0.004,11,True,2.220499999999909,0.1562977925288317,1.7245118186588093,326.51400138886936,9.647312424590233,0.26751388859408215,0.077388219774269,0.0008758319652234292,0.03496389312200575,0.021232963867713863,0.0007510764828339755,0.0004437782537323678,0.0037846330688811086,0.0012112617284625905,1.4211044766893634e-05,0.5146261591423446,10.17437259788254,0.00868993123729791
0.15,0.03,0.004,12,True,2.1504999999998855,0.1233258711073204,1.1400910737359469,311.74220143615094,9.454938679379632,0.5092161748652868,0.14863777077279292,0.0010838336019541883,0.057337647142971224,0.012165048459874749,0.004693838148510661,0.0010496677217878725,0.0016916237397697179,0.003011337228318354,1.3656639817761454e-05,0.5092161748652868,10.556601227494834,0.005028270321866201
0.15,0.03,0.004,13,False,inf,81.13551107086232,95.06244056698918,321.49556472311184,9.436562092784525,0.5106823465188471,0.17406863832509745,0.0031602170290511893,0.05276512574660295,0.025842514773255526,0.0068446497361148734,0.00023159837315526422,0.00383939734133819,0.0028413750731413057,1.0071496504630682e-05,0.5106823465188471,10.761548012689753,0.007862966041661704
0.15,0.03,0.004,14,True,4.87050000000002,0.18158432832936697,2.349295897334732,349.707990337142,9.613057975499325,0.46458555040672866,0.21902493288305447,0.002979344988679685,0.028047333341712825,0.023460264722805206,0.022517857178019643,0.001923952442364494,0.002645089626439942,0.00328694026759358,6.957465863408183e-05,0.46458555040672866,10.094407449984567,0.012463223600913117
0.15,0.03,0.004,15,True,2.175499999999894,0.22684044594434669,3.08360032375701,300.06643922617025,9.58959223297001,0.4635290062633226,0.24845627841409781,0.002341415082513897,0.05079085556680287,0.015576948671442846,0.001173860694578235,0.001714791771101193,0.0014387362801707927,0.0031563141306264137,2.547831869663868e-05,0.4635290062633226,10.747204198879444,0.012814660277720307
0.15,0.03,0.008,0,False,inf,90.59622805129523,114.87194765103477,1007.2098705180493,9.941130834765739,0.47253699911240404,0.12181173590288429,0.0021244856490258636,0.023489335688193516,0.008901417526596284,0.00043269248631363886,0.0024398107176008175,0.0037382667318331653,0.0028199073273015396,7.210319823797473e-05,0.47253699911240404,10.68108713915643,0.013158535541215322
0.15,0.03,0.008,1,True,4.225500000000378,0.19069748361121397,2.9892203986008714,318.9543808583688,8.33097705189262,0.4731577435179982,0.2525883500395762,0.001708156019624724,0.057523184816296764,0.011171511479831942,0.0248355844496532,0.0009354943560314564,0.0022699793469177273,0.0034831077814613254,3.0286949087099423e-05,0.4731577435179982,9.212803007193706,0.012535131086748067
0.15,0.03,0.008,2,True,5.830499999999488,0.13433932076545205,1.4882703524832652,471.4486961403589,9.863078321815188,0.444596814262228,0.0803962973782133,0.0011044052733180985,0.024924557170706164,0.025912966293074165,0.0024063537379950413,0.001800301577896962,0.003185681580435384,0.0015637032200998104,1.161067493821754e-05,0.444596814262228,10.231888726552896,0.010622656627804278
0.15,0.03,0.008,3,True,4.45550000000025,0.24365533258691108,2.897454437472066,326.8544603397743,9.134714849750566,0.262254588536873,0.06152943797140965,0.0008127017608135093,0.021840525329804985,0.02562803823454073,0.015240966464155783,0.00028238592672119757,0.0022993808207094216,0.0024371538944225023,1.5412303097482646e-05,0.49239602374655833,9.352126819818665,0.008912281904956621
0.15,0.03,0.008,4,True,3.3505000000002862,0.18645304088567735,3.4304474041093584,315.5587023801252,9.369732398569141,0.5066500685155163,0.23359967456839392,0.0036220599140287797,0.03556637764071808,0.02947736152556949,0.002116282156798607,0.0018220674959850889,0.0021294597531318175,0.0034057036209574217,1.60420785683912e-05,0.5066500685155163,10.048268349666515,0.014022150797159886
0.15,0.03,0.008,5,True,3.3205000000002762,0.23526970402191158,3.833248305068481,312.49400359451374,9.368629255810914,0.4210708019156255,0.24452676907263318,0.002847440277994798,0.05039703948682469,0.019337162342927122,0.0074822626339227484,0.0001617921071449693,0.002150106642356555,0.002225419616259996,1.1304406335961537e-05,0.4210708019156255,10.784801797232584,0.011523691115879878
0.15,0.03,0.008,6,True,3.230500000000246,0.15446828527313433,1.7633951949845232,316.62429756012347,8.936415981884602,0.4867114367610584,0.19561765079311166,0.0017884136569469048,0.027163543490666922,0.01611947927549832,0.009804302396366918,0.0029623349705594,0.002898268817821438,0.003022971791513481,2.4438083011449394e-05,0.4867114367610584,9.367174052139356,0.005517292319837753
0.15,0.03,0.008,7,False,7.115499999998776,4.341019230396554,18.27471934535094,437.9298313682248,8.963987236070443,0.49889522059021285,0.15771205142169287,0.0020809973356412242,0.05486069004847877,0.025065085185394256,0.005895910446750368,0.0009004988547336763,0.003620660336188786,0.0010157959136967243,9.243566384669972e-05,0.49889522059021285,9.925295980985247,0.008030324268193136
0.15,0.03,0.008,8,False,8.345499999998708,59.268493726353725,59.708650469733115,407.1295027446134,8.923643203462655,0.4271231740331686,0.13068812487770398,0.001237666433073275,0.059363842166896275,0.015011638446681368,0.020644162864735433,0.0026096895350886484,0.002173254419617582,0.0023136456193683964,2.7440165521545802e-05,0.4271231740331686,9.94314245206847,0.007413521450846823
0.15,0.03,0.008,9,True,3.310500000000273,0.3228726876428174,5.090920680230044,342.4588689845541,9.47184845675485,0.41876512438463015,0.262867235460576,0.0031903885322791745,0.024340860454377767,0.02126925930113436,0.02035579469014759,0.002148223888810696,0.0037461403614715227,0.003581180947548654,0.00012020741258969977,0.41876512438463015,9.875646939803113,0.00984944326977288
0.15,0.03,0.008,10,True,3.355500000000288,0.25065642315318687,3.825894036579433,308.7510851963664,9.615273046863232,0.4602529357301176,0.23730249165913828,0.003704716329310304,0.02038409050395734,0.026225787476039677,0.003908196843223018,0.0015384138493096946,0.0014077588120615199,0.0030671094393433934,9.771745351894099e-05,0.4602529357301176,10.716444487502452,0.013253329063847984
0.15,0.03,0.008,11,True,3.430500000000313,0.0941755549248566,0.9712425378443477,327.11648853240126,9.638994021968658,0.2459975523152268,0.0797840011466935,0.0008758319652234292,0.03496389312200575,0.021232963867713863,0.0007510764828339755,0.0004437782537323678,0.0037846330688811086,0.0012112617284625905,1.4211044766893634e-05,0.5146261591423446,10.17437259788254,0.00868993123729791
0.15,0.03,0.008,12,True,3.3455000000002846,0.09060679536244115,0.6579225895655025,319.2472010741664,9.451219677382278,0.5092161748652868,0.15086015960317956,0.0010838336019541883,0.057337647142971224,0.012165048459874749,0.004693838148510661,0.0010496677217878725,0.0016916237397697179,0.003011337228318354,1.3656639817761454e-05,0.5092161748652868,10.556601227494834,0.005028270321866201
0.15,0.03,0.008,13,True,3.3305000000002796,0.23846422623025443,4.449582538625938,311.58916785657874,9.461081125737905,0.5106823465188471,0.22895121425291576,0.0031602170290511893,0.05276512574660295,0.025842514773255526,0.0068446497361148734,0.00023159837315526422,0.00383939734133819,0.0028413750731413057,1.0071496504630682e-05,0.5106823465188471,10.761548012689753,0.007862966041661704
0.15,0.03,0.008,14,True,3.275500000000261,0.14688653915745076,2.3254122299074527,317.27368058458745,9.389816549143868,0.46458555040672866,0.22528033664662755,0.002979344988679685,0.028047333341712825,0.023460264722805206,0.022517857178019643,0.001923952442364494,0.002645089626439942,0.00328694026759358,6.957465863408183e-05,0.46458555040672866,10.094407449984567,0.012463223600913117
0.15,0.03,0.008,15,True,3.3655000000002913,0.22152600279072823,2.831917283313758,303.7202023508947,9.585155775403095,0.4635290062633226,0.2544291961369035,0.002341415082513897,0.05079085556680287,0.015576948671442846,0.001173860694578235,0.001714791771101193,0.0014387362801707927,0.0031563141306264137,2.547831869663868e-05,0.4635290062633226,10.747204198879444,0.012814660277720307
0.15,0.04,0.0,0,False,inf,78.17360637345908,95.27714211246163,354.00219064591056,9.87309402383492,0.47253699911240404,0.11308875593170847,0.0021244856490258636,0.023489335688193516,0.008901417526596284,0.00043269248631363886,0.0024398107176008175,0.0037382667318331653,0.0028199073273015396,7.210319823797473e-05,0.47253699911240404,10.68108713915643,0.013158535541215322
0.15,0.04,0.0,1,True,1.9704999999998385,0.1087864132103456,0.632562297669606,167.36485240080603,8.334838625209537,0.4731577435179982,0.14158720767051006,0.001708156019624724,0.057523184816296764,0.011171511479831942,0.0248355844496532,0.0009354943560314564,0.0022699793469177273,0.0034831077814613254,3.0286949087099423e-05,0.4731577435179982,9.212803007193706,0.012535131086748067
0.15,0.04,0.0,2,True,1.9054999999998457,0.7564203399966973,5.72289307158434,224.30463137067983,9.898410535531642,0.4195696210166872,0.046997820479990696,0.0011044052733180985,0.024924557170706164,0.025912966293074165,0.0024063537379950413,0.001800301577896962,0.003185681580435384,0.0015637032200998104,1.161067493821754e-05,0.444596814262228,10.231888726552896,0.010622656627804278
0.15,0.04,0.0,3,True,1.6854999999998699,1.007483918291804,7.528125798101037,197.3845338908475,9.105744009596272,0.1454598027035735,0.0386300593570018,0.0008127017608135093,0.021840525329804985,0.02562803823454073,0.015240966464155783,0.00028238592672119757,0.0022993808207094216,0.0024371538944225023,1.5412303097482646e-05,0.49239602374655833,9.352126819818665,0.008912281904956621
0.15,0.04,0.0,4,True,2.155499999999887,0.7055819094386376,5.096885205251267,205.25073083708847,9.327138719128047,0.5066500685155163,0.13219061216765057,0.0036220599140287797,0.03556637764071808,0.02947736152556949,0.002116282156798607,0.0018220674959850889,0.0021294597531318175,0.0034057036209574217,1.60420785683912e-05,0.5066500685155163,10.048268349666515,0.014022150797159886
0.15,0.04,0.0,5,False,inf,74.57141607993525,90.46815360762014,328.059713207493,9.174004810194242,0.4210708019156255,0.16607185549783685,0.002847440277994798,0.05039703948682469,0.019337162342927122,0.0074822626339227484,0.0001617921071449693,0.002150106642356555,0.002225419616259996,1.1304406335961537e-05,0.4210708019156255,10.784801797232584,0.011523691115879878
0.15,0.04,0.0,6,True,1.6054999999998787,0.1289945947551768,0.8719971198481968,181.29467697191606,8.948037888181853,0.4277337085623774,0.10411208358561017,0.0017884136569469048,0.027163543490666922,0.01611947927549832,0.009804302396366918,0.0029623349705594,0.002898268817821438,0.003022971791513481,2.4438083011449394e-05,0.4867114367610584,9.367174052139356,0.005517292319837753
0.15,0.04,0.0,7,False,inf,84.4801237214846,87.72406555581243,376.88383395420357,8.9803053631138,0.49889522059021285,0.10727417464860708,0.0020809973356412242,0.05486069004847877,0.025065085185394256,0.005895910446750368,0.0009004988547336763,0.003620660336188786,0.0010157959136967243,9.243566384669972e-05,0.49889522059021285,9.925295980985247,0.008030324268193136
0.15,0.04,0.0,8,True,2.085499999999864,0.18187369552645133,0.9827936538449948,165.87868360654537,8.731213346392698,0.3047732231710472,0.07974819991281783,0.001237666433073275,0.059363842166896275,0.015011638446681368,0.020644162864735433,0.0026096895350886484,0.002173254419617582,0.0023136456193683964,2.7440165521545802e-05,0.4271231740331686,9.94314245206847,0.007413521450846823
0.15,0.04,0.0,9,False,inf,91.3120061215199,151.42982152980073,346.9789180260795,9.322599530031853,0.41876512438463015,0.1640061397149937,0.0031903885322791745,0.024340860454377767,0.02126925930113436,0.02035579469014759,0.002148223888810696,0.0037461403614715227,0.003581180947548654,0.00012020741258969977,0.41876512438463015,9.875646939803113,0.00984944326977288
0.15,0.04,0.0,10,False,inf,85.84578763575679,108.77558668034965,431.45269305342833,9.774655916964393,0.4602529357301176,0.19118721450458975,0.003704716329310304,0.02038409050395734,0.026225787476039677,0.003908196843223018,0.0015384138493096946,0.0014077588120615199,0.0030671094393433934,9.771745351894099e-05,0.4602529357301176,10.716444487502452,0.013253329063847984
0.15,0.04,0.0,11,True,1.8054999999998567,0.878738795108014,7.086214543891088,214.05972114393535,9.652582440256984,0.18527201874156018,0.049306560080408054,0.0008758319652234292,0.03496389312200575,0.021232963867713863,0.0007510764828339755,0.0004437782537323678,0.0037846330688811086,0.0012112617284625905,1.4211044766893634e-05,0.5146261591423446,10.17437259788254,0.00868993123729791
0.15,0.04,0.0,12,True,1.730499999999865,0.12690023167585596,0.4845005864720241,202.71239267601882,9.469522199237742,0.3731990314931152,0.08507160544880697,0.0010838336019541883,0.057337647142971224,0.012165048459874749,0.004693838148510661,0.0010496677217878725,0.0016916237397697179,0.003011337228318354,1.3656639817761454e-05,0.5092161748652868,10.556601227494834,0.005028270321866201
0.15,0.04,0.0,13,True,1.6954999999998688,0.5577543451652095,4.057341225646282,197.57611280345645,9.337942087085016,0.5102227222499462,0.1306274856037353,0.0031602170290511893,0.05276512574660295,0.025842514773255526,0.0068446497361148734,0.00023159837315526422,0.00383939734133819,0.0028413750731413057,1.0071496504630682e-05,0.5106823465188471,10.761548012689753,0.007862966041661704
0.15,0.04,0.0,14,False,inf,85.77784609578863,162.80852348882343,386.5356209256294,9.71534392877624,0.46458555040672866,0.14384032524718152,0.002979344988679685,0.028047333341712825,0.023460264722805206,0.022517857178019643,0.001923952442364494,0.002645089626439942,0.00328694026759358,6.957465863408183e-05,0.46458555040672866,10.094407449984567,0.012463223600913117
0.15,0.04,0.0,15,True,1.6704999999998715,0.14716443762918346,1.0992496481397476,186.31592885566556,9.567329473407934,0.4596856301226673,0.14645663719489202,0.002341415082513897,0.05079085556680287,0.015576948671442846,0.001173860694578235,0.001714791771101193,0.0014387362801707927,0.0031563141306264137,2.547831869663868e-05,0.4635290062633226,10.747204198879444,0.012814660277720307
0.15,0.04,0.002,0,True,2.1954999999999005,0.22996766092894444,1.2840019556906301,256.0245920674029,9.851006446763032,0.47253699911240404,0.2540283590798166,0.0021244856490258636,0.023489335688193516,0.008901417526596284,0.00043269248631363886,0.0024398107176008175,0.0037382667318331653,0.0028199073273015396,7.210319823797473e-05,0.47253699911240404,10.68108713915643,0.013158535541215322
0.15,0.04,0.002,1,True,2.4804999999999957,0.12664650902221186,0.8933635118253745,230.84109479091555,8.332163233607995,0.4731577435179982,0.19035627018689094,0.001708156019624724,0.057523184816296764,0.011171511479831942,0.0248355844496532,0.0009354943560314564,0.0022699793469177273,0.0034831077814613254,3.0286949087099423e-05,0.4731577435179982,9.212803007193706,0.012535131086748067
0.15,0.04,0.002,2,True,2.400499999999969,0.25395085681034146,2.278772526100883,284.21146933541837,9.900998555836676,0.41139455628152244,0.05922057372532489,0.0011044052733180985,0.024924557170706164,0.025912966293074165,0.0024063537379950413,0.001800301577896962,0.003185681580435384,0.0015637032200998104,1.161067493821754e-05,0.444596814262228,10.231888726552896,0.010622656627804278
0.15,0.04,0.002,3,True,2.115499999999874,0.5914994190992484,5.285029747694796,269.9825808010764,9.128706187234478,0.18796066843993345,0.045651739518910384,0.0008127017608135093,0.021840525329804985,0.02562803823454073,0.015240966464155783,0.00028238592672119757,0.0022993808207094216,0.0024371538944225023,1.5412303097482646e-05,0.49239602374655833,9.352126819818665,0.008912281904956621
0.15,0.04,0.002,4,True,2.0904999999998655,0.18953569783375995,1.9412026207319923,273.51025461030076,9.377096326922533,0.5066500685155163,0.1688125710183058,0.0036220599140287797,0.03556637764071808,0.02947736152556949,0.002116282156798607,0.0018220674959850889,0.0021294597531318175,0.0034057036209574217,1.60420785683912e-05,0.5066500685155163,10.048268349666515,0.014022150797159886
0.15,0.04,0.002,5,True,2.070499999999859,0.17185809435376298,1.826386644325804,260.5301803659022,9.238571824695857,0.4210708019156255,0.18767183401477527,0.002847440277994798,0.05039703948682469,0.019337162342927122,0.0074822626339227484,0.0001617921071449693,0.002150106642356555,0.002225419616259996,1.1304406335961537e-05,0.4210708019156255,10.784801797232584,0.011523691115879878
0.15,0.04,0.002,6,True,2.0604999999998554,0.12499350990144495,0.7861387740741301,268.8705793377004,8.944877799726637,0.4867114367610584,0.14278572878537862,0.0017884136569469048,0.027163543490666922,0.01611947927549832,0.009804302396366918,0.0029623349705594,0.002898268817821438,0.003022971791513481,2.4438083011449394e-05,0.4867114367610584,9.367174052139356,0.005517292319837753
0.15,0.04,0.002,7,True,2.085499999999864,1.1318984530185172,10.652532081763978,285.3507550401884,8.989174102898586,0.49889522059021285,0.11422293643424711,0.0020809973356412242,0.05486069004847877,0.025065085185394256,0.005895910446750368,0.0009004988547336763,0.003620660336188786,0.0010157959136967243,9.243566384669972e-05,0.49889522059021285,9.925295980985247,0.008030324268193136
0.15,0.04,0.002,8,True,2.0154999999998404,0.13087042079546896,0.8317208628757803,264.4643066278632,8.7279014293214,0.39223431148988874,0.10565513944454086,0.001237666433073275,0.059363842166896275,0.015011638446681368,0.020644162864735433,0.0026096895350886484,0.002173254419617582,0.0023136456193683964,2.7440165521545802e-05,0.4271231740331686,9.94314245206847,0.007413521450846823
0.15,0.04,0.002,9,False,inf,71.3002013739153,115.13348218612883,398.72302370794927,9.479589606365185,0.41876512438463015,0.15594847168905274,0.0031903885322791745,0.024340860454377767,0.02126925930113436,0.02035579469014759,0.002148223888810696,0.0037461403614715227,0.003581180947548654,0.00012020741258969977,0.41876512438463015,9.875646939803113,0.00984944326977288
0.15,0.04,0.002,10,True,2.100499999999869,0.4728718148398947,4.611839926436789,270.47806665330654,9.62793897668024,0.4602529357301176,0.18181981469971378,0.003704716329310304,0.02038409050395734,0.026225787476039677,0.003908196843223018,0.0015384138493096946,0.0014077588120615199,0.0030671094393433934,9.771745351894099e-05,0.4602529357301176,10.716444487502452,0.013253329063847984
0.15,0.04,0.002,11,True,2.3904999999999657,0.5191853436036883,4.562854148810355,284.808911494275,9.648871834768427,0.30883284517417087,0.060288385349604734,0.0008758319652234292,0.03496389312200575,0.021232963867713863,0.0007510764828339755,0.0004437782537323678,0.0037846330688811086,0.0012112617284625905,1.4211044766893634e-05,0.5146261591423446,10.17437259788254,0.00868993123729791
0.15,0.04,0.002,12,True,1.565499999999883,0.10374231866717976,0.5235276168419237,271.772966913563,9.465116712008586,0.3880294847377491,0.10971307434047536,0.0010838336019541883,0.057337647142971224,0.012165048459874749,0.004693838148510661,0.0010496677217878725,0.0016916237397697179,0.003011337228318354,1.3656639817761454e-05,0.5092161748652868,10.556601227494834,0.005028270321866201
0.15,0.04,0.002,13,True,2.115499999999874,0.19988893697775348,1.9035361479633819,265.1687071468851,9.435957148206235,0.5100146586069029,0.16616517121885202,0.0031602170290511893,0.05276512574660295,0.025842514773255526,0.0068446497361148734,0.00023159837315526422,0.00383939734133819,0.0028413750731413057,1.0071496504630682e-05,0.5106823465188471,10.761548012689753,0.007862966041661704
0.15,0.04,0.002,14,True,2.0754999999998605,0.1731679367464358,1.6101585368835685,271.22756220214893,9.395073270129178,0.46458555040672866,0.16248660396942535,0.002979344988679685,0.028047333341712825,0.023460264722805206,0.022517857178019643,0.001923952442364494,0.002645089626439942,0.00328694026759358,6.957465863408183e-05,0.46458555040672866,10.094407449984567,0.012463223600913117
0.15,0.04,0.002,15,True,2.1654999999998905,0.12218657791888182,0.6689835930347631,252.7872517919235,9.582913558093294,0.4635290062633226,0.19195330107994976,0.002341415082513897,0.05079085556680287,0.015576948671442846,0.001173860694578235,0.001714791771101193,0.0014387362801707927,0.0031563141306264137,2.547831869663868e-05,0.4635290062633226,10.747204198879444,0.012814660277720307
0.15,0.04,0.004,0,True,2.2754999999999272,0.240774101456769,2.968487418546914,262.9008258301694,9.727035271704258,0.47253699911240404,0.2700898498451254,0.0021244856490258636,0.023489335688193516,0.008901417526596284,0.00043269248631363886,0.0024398107176008175,0.0037382667318331653,0.0028199073273015396,7.210319823797473e-05,0.47253699911240404,10.68108713915643,0.013158535541215322
0.15,0.04,0.004,1,True,2.5755000000000274,0.148308349232336,1.0030992973394393,250.95185629569207,8.33074315169882,0.4731577435179982,0.1987971132511739,0.001708156019624724,0.057523184816296764,0.011171511479831942,0.0248355844496532,0.0009354943560314564,0.0022699793469177273,0.0034831077814613254,3.0286949087099423e-05,0.4731577435179982,9.212803007193706,0.012535131086748067
0.15,0.04,0.004,2,True,2.385499999999964,0.33921203886730783,3.117226127366084,287.38063544494946,9.907069035704925,0.36882919795502855,0.060731003602066166,0.0011044052733180985,0.024924557170706164,0.025912966293074165,0.0024063537379950413,0.001800301577896962,0.003185681580435384,0.0015637032200998104,1.161067493821754e-05,0.444596814262228,10.231888726552896,0.010622656627804278
0.15,0.04,0.004,3,True,2.145499999999884,0.5253035811707828,4.721233030084635,280.3509495823188,9.11280423305622,0.18138454126626355,0.04795971635721281,0.0008127017608135093,0.021840525329804985,0.02562803823454073,0.015240966464155783,0.00028238592672119757,0.0022993808207094216,0.0024371538944225023,1.5412303097482646e-05,0.49239602374655833,9.352126819818665,0.008912281904956621
0.15,0.04,0.004,4,True,2.1504999999998855,0.06268926506657067,0.5616656040587584,281.0159457437901,9.37173394427082,0.5066500685155163,0.17491181111982151,0.0036220599140287797,0.03556637764071808,0.02947736152556949,0.002116282156798607,0.0018220674959850889,0.0021294597531318175,0.0034057036209574217,1.60420785683912e-05,0.5066500685155163,10.048268349666515,0.014022150797159886
0.15,0.04,0.004,5,True,2.1204999999998755,0.20636709137500506,2.6738332831000537,273.09097403229305,9.234933079096471,0.4210708019156255,0.19468535818216282,0.002847440277994798,0.05039703948682469,0.019337162342927122,0.0074822626339227484,0.0001617921071449693,0.002150106642356555,0.002225419616259996,1.1304406335961537e-05,0.4210708019156255,10.784801797232584,0.011523691115879878
0.15,0.04,0.004,6,True,2.100499999999869,0.1118936062089832,0.5309967562263707,276.43915707762613,8.94216109753953,0.4867114367610584,0.1448911842483877,0.0017884136569469048,0.027163543490666922,0.01611947927549832,0.009804302396366918,0.0029623349705594,0.002898268817821438,0.003022971791513481,2.4438083011449394e-05,0.4867114367610584,9.367174052139356,0.005517292319837753
0.15,0.04,0.004,7,True,2.1354999999998805,0.2446733615112068,2.3465179183704112,288.1040155398602,8.983395485266712,0.4901231869480614,0.11098372915746313,0.0020809973356412242,0.05486069004847877,0.025065085185394256,0.005895910446750368,0.0009004988547336763,0.003620660336188786,0.0010157959136967243,9.243566384669972e-05,0.49889522059021285,9.925295980985247,0.008030324268193136
0.15,0.04,0.004,8,True,4.210500000000386,0.09005572104756632,0.8460837042705828,369.24296258342844,8.721876872327982,0.4271231740331686,0.11241860264655923,0.001237666433073275,0.059363842166896275,0.015011638446681368,0.020644162864735433,0.0026096895350886484,0.002173254419617582,0.0023136456193683964,2.7440165521545802e-05,0.4271231740331686,9.94314245206847,0.007413521450846823
0.15,0.04,0.004,9,True,2.175499999999894,0.32863911753726516,2.5818088020137044,307.5910663822591,9.4790151894779,0.41876512438463015,0.21816953740680467,0.0031903885322791745,0.024340860454377767,0.02126925930113436,0.02035579469014759,0.002148223888810696,0.0037461403614715227,0.003581180947548654,0.00012020741258969977,0.41876512438463015,9.875646939803113,0.00984944326977288
0.15,0.04,0.004,10,True,2.160499999999889,0.2216902086018185,2.5130297004834175,276.5723243457703,9.517466310286114,0.4602529357301176,0.189411116980494,0.003704716329310304,0.02038409050395734,0.026225787476039677,0.003908196843223018,0.0015384138493096946,0.0014077588120615199,0.0030671094393433934,9.771745351894099e-05,0.4602529357301176,10.716444487502452,0.013253329063847984
0.15,0.04,0.004,11,True,2.385499999999964,0.4425927632477583,3.9025368107589826,287.8151725419942,9.657214592084603,0.3267186406698409,0.062079720901003256,0.0008758319652234292,0.03496389312200575,0.021232963867713863,0.0007510764828339755,0.0004437782537323678,0.0037846330688811086,0.0012112617284625905,1.4211044766893634e-05,0.5146261591423446,10.17437259788254,0.00868993123729791
0.15,0.04,0.004,12,True,2.2854999999999306,0.0887649931985016,0.4745704218428185,276.61408285528364,9.457125325542933,0.5092161748652868,0.11612985982438719,0.0010838336019541883,0.057337647142971224,0.012165048459874749,0.004693838148510661,0.0010496677217878725,0.0016916237397697179,0.003011337228318354,1.3656639817761454e-05,0.5092161748652868,10.556601227494834,0.005028270321866201
0.15,0.04,0.004,13,True,2.155499999999887,0.12667021364928513,1.0007305447349257,274.4416286008893,9.38719866786796,0.5106823465188471,0.17006487856400418,0.0031602170290511893,0.05276512574660295,0.025842514773255526,0.0068446497361148734,0.00023159837315526422,0.00383939734133819,0.0028413750731413057,1.0071496504630682e-05,0.5106823465188471,10.761548012689753,0.007862966041661704
0.15,0.04,0.004,14,True,2.115499999999874,0.1400806218809256,0.9683897786850655,277.4538219334623,9.39148727521308,0.46458555040672866,0.16835384694712996,0.002979344988679685,0.028047333341712825,0.023460264722805206,0.022517857178019643,0.001923952442364494,0.002645089626439942,0.00328694026759358,6.957465863408183e-05,0.46458555040672866,10.094407449984567,0.012463223600913117
0.15,0.04,0.004,15,True,2.2854999999999306,0.15836003150385744,1.620663812208708,267.3945674518574,9.532201950039122,0.4635290062633226,0.198238245624773,0.002341415082513897,0.05079085556680287,0.015576948671442846,0.001173860694578235,0.001714791771101193,0.0014387362801707927,0.0031563141306264137,2.547831869663868e-05,0.4635290062633226,10.747204198879444,0.012814660277720307
0.15,0.04,0.008,0,True,2.2104999999999055,0.2519767455128731,2.203480206426856,268.11770055983783,9.794300797509297,0.47253699911240404,0.26978420403032877,0.0021244856490258636,0.023489335688193516,0.008901417526596284,0.00043269248631363886,0.0024398107176008175,0.0037382667318331653,0.0028199073273015396,7.210319823797473e-05,0.47253699911240404,10.68108713915643,0.013158535541215322
0.15,0.04,0.008,1,True,3.190500000000233,0.15346565637048656,1.360136861160748,268.7789694827182,8.334919835241193,0.4731577435179982,0.20473046565096248,0.001708156019624724,0.057523184816296764,0.011171511479831942,0.0248355844496532,0.0009354943560314564,0.0022699793469177273,0.0034831077814613254,3.0286949087099423e-05,0.4731577435179982,9.212803007193706,0.012535131086748067
0.15,0.04,0.008,2,True,2.945500000000151,0.26792645507690815,2.3873704867575616,291.66128949116836,9.857098048670434,0.3797254014187052,0.06452457538517802,0.0011044052733180985,0.024924557170706164,0.025912966293074165,0.0024063537379950413,0.001800301577896962,0.003185681580435384,0.0015637032200998104,1.161067493821754e-05,0.444596814262228,10.231888726552896,0.010622656627804278
0.15,0.04,0.008,3,True,2.1354999999998805,0.46610802303542015,4.385527649730224,287.3864403625389,9.099171567357876,0.15381178300980847,0.04894556956024127,0.0008127017608135093,0.021840525329804985,0.02562803823454073,0.015240966464155783,0.00028238592672119757,0.0022993808207094216,0.0024371538944225023,1.5412303097482646e-05,0.49239602374655833,9.352126819818665,0.008912281904956621
0.15,0.04,0.008,4,True,2.160499999999889,0.16205681586914375,1.7933042232196668,284.3329276564003,9.362704875747664,0.5066500685155163,0.1845497660108768,0.0036220599140287797,0.03556637764071808,0.02947736152556949,0.002116282156798607,0.0018220674959850889,0.0021294597531318175,0.0034057036209574217,1.60420785683912e-05,0.5066500685155163,10.048268349666515,0.014022150797159886
0.15,0.04,0.008,5,True,2.140499999999882,0.2252318494109445,2.478692390261315,280.1626229723157,9.22878539203837,0.4210708019156255,0.20126226543058648,0.002847440277994798,0.05039703948682469,0.019337162342927122,0.0074822626339227484,0.0001617921071449693,0.002150106642356555,0.002225419616259996,1.1304406335961537e-05,0.4210708019156255,10.784801797232584,0.011523691115879878
0.15,0.04,0.008,6,True,2.1054999999998705,0.13879090231354757,0.8902815079659925,279.23780998548403,8.931496893948019,0.4867114367610584,0.15002119493251076,0.0017884136569469048,0.027163543490666922,0.01611947927549832,0.009804302396366918,0.0029623349705594,0.002898268817821438,0.003022971791513481,2.4438083011449394e-05,0.4867114367610584,9.367174052139356,0.005517292319837753
0.15,0.04,0.008,7,True,2.1504999999998855,0.4854074028561755,4.794008104602799,287.8055814085573,8.97050493260016,0.4892266069792417,0.11881987316056301,0.0020809973356412242,0.05486069004847877,0.025065085185394256,0.005895910446750368,0.0009004988547336763,0.003620660336188786,0.0010157959136967243,9.243566384669972e-05,0.49889522059021285,9.925295980985247,0.008030324268193136
0.15,0.04,0.008,8,True,4.8755000000000175,0.09882688200048051,0.5877933867898798,357.06559000453865,8.71277320357972,0.41336683150675274,0.11246483708543915,0.001237666433073275,0.059363842166896275,0.015011638446681368,0.020644162864735433,0.0026096895350886484,0.002173254419617582,0.0023136456193683964,2.7440165521545802e-05,0.4271231740331686,9.94314245206847,0.007413521450846823
0.15,0.04,0.008,9,True,2.1804999999998955,0.25783565995808605,2.4777656674190456,307.492449797678,9.468631430088836,0.41876512438463015,0.2179609830255608,0.0031903885322791745,0.024340860454377767,0.02126925930113436,0.02035579469014759,0.002148223888810696,0.0037461403614715227,0.003581180947548654,0.00012020741258969977,0.41876512438463015,9.875646939803113,0.00984944326977288
0.15,0.04,0.008,10,True,2.170499999999892,0.09482074557720502,1.497758022360007,279.17385777064874,9.409980524913435,0.4602529357301176,0.18851009035265587,0.003704716329310304,0.02038409050395734,0.026225787476039677,0.003908196843223018,0.0015384138493096946,0.0014077588120615199,0.0030671094393433934,9.771745351894099e-05,0.4602529357301176,10.716444487502452,0.013253329063847984
0.15,0.04,0.008,11,True,2.265499999999924,0.3944887230600454,3.677331115360363,288.5830300533473,9.623777349180084,0.23488794338538216,0.062337899505071674,0.0008758319652234292,0.03496389312200575,0.021232963867713863,0.0007510764828339755,0.0004437782537323678,0.0037846330688811086,0.0012112617284625905,1.4211044766893634e-05,0.5146261591423446,10.17437259788254,0.00868993123729791
0.15,0.04,0.008,12,True,2.185499999999897,0.10103156609894556,0.5716472087644578,283.2196639020866,9.454964245615251,0.5092161748652868,0.11971781013491463,0.0010838336019541883,0.057337647142971224,0.012165048459874749,0.004693838148510661,0.0010496677217878725,0.0016916237397697179,0.003011337228318354,1.3656639817761454e-05,0.5092161748652868,10.556601227494834,0.005028270321866201
0.15,0.04,0.008,13,True,2.155499999999887,0.16757624870831073,1.4269526205843401,277.353289376836,9.387710992721383,0.5106823465188471,0.18398514258998633,0.0031602170290511893,0.05276512574660295,0.025842514773255526,0.0068446497361148734,0.00023159837315526422,0.00383939734133819,0.0028413750731413057,1.0071496504630682e-05,0.5106823465188471,10.761548012689753,0.007862966041661704
0.15,0.04,0.008,14,True,2.100499999999869,0.15667800790715689,0.9280779614198301,282.38020931707376,9.373084943143876,0.46458555040672866,0.1722200866250657,0.002979344988679685,0.028047333341712825,0.023460264722805206,0.022517857178019643,0.001923952442364494,0.002645089626439942,0.00328694026759358,6.957465863408183e-05,0.46458555040672866,10.094407449984567,0.012463223600913117
0.15,0.04,0.008,15,True,2.215499999999907,0.1509380938593532,1.3714345506669452,271.53722680591454,9.526890036576376,0.4635290062633226,0.20519525338890415,0.002341415082513897,0.05079085556680287,0.015576948671442846,0.001173860694578235,0.001714791771101193,0.0014387362801707927,0.0031563141306264137,2.547831869663868e-05,0.4635290062633226,10.747204198879444,0.012814660277720307
0.15,0.05,0.0,0,True,1.630499999999876,0.47014021370239273,3.5217317977678984,164.75445216583617,9.870123065436063,0.47253699911240404,0.16171436192054844,0.0021244856490258636,0.023489335688193516,0.008901417526596284,0.00043269248631363886,0.0024398107176008175,0.0037382667318331653,0.0028199073273015396,7.210319823797473e-05,0.47253699911240404,10.68108713915643,0.013158535541215322
0.15,0.05,0.0,1,True,1.5454999999998853,0.11269438134781878,0.42239462252277726,148.49321341186987,8.333069569472526,0.4731577435179982,0.11675140599331868,0.001708156019624724,0.057523184816296764,0.011171511479831942,0.0248355844496532,0.0009354943560314564,0.0022699793469177273,0.0034831077814613254,3.0286949087099423e-05,0.4731577435179982,9.212803007193706,0.012535131086748067
0.15,0.05,0.0,2,True,3.8305000000004465,0.8879636524279391,5.669313790371857,212.0611439656264,9.92967391817983,0.3297531082791804,0.041649885183582494,0.0011044052733180985,0.024924557170706164,0.025912966293074165,0.0024063537379950413,0.001800301577896962,0.003185681580435384,0.0015637032200998104,1.161067493821754e-05,0.444596814262228,10.231888726552896,0.010622656627804278
0.15,0.05,0.0,3,True,2.050499999999852,1.1448283946839135,7.037514889738087,189.0168010764835,9.105436485596929,0.2192706067726521,0.033392028464898124,0.0008127017608135093,0.021840525329804985,0.02562803823454073,0.015240966464155783,0.00028238592672119757,0.0022993808207094216,0.0024371538944225023,1.5412303097482646e-05,0.49239602374655833,9.352126819818665,0.008912281904956621
0.15,0.05,0.0,4,True,1.6904999999998693,0.8581013602195153,5.0480793523070595,188.1629566517935,9.326648259682026,0.5066500685155163,0.10859842991856597,0.0036220599140287797,0.03556637764071808,0.02947736152556949,0.002116282156798607,0.0018220674959850889,0.0021294597531318175,0.0034057036209574217,1.60420785683912e-05,0.5066500685155163,10.048268349666515,0.014022150797159886
0.15,0.05,0.0,5,True,1.6804999999998704,0.11390704568489585,0.5873908130577599,177.24116434643634,9.174154685040575,0.3890522112975275,0.12022379166520726,0.002847440277994798,0.05039703948682469,0.019337162342927122,0.0074822626339227484,0.0001617921071449693,0.002150106642356555,0.002225419616259996,1.1304406335961537e-05,0.4210708019156255,10.784801797232584,0.011523691115879878
0.15,0.05,0.0,6,True,1.6904999999998693,0.11060520144658348,0.47848080629027345,172.6888098906587,8.946777379849832,0.39338151935181587,0.08563467676077209,0.0017884136569469048,0.027163543490666922,0.01611947927549832,0.009804302396366918,0.0029623349705594,0.002898268817821438,0.003022971791513481,2.4438083011449394e-05,0.4867114367610584,9.367174052139356,0.005517292319837753
0.15,0.05,0.0,7,False,inf,85.8323613076696,154.89485746564483,332.95239440497306,9.040652619620966,0.49889522059021285,0.11039563787552314,0.0020809973356412242,0.05486069004847877,0.025065085185394256,0.005895910446750368,0.0009004988547336763,0.003620660336188786,0.0010157959136967243,9.243566384669972e-05,0.49889522059021285,9.925295980985247,0.008030324268193136
0.15,0.05,0.0,8,True,1.6354999999998754,0.21036600424644059,0.5856717511278134,160.10879098522418,8.730166260548566,0.2905207275305661,0.0702242862570118,0.001237666433073275,0.059363842166896275,0.015011638446681368,0.020644162864735433,0.0026096895350886484,0.002173254419617582,0.0023136456193683964,2.7440165521545802e-05,0.4271231740331686,9.94314245206847,0.007413521450846823
0.15,0.05,0.0,9,False,inf,109.79091714355346,226.5821444242072,2042.2804651396384,9.33752552207972,0.41876512438463015,0.18722582308341962,0.0031903885322791745,0.024340860454377767,0.02126925930113436,0.02035579469014759,0.002148223888810696,0.0037461403614715227,0.003581180947548654,0.00012020741258969977,0.41876512438463015,9.875646939803113,0.00984944326977288
0.15,0.05,0.0,10,False,inf,67.0426928999107,143.75930738958917,425.6546775114217,9.890785500819664,0.4602529357301176,0.17853734330282583,0.003704716329310304,0.02038409050395734,0.026225787476039677,0.003908196843223018,0.0015384138493096946,0.0014077588120615199,0.0030671094393433934,9.771745351894099e-05,0.4602529357301176,10.716444487502452,0.013253329063847984
0.15,0.05,0.0,11,True,1.3154999999999106,1.0365214085736887,6.619888514586328,196.8705381093884,9.652301266969605,0.25641239827869033,0.04492267084374578,0.0008758319652234292,0.03496389312200575,0.021232963867713863,0.0007510764828339755,0.0004437782537323678,0.0037846330688811086,0.0012112617284625905,1.4211044766893634e-05,0.5146261591423446,10.17437259788254,0.00868993123729791
0.15,0.05,0.0,12,True,1.2554999999999172,0.11747706574083734,0.4448864596569665,189.72162013561396,9.468103938586536,0.32815761097954155,0.07101218386091922,0.0010838336019541883,0.057337647142971224,0.012165048459874749,0.004693838148510661,0.0010496677217878725,0.0016916237397697179,0.003011337228318354,1.3656639817761454e-05,0.5092161748652868,10.556601227494834,0.005028270321866201
0.15,0.05,0.0,13,True,1.7454999999998633,0.7569839253412893,4.46929717986071,188.14604009088382,9.309587564274633,0.4468743939552426,0.11235675645073828,0.0031602170290511893,0.05276512574660295,0.025842514773255526,0.0068446497361148734,0.00023159837315526422,0.00383939734133819,0.0028413750731413057,1.0071496504630682e-05,0.5106823465188471,10.761548012689753,0.007862966041661704
0.15,0.05,0.0,14,True,1.6354999999998754,2.514581710314387,13.123508186233645,180.96623790791466,9.388032855016442,0.46458555040672866,0.1215350598853408,0.002979344988679685,0.028047333341712825,0.023460264722805206,0.022517857178019643,0.001923952442364494,0.002645089626439942,0.00328694026759358,6.957465863408183e-05,0.46458555040672866,10.094407449984567,0.012463223600913117
0.15,0.05,0.0,15,True,1.7504999999998627,0.12209072027671201,0.4648043198141457,177.00694234259504,9.451625321551825,0.4559616344138627,0.12216493024481694,0.002341415082513897,0.05079085556680287,0.015576948671442846,0.001173860694578235,0.001714791771101193,0.0014387362801707927,0.0031563141306264137,2.547831869663868e-05,0.4635290062633226,10.747204198879444,0.012814660277720307
0.15,0.05,0.002,0,True,2.5255000000000107,0.2175757585527154,1.3154537860399704,231.73133018355685,9.718925840669392,0.47253699911240404,0.21430925644301743,0.0021244856490258636,0.023489335688193516,0.008901417526596284,0.00043269248631363886,0.0024398107176008175,0.0037382667318331653,0.0028199073273015396,7.210319823797473e-05,0.47253699911240404,10.68108713915643,0.013158535541215322
0.15,0.05,0.002,1,True,1.9554999999998401,0.12221686076229223,0.4276257145405192,222.67506383727633,8.332361093554354,0.4731577435179982,0.15646391285085168,0.001708156019624724,0.057523184816296764,0.011171511479831942,0.0248355844496532,0.0009354943560314564,0.0022699793469177273,0.0034831077814613254,3.0286949087099423e-05,0.4731577435179982,9.212803007193706,0.012535131086748067
0.15,0.05,0.002,2,True,4.2205000000003805,0.5913984372905557,4.324730191782716,298.23202534378834,9.939863092983279,0.3230448826921139,0.04982285265420698,0.0011044052733180985,0.024924557170706164,0.025912966293074165,0.0024063537379950413,0.001800301577896962,0.003185681580435384,0.0015637032200998104,1.161067493821754e-05,0.444596814262228,10.231888726552896,0.010622656627804278
0.15,0.05,0.002,3,True,2.3904999999999657,0.6851750350905108,5.115996136807244,253.07088026895192,9.121495380554848,0.24144335764662786,0.040124018362875775,0.0008127017608135093,0.021840525329804985,0.02562803823454073,0.015240966464155783,0.00028238592672119757,0.0022993808207094216,0.0024371538944225023,1.5412303097482646e-05,0.49239602374655833,9.352126819818665,0.008912281904956621
0.15,0.05,0.002,4,True,5.2254999999998235,0.06499210784399259,0.31853986413399077,247.35191814878948,9.566264965385756,0.5066500685155163,0.13904052927750546,0.0036220599140287797,0.03556637764071808,0.02947736152556949,0.002116282156798607,0.0018220674959850889,0.0021294597531318175,0.0034057036209574217,1.60420785683912e-05,0.5066500685155163,10.048268349666515,0.014022150797159886
0.15,0.05,0.002,5,True,1.530499999999887,0.134719707668468,0.8708969725034258,239.47857435840382,9.238128113959856,0.4165484324792641,0.1553157054993522,0.002847440277994798,0.05039703948682469,0.019337162342927122,0.0074822626339227484,0.0001617921071449693,0.002150106642356555,0.002225419616259996,1.1304406335961537e-05,0.4210708019156255,10.784801797232584,0.011523691115879878
0.15,0.05,0.002,6,True,2.3204999999999423,0.10208483899895611,0.4457205667692775,239.51657459892212,8.943240593620375,0.4367572221547438,0.11165890034629544,0.0017884136569469048,0.027163543490666922,0.01611947927549832,0.009804302396366918,0.0029623349705594,0.002898268817821438,0.003022971791513481,2.4438083011449394e-05,0.4867114367610584,9.367174052139356,0.005517292319837753
0.15,0.05,0.002,7,True,2.130499999999879,1.2820244898073023,9.419866499229396,252.9957443332769,8.983290519935,0.32007074388980744,0.09796661037813903,0.0020809973356412242,0.05486069004847877,0.025065085185394256,0.005895910446750368,0.0009004988547336763,0.003620660336188786,0.0010157959136967243,9.243566384669972e-05,0.49889522059021285,9.925295980985247,0.008030324268193136
0.15,0.05,0.002,8,True,4.010500000000497,0.11067387437528976,0.5476405198481017,361.8682378913729,8.751207059557233,0.4271231740331686,0.08979339252502062,0.001237666433073275,0.059363842166896275,0.015011638446681368,0.020644162864735433,0.0026096895350886484,0.002173254419617582,0.0023136456193683964,2.7440165521545802e-05,0.4271231740331686,9.94314245206847,0.007413521450846823
0.15,0.05,0.002,9,True,2.095499999999867,0.5953688136075981,4.367361205288789,256.12842947760146,9.37694947196566,0.41876512438463015,0.17437999044048016,0.0031903885322791745,0.024340860454377767,0.02126925930113436,0.02035579469014759,0.002148223888810696,0.0037461403614715227,0.003581180947548654,0.00012020741258969977,0.41876512438463015,9.875646939803113,0.00984944326977288
0.15,0.05,0.002,10,True,3.805500000000438,0.7634503368772405,5.4380115025667894,251.23878725678355,9.588082128430798,0.4602529357301176,0.1467756127890476,0.003704716329310304,0.02038409050395734,0.026225787476039677,0.003908196843223018,0.0015384138493096946,0.0014077588120615199,0.0030671094393433934,9.771745351894099e-05,0.4602529357301176,10.716444487502452,0.013253329063847984
0.15,0.05,0.002,11,True,2.415499999999974,0.7223693254518156,5.078652170526558,252.89384952730902,9.649383850756923,0.2885985237455381,0.05271070759558814,0.0008758319652234292,0.03496389312200575,0.021232963867713863,0.0007510764828339755,0.0004437782537323678,0.0037846330688811086,0.0012112617284625905,1.4211044766893634e-05,0.5146261591423446,10.17437259788254,0.00868993123729791
0.15,0.05,0.002,12,True,1.5254999999998875,0.1388003262329532,0.6486857227967296,242.34608642237632,9.458940950120187,0.45560207928960017,0.09207872481397265,0.0010838336019541883,0.057337647142971224,0.012165048459874749,0.004693838148510661,0.0010496677217878725,0.0016916237397697179,0.003011337228318354,1.3656639817761454e-05,0.5092161748652868,10.556601227494834,0.005028270321866201
0.15,0.05,0.002,13,True,2.3904999999999657,0.2504809089526232,1.8321915225560572,243.83515972105232,9.369325958666117,0.5106823465188471,0.13493761312997898,0.0031602170290511893,0.05276512574660295,0.025842514773255526,0.0068446497361148734,0.00023159837315526422,0.00383939734133819,0.0028413750731413057,1.0071496504630682e-05,0.5106823465188471,10.761548012689753,0.007862966041661704
0.15,0.05,0.002,14,True,4.990499999999954,0.26247752936727026,1.7675802464088124,259.6802933428516,9.461647600553624,0.46458555040672866,0.12984593477324277,0.002979344988679685,0.028047333341712825,0.023460264722805206,0.022517857178019643,0.001923952442364494,0.002645089626439942,0.00328694026759358,6.957465863408183e-05,0.46458555040672866,10.094407449984567,0.012463223600913117
0.15,0.05,0.002,15,True,2.595500000000034,0.10156928785014054,0.42555516644373814,234.68733796469454,9.600766508703469,0.4635290062633226,0.15902552712644075,0.002341415082513897,0.05079085556680287,0.015576948671442846,0.001173860694578235,0.001714791771101193,0.0014387362801707927,0.0031563141306264137,2.547831869663868e-05,0.4635290062633226,10.747204198879444,0.012814660277720307
0.15,0.05,0.004,0,True,2.3754999999999606,0.2163246400239815,1.3631542451841332,236.53060408851218,9.675705971639696,0.47253699911240404,0.22590260848672888,0.0021244856490258636,0.023489335688193516,0.008901417526596284,0.00043269248631363886,0.0024398107176008175,0.0037382667318331653,0.0028199073273015396,7.210319823797473e-05,0.47253699911240404,10.68108713915643,0.013158535541215322
0.15,0.05,0.004,1,True,1.9804999999998374,0.11144434915913883,0.4025187240376184,226.09507361939512,8.32720791848041,0.4731577435179982,0.1606086801545972,0.001708156019624724,0.057523184816296764,0.011171511479831942,0.0248355844496532,0.0009354943560314564,0.0022699793469177273,0.0034831077814613254,3.0286949087099423e-05,0.4731577435179982,9.212803007193706,0.012535131086748067
0.15,0.05,0.004,2,True,2.4554999999999874,0.4643298894743394,3.47174412782441,261.7013409555205,9.909864527810702,0.334414381377507,0.05324459244787011,0.0011044052733180985,0.024924557170706164,0.025912966293074165,0.0024063537379950413,0.001800301577896962,0.003185681580435384,0.0015637032200998104,1.161067493821754e-05,0.444596814262228,10.231888726552896,0.010622656627804278
0.15,0.05,0.004,3,True,4.2205000000003805,0.6326971647754795,4.969458453558684,264.8844988950503,9.328572465099224,0.24840415170499008,0.04037943083729397,0.0008127017608135093,0.021840525329804985,0.02562803823454073,0.015240966464155783,0.00028238592672119757,0.0022993808207094216,0.0024371538944225023,1.5412303097482646e-05,0.49239602374655833,9.352126819818665,0.008912281904956621
0.15,0.05,0.004,4,True,3.3455000000002846,0.08695925765167684,0.5109874970363506,256.91990293742214,9.368674081174099,0.5066500685155163,0.14616195001733506,0.0036220599140287797,0.03556637764071808,0.02947736152556949,0.002116282156798607,0.0018220674959850889,0.0021294597531318175,0.0034057036209574217,1.60420785683912e-05,0.5066500685155163,10.048268349666515,0.014022150797159886
0.15,0.05,0.004,5,True,1.5804999999998814,0.1665994700471415,1.3100949726940205,250.51954787138197,9.232822045185394,0.4210708019156255,0.1653526117994797,0.002847440277994798,0.05039703948682469,0.019337162342927122,0.0074822626339227484,0.0001617921071449693,0.002150106642356555,0.002225419616259996,1.1304406335961537e-05,0.4210708019156255,10.784801797232584,0.011523691115879878
0.15,0.05,0.004,6,True,2.235499999999914,0.09207720402190683,0.3685639714201987,246.40228522031782,8.935667899243494,0.4867114367610584,0.11514777884834587,0.0017884136569469048,0.027163543490666922,0.01611947927549832,0.009804302396366918,0.0029623349705594,0.002898268817821438,0.003022971791513481,2.4438083011449394e-05,0.4867114367610584,9.367174052139356,0.005517292319837753
0.15,0.05,0.004,7,True,2.2604999999999222,0.8902727900922814,7.134339546233496,259.8400666347102,8.974735493358592,0.44131355850783605,0.102544547250568,0.0020809973356412242,0.05486069004847877,0.025065085185394256,0.005895910446750368,0.0009004988547336763,0.003620660336188786,0.0010157959136967243,9.243566384669972e-05,0.49889522059021285,9.925295980985247,0.008030324268193136
0.15,0.05,0.004,8,True,2.080499999999862,0.10560806471227371,0.4869388429792121,237.03773923969052,8.718083829170606,0.364725607946968,0.09461989518690096,0.001237666433073275,0.059363842166896275,0.015011638446681368,0.020644162864735433,0.0026096895350886484,0.002173254419617582,0.0023136456193683964,2.7440165521545802e-05,0.4271231740331686,9.94314245206847,0.007413521450846823
0.15,0.05,0.004,9,True,2.175499999999894,0.1618619122335757,1.2221295169017867,266.78038770827243,9.374183514558249,0.41876512438463015,0.17884465847088524,0.0031903885322791745,0.024340860454377767,0.02126925930113436,0.02035579469014759,0.002148223888810696,0.0037461403614715227,0.003581180947548654,0.00012020741258969977,0.41876512438463015,9.875646939803113,0.00984944326977288
0.15,0.05,0.004,10,True,3.4055000000003046,0.24094550424604716,1.5326656510161405,251.1834660608113,9.832589377541591,0.4602529357301176,0.15359543231642428,0.003704716329310304,0.02038409050395734,0.026225787476039677,0.003908196843223018,0.0015384138493096946,0.0014077588120615199,0.0030671094393433934,9.771745351894099e-05,0.4602529357301176,10.716444487502452,0.013253329063847984
0.15,0.05,0.004,11,True,2.4504999999999857,0.6771496040341722,4.819242324743051,260.2905050577119,9.661564581712936,0.29935561605963273,0.053618490386168303,0.0008758319652234292,0.03496389312200575,0.021232963867713863,0.0007510764828339755,0.0004437782537323678,0.0037846330688811086,0.0012112617284625905,1.4211044766893634e-05,0.5146261591423446,10.17437259788254,0.00868993123729791
0.15,0.05,0.004,12,True,1.5704999999998825,0.1305168971944095,0.6129039561025291,250.11216267829207,9.444146586282638,0.37848835955636057,0.09724981391388571,0.0010838336019541883,0.057337647142971224,0.012165048459874749,0.004693838148510661,0.0010496677217878725,0.0016916237397697179,0.003011337228318354,1.3656639817761454e-05,0.5092161748652868,10.556601227494834,0.005028270321866201
0.15,0.05,0.004,13,True,4.165500000000411,0.14036311295787715,1.1638510481088526,289.3636432909352,9.37663116115049,0.5106823465188471,0.13936897234109233,0.0031602170290511893,0.05276512574660295,0.025842514773255526,0.0068446497361148734,0.00023159837315526422,0.00383939734133819,0.0028413750731413057,1.0071496504630682e-05,0.5106823465188471,10.761548012689753,0.007862966041661704
0.15,0.05,0.004,14,True,3.2555000000002545,0.13104605487243004,0.7442582982455699,250.85838823015288,9.636535890106238,0.46458555040672866,0.13861028025058353,0.002979344988679685,0.028047333341712825,0.023460264722805206,0.022517857178019643,0.001923952442364494,0.002645089626439942,0.00328694026759358,6.957465863408183e-05,0.46458555040672866,10.094407449984567,0.012463223600913117
0.15,0.05,0.004,15,True,2.5105000000000057,0.12867610307394248,0.5663903920625297,240.8212036244194,9.442118192973597,0.4635290062633226,0.1655435017329091,0.002341415082513897,0.05079085556680287,0.015576948671442846,0.001173860694578235,0.001714791771101193,0.0014387362801707927,0.0031563141306264137,2.547831869663868e-05,0.4635290062633226,10.747204198879444,0.012814660277720307
0.15,0.05,0.008,0,True,2.3204999999999423,0.24757185417821465,1.8434068356327191,238.95380433216647,9.56221767298995,0.47253699911240404,0.23326160250203665,0.0021244856490258636,0.023489335688193516,0.008901417526596284,0.00043269248631363886,0.0024398107176008175,0.0037382667318331653,0.0028199073273015396,7.210319823797473e-05,0.47253699911240404,10.68108713915643,0.013158535541215322
0.15,0.05,0.008,1,True,2.550500000000019,0.1045768007990666,0.47656308642889433,226.59278268364548,8.312733169474845,0.4731577435179982,0.1696281800507794,0.001708156019624724,0.057523184816296764,0.011171511479831942,0.0248355844496532,0.0009354943560314564,0.0022699793469177273,0.0034831077814613254,3.0286949087099423e-05,0.4731577435179982,9.212803007193706,0.012535131086748067
0.15,0.05,0.008,2,True,2.4104999999999723,0.4411545099303051,3.3852905440940644,264.5178609672781,9.852787682115766,0.3565204203230616,0.053901177018395294,0.0011044052733180985,0.024924557170706164,0.025912966293074165,0.0024063537379950413,0.001800301577896962,0.003185681580435384,0.0015637032200998104,1.161067493821754e-05,0.444596814262228,10.231888726552896,0.010622656627804278
0.15,0.05,0.008,3,True,2.8905000000001326,0.6093828515991906,4.555187186648061,255.69368321509583,9.454457424027837,0.3096486534768525,0.041427092568933545,0.0008127017608135093,0.021840525329804985,0.02562803823454073,0.015240966464155783,0.00028238592672119757,0.0022993808207094216,0.0024371538944225023,1.5412303097482646e-05,0.49239602374655833,9.352126819818665,0.008912281904956621
0.15,0.05,0.008,4,True,2.4404999999999824,0.09719131019929263,0.7257123738444222,262.0498219191505,9.579071499607842,0.5066500685155163,0.1498730655651862,0.0036220599140287797,0.03556637764071808,0.02947736152556949,0.002116282156798607,0.0018220674959850889,0.0021294597531318175,0.0034057036209574217,1.60420785683912e-05,0.5066500685155163,10.048268349666515,0.014022150797159886
0.15,0.05,0.008,5,True,2.2904999999999323,0.1891000202203478,1.9372880011020175,251.7344662769445,9.221526343612489,0.4210708019156255,0.16988773523811337,0.002847440277994798,0.05039703948682469,0.019337162342927122,0.0074822626339227484,0.0001617921071449693,0.002150106642356555,0.002225419616259996,1.1304406335961537e-05,0.4210708019156255,10.784801797232584,0.011523691115879878
0.15,0.05,0.008,6,True,2.140499999999882,0.10026483417588719,0.4056412535218062,249.92371377380297,8.919598499616827,0.42103457338260186,0.12540195547203783,0.0017884136569469048,0.027163543490666922,0.01611947927549832,0.009804302396366918,0.0029623349705594,0.002898268817821438,0.003022971791513481,2.4438083011449394e-05,0.4867114367610584,9.367174052139356,0.005517292319837753
0.15,0.05,0.008,7,True,2.190499999999899,0.662175675376301,5.234611157993432,261.4335369687332,8.952803268313337,0.33904392043001746,0.10284341636227667,0.0020809973356412242,0.05486069004847877,0.025065085185394256,0.005895910446750368,0.0009004988547336763,0.003620660336188786,0.0010157959136967243,9.243566384669972e-05,0.49889522059021285,9.925295980985247,0.008030324268193136
0.15,0.05,0.008,8,True,2.070499999999859,0.18962878804659994,1.0865037106784998,242.77005340103227,8.709912491057908,0.39093574261226427,0.09657435920879855,0.001237666433073275,0.059363842166896275,0.015011638446681368,0.020644162864735433,0.0026096895350886484,0.002173254419617582,0.0023136456193683964,2.7440165521545802e-05,0.4271231740331686,9.94314245206847,0.007413521450846823
0.15,0.05,0.008,9,True,2.1504999999998855,0.2126624205858364,1.5239930187942787,271.6783025819859,9.371366475104972,0.41876512438463015,0.18846294845571823,0.0031903885322791745,0.024340860454377767,0.02126925930113436,0.02035579469014759,0.002148223888810696,0.0037461403614715227,0.003581180947548654,0.00012020741258969977,0.41876512438463015,9.875646939803113,0.00984944326977288
0.15,0.05,0.008,10,True,3.3905000000002996,0.09404002745800638,0.6556888082260376,253.60001787906734,9.723671768100486,0.4602529357301176,0.1576329825050621,0.003704716329310304,0.02038409050395734,0.026225787476039677,0.003908196843223018,0.0015384138493096946,0.0014077588120615199,0.0030671094393433934,9.771745351894099e-05,0.4602529357301176,10.716444487502452,0.013253329063847984
0.15,0.05,0.008,11,True,6.315499999999219,0.5094054833850338,4.3393211148284925,365.5174427949619,9.88036765494929,0.4819959397327652,0.054799928903859214,0.0008758319652234292,0.03496389312200575,0.021232963867713863,0.0007510764828339755,0.0004437782537323678,0.0037846330688811086,0.0012112617284625905,1.4211044766893634e-05,0.5146261591423446,10.17437259788254,0.00868993123729791
0.15,0.05,0.008,12,True,1.5804999999998814,0.10793668663513699,0.5059525636555459,256.1123922294115,9.45731450535047,0.4518386671036743,0.09863736868355662,0.0010838336019541883,0.057337647142971224,0.012165048459874749,0.004693838148510661,0.0010496677217878725,0.0016916237397697179,0.003011337228318354,1.3656639817761454e-05,0.5092161748652868,10.556601227494834,0.005028270321866201
0.15,0.05,0.008,13,True,1.630499999999876,0.2667757859637686,1.978933019881214,253.8623101866382,9.482826971415998,0.5106823465188471,0.14751513590012325,0.0031602170290511893,0.05276512574660295,0.025842514773255526,0.0068446497361148734,0.00023159837315526422,0.00383939734133819,0.0028413750731413057,1.0071496504630682e-05,0.5106823465188471,10.761548012689753,0.007862966041661704
0.15,0.05,0.008,14,True,2.170499999999892,0.1301816898848756,0.6902287379688259,254.9979575006412,9.365257804748936,0.46458555040672866,0.14112808730705428,0.002979344988679685,0.028047333341712825,0.023460264722805206,0.022517857178019643,0.001923952442364494,0.002645089626439942,0.00328694026759358,6.957465863408183e-05,0.46458555040672866,10.094407449984567,0.012463223600913117
0.15,0.05,0.008,15,True,1.6254999999998765,0.13575814611983572,0.8520375729481314,244.25458846165267,9.422054446521683,0.4635290062633226,0.17206833808032884,0.002341415082513897,0.05079085556680287,0.015576948671442846,0.001173860694578235,0.001714791771101193,0.0014387362801707927,0.0031563141306264137,2.547831869663868e-05,0.4635290062633226,10.747204198879444,0.012814660277720307
0.15,0.06,0.0,0,True,1.185499999999925,0.5362911394937567,3.8154310073713433,162.12963721766477,9.65886714350543,0.47253699911240404,0.139797527035,0.0021244856490258636,0.023489335688193516,0.008901417526596284,0.00043269248631363886,0.0024398107176008175,0.0037382667318331653,0.0028199073273015396,7.210319823797473e-05,0.47253699911240404,10.68108713915643,0.013158535541215322
0.15,0.06,0.0,1,True,1.6604999999998726,0.1289608869266258,0.4623528561734938,143.58628820982756,8.331627825204038,0.40899783813406665,0.10122449739256666,0.001708156019624724,0.057523184816296764,0.011171511479831942,0.0248355844496532,0.0009354943560314564,0.0022699793469177273,0.0034831077814613254,3.0286949087099423e-05,0.4731577435179982,9.212803007193706,0.012535131086748067
0.15,0.06,0.0,2,True,1.3654999999999051,1.0203445328774878,5.288351021594591,196.186854810956,9.895455324462139,0.2803074056844452,0.03862064168075533,0.0011044052733180985,0.024924557170706164,0.025912966293074165,0.0024063537379950413,0.001800301577896962,0.003185681580435384,0.0015637032200998104,1.161067493821754e-05,0.444596814262228,10.231888726552896,0.010622656627804278
0.15,0.06,0.0,3,True,1.32049999999991,1.2552148876494746,6.678913087771693,172.4281644264768,9.103379045295936,0.20209425663184033,0.030613425310880595,0.0008127017608135093,0.021840525329804985,0.02562803823454073,0.015240966464155783,0.00028238592672119757,0.0022993808207094216,0.0024371538944225023,1.5412303097482646e-05,0.49239602374655833,9.352126819818665,0.008912281904956621
0.15,0.06,0.0,4,True,1.285499999999914,0.9171412550092164,4.6107812604298575,180.41402333398864,9.31593370235687,0.5066500685155163,0.09448513495428626,0.0036220599140287797,0.03556637764071808,0.02947736152556949,0.002116282156798607,0.0018220674959850889,0.0021294597531318175,0.0034057036209574217,1.60420785683912e-05,0.5066500685155163,10.048268349666515,0.014022150797159886
0.15,0.06,0.0,5,True,1.2554999999999172,0.11417713201581482,0.33819338285443795,170.63893059932988,9.174315346516266,0.4159247433002361,0.1057311596877643,0.002847440277994798,0.05039703948682469,0.019337162342927122,0.0074822626339227484,0.0001617921071449693,0.002150106642356555,0.002225419616259996,1.1304406335961537e-05,0.4210708019156255,10.784801797232584,0.011523691115879878
0.15,0.06,0.0,6,True,1.2454999999999183,0.10799394337765725,0.395834698203665,164.34332406725673,8.944783612391255,0.4781860224773818,0.07532472839976248,0.0017884136569469048,0.027163543490666922,0.01611947927549832,0.009804302396366918,0.0029623349705594,0.002898268817821438,0.003022971791513481,2.4438083011449394e-05,0.4867114367610584,9.367174052139356,0.005517292319837753
0.15,0.06,0.0,7,True,1.6404999999998748,3.950273102850709,17.525141202453554,165.9864734421623,8.980363855301317,0.3207476995478192,0.09654173788187032,0.0020809973356412242,0.05486069004847877,0.025065085185394256,0.005895910446750368,0.0009004988547336763,0.003620660336188786,0.0010157959136967243,9.243566384669972e-05,0.49889522059021285,9.925295980985247,0.008030324268193136
0.15,0.06,0.0,8,True,1.2104999999999222,0.8455876060418018,4.622790599473075,164.85277574395715,8.728860629010587,0.30117683895416775,0.07200270325243657,0.001237666433073275,0.059363842166896275,0.015011638446681368,0.020644162864735433,0.0026096895350886484,0.002173254419617582,0.0023136456193683964,2.7440165521545802e-05,0.4271231740331686,9.94314245206847,0.007413521450846823
0.15,0.06,0.0,9,True,3.3755000000002946,4.067772677222096,20.23527603124768,249.4976726411785,9.38401516254761,0.41876512438463015,0.1447632323741796,0.0031903885322791745,0.024340860454377767,0.02126925930113436,0.02035579469014759,0.002148223888810696,0.0037461403614715227,0.003581180947548654,0.00012020741258969977,0.41876512438463015,9.875646939803113,0.00984944326977288
0.15,0.06,0.0,10,True,1.6804999999998704,3.444275106931464,14.687164404016581,173.84014348158402,9.447229773371694,0.4602529357301176,0.136124753412387,0.003704716329310304,0.02038409050395734,0.026225787476039677,0.003908196843223018,0.0015384138493096946,0.0014077588120615199,0.0030671094393433934,9.771745351894099e-05,0.4602529357301176,10.716444487502452,0.013253329063847984
0.15,0.06,0.0,11,True,1.3354999999999084,1.1532797873925758,6.317695891862328,184.86234719626617,9.651062755440767,0.3498432820160609,0.04137243470183374,0.0008758319652234292,0.03496389312200575,0.021232963867713863,0.0007510764828339755,0.0004437782537323678,0.0037846330688811086,0.0012112617284625905,1.4211044766893634e-05,0.5146261591423446,10.17437259788254,0.00868993123729791
0.15,0.06,0.0,12,True,1.2604999999999167,0.16659369633668766,0.5522047258477352,174.2042563923324,9.46696734011375,0.5092161748652868,0.06353890216703709,0.0010838336019541883,0.057337647142971224,0.012165048459874749,0.004693838148510661,0.0010496677217878725,0.0016916237397697179,0.003011337228318354,1.3656639817761454e-05,0.5092161748652868,10.556601227494834,0.005028270321866201
0.15,0.06,0.0,13,True,2.1204999999998755,0.8285092157078136,4.248335591448415,227.1038070151397,9.230172690708095,0.5106823465188471,0.09606163944972536,0.0031602170290511893,0.05276512574660295,0.025842514773255526,0.0068446497361148734,0.00023159837315526422,0.00383939734133819,0.0028413750731413057,1.0071496504630682e-05,0.5106823465188471,10.761548012689753,0.007862966041661704
0.15,0.06,0.0,14,True,1.7054999999998677,2.5412384433208364,11.870056533248544,177.17056942023575,9.388334333921623,0.43277882611746615,0.10610550788183616,0.002979344988679685,0.028047333341712825,0.023460264722805206,0.022517857178019643,0.001923952442364494,0.002645089626439942,0.00328694026759358,6.957465863408183e-05,0.46458555040672866,10.094407449984567,0.012463223600913117
0.15,0.06,0.0,15,True,1.2704999999999156,0.12157023540113526,0.4705027175451204,168.9787285278601,9.413275914027,0.4635290062633226,0.10262450720053973,0.002341415082513897,0.05079085556680287,0.015576948671442846,0.001173860694578235,0.001714791771101193,0.0014387362801707927,0.0031563141306264137,2.547831869663868e-05,0.4635290062633226,10.747204198879444,0.012814660277720307
0.15,0.06,0.002,0,True,1.475499999999893,0.17595206803159572,0.6683028647910967,214.3962862032683,9.672934171308237,0.47253699911240404,0.18837289061648999,0.0021244856490258636,0.023489335688193516,0.008901417526596284,0.00043269248631363886,0.0024398107176008175,0.0037382667318331653,0.0028199073273015396,7.210319823797473e-05,0.47253699911240404,10.68108713915643,0.013158535541215322
0.15,0.06,0.002,1,True,2.3154999999999406,0.1252754081492084,0.5828117239786963,229.5194054058975,8.32898965978217,0.4731577435179982,0.13428048665177172,0.001708156019624724,0.057523184816296764,0.011171511479831942,0.0248355844496532,0.0009354943560314564,0.0022699793469177273,0.0034831077814613254,3.0286949087099423e-05,0.4731577435179982,9.212803007193706,0.012535131086748067
0.15,0.06,0.002,2,True,1.5954999999998798,0.7065640582016521,4.428304100705241,239.49448498046922,9.887692451615763,0.36079307826755164,0.04579142123529401,0.0011044052733180985,0.024924557170706164,0.025912966293074165,0.0024063537379950413,0.001800301577896962,0.003185681580435384,0.0015637032200998104,1.161067493821754e-05,0.444596814262228,10.231888726552896,0.010622656627804278
0.15,0.06,0.002,3,True,2.4254999999999773,0.8308803365439018,5.371978183408506,224.0974694551611,9.118030533623056,0.2235680073845404,0.03512976387397721,0.0008127017608135093,0.021840525329804985,0.02562803823454073,0.015240966464155783,0.00028238592672119757,0.0022993808207094216,0.0024371538944225023,1.5412303097482646e-05,0.49239602374655833,9.352126819818665,0.008912281904956621
0.15,0.06,0.002,4,True,3.4855000000003313,0.11775677973407356,0.604051049971481,471.3652469747825,9.360137208742279,0.5066500685155163,0.12076935087567506,0.0036220599140287797,0.03556637764071808,0.02947736152556949,0.002116282156798607,0.0018220674959850889,0.0021294597531318175,0.0034057036209574217,1.60420785683912e-05,0.5066500685155163,10.048268349666515,0.014022150797159886
0.15,0.06,0.002,5,True,2.5305000000000124,0.11148420475162141,0.45038245990645676,251.13985932545535,9.167281286648091,0.4210708019156255,0.1345142292116019,0.002847440277994798,0.05039703948682469,0.019337162342927122,0.0074822626339227484,0.0001617921071449693,0.002150106642356555,0.002225419616259996,1.1304406335961537e-05,0.4210708019156255,10.784801797232584,0.011523691115879878
0.15,0.06,0.002,6,True,1.5254999999998875,0.0949316807574354,0.31193110162025783,221.46307703788855,8.940785722834118,0.4867114367610584,0.09653438443908369,0.0017884136569469048,0.027163543490666922,0.01611947927549832,0.009804302396366918,0.0029623349705594,0.002898268817821438,0.003022971791513481,2.4438083011449394e-05,0.4867114367610584,9.367174052139356,0.005517292319837753
0.15,0.06,0.002,7,True,2.4204999999999757,1.2904463560266375,8.655539546954131,243.30862545997738,8.980200177252705,0.49889522059021285,0.08654888771577351,0.0020809973356412242,0.05486069004847877,0.025065085185394256,0.005895910446750368,0.0009004988547336763,0.003620660336188786,0.0010157959136967243,9.243566384669972e-05,0.49889522059021285,9.925295980985247,0.008030324268193136
0.15,0.06,0.002,8,True,1.5054999999998897,0.1390618507721366,0.567681944694783,213.88766669154205,8.724074265998498,0.34690195940803686,0.078468929378841,0.001237666433073275,0.059363842166896275,0.015011638446681368,0.020644162864735433,0.0026096895350886484,0.002173254419617582,0.0023136456193683964,2.7440165521545802e-05,0.4271231740331686,9.94314245206847,0.007413521450846823
0.15,0.06,0.002,9,True,1.5604999999998836,0.824848101070282,4.91959830931204,242.69486472566666,9.377515384914275,0.41876512438463015,0.1505160092255058,0.0031903885322791745,0.024340860454377767,0.02126925930113436,0.02035579469014759,0.002148223888810696,0.0037461403614715227,0.003581180947548654,0.00012020741258969977,0.41876512438463015,9.875646939803113,0.00984944326977288
0.15,0.06,0.002,10,False,7.915499999998333,40.198763292370884,85.47043134430238,292.01635876435813,9.338882608141892,0.4602529357301176,0.17546961464892333,0.003704716329310304,0.02038409050395734,0.026225787476039677,0.003908196843223018,0.0015384138493096946,0.0014077588120615199,0.0030671094393433934,9.771745351894099e-05,0.4602529357301176,10.716444487502452,0.013253329063847984
0.15,0.06,0.002,11,True,1.575499999999882,0.8314604773778335,5.2428360396550024,234.7786972099552,9.644754742975765,0.35239020084478767,0.04817670187650774,0.0008758319652234292,0.03496389312200575,0.021232963867713863,0.0007510764828339755,0.0004437782537323678,0.0037846330688811086,0.0012112617284625905,1.4211044766893634e-05,0.5146261591423446,10.17437259788254,0.00868993123729791
0.15,0.06,0.002,12,True,1.5004999999998903,0.1250168555736422,0.47733560844640976,224.8221000111126,9.455452897904868,0.47457322313591593,0.0807844155509536,0.0010838336019541883,0.057337647142971224,0.012165048459874749,0.004693838148510661,0.0010496677217878725,0.0016916237397697179,0.003011337228318354,1.3656639817761454e-05,0.5092161748652868,10.556601227494834,0.005028270321866201
0.15,0.06,0.002,13,True,2.520500000000009,0.5412327978972785,3.1497394721673073,257.656568437734,9.367139282808383,0.5106823465188471,0.12042096122932973,0.0031602170290511893,0.05276512574660295,0.025842514773255526,0.0068446497361148734,0.00023159837315526422,0.00383939734133819,0.0028413750731413057,1.0071496504630682e-05,0.5106823465188471,10.761548012689753,0.007862966041661704
0.15,0.06,0.002,14,True,2.430499999999979,0.1436394825512543,1.0464782263818648,277.24202055230734,9.38057644147906,0.46458555040672866,0.11619922554441192,0.002979344988679685,0.028047333341712825,0.023460264722805206,0.022517857178019643,0.001923952442364494,0.002645089626439942,0.00328694026759358,6.957465863408183e-05,0.46458555040672866,10.094407449984567,0.012463223600913117
0.15,0.06,0.002,15,True,1.5704999999998825,0.0860703819012531,0.3851433180195323,217.4328336965769,9.413849344892991,0.4635290062633226,0.13616021580526558,0.002341415082513897,0.05079085556680287,0.015576948671442846,0.001173860694578235,0.001714791771101193,0.0014387362801707927,0.0031563141306264137,2.547831869663868e-05,0.4635290062633226,10.747204198879444,0.012814660277720307
0.15,0.06,0.004,0,True,1.5154999999998886,0.1874635436748325,0.9786294543143144,218.27335134269381,9.61460386843104,0.47253699911240404,0.19730612736348052,0.0021244856490258636,0.023489335688193516,0.008901417526596284,0.00043269248631363886,0.0024398107176008175,0.0037382667318331653,0.0028199073273015396,7.210319823797473e-05,0.47253699911240404,10.68108713915643,0.013158535541215322
0.15,0.06,0.004,1,True,2.9255000000001443,0.09981692113195943,0.36241203312061826,224.72756925447365,8.407947910704344,0.4731577435179982,0.13797502434750533,0.001708156019624724,0.057523184816296764,0.011171511479831942,0.0248355844496532,0.0009354943560314564,0.0022699793469177273,0.0034831077814613254,3.0286949087099423e-05,0.4731577435179982,9.212803007193706,0.012535131086748067
0.15,0.06,0.004,2,True,1.6104999999998781,0.6457590594585954,4.111990997713109,243.2534549505166,9.877707635528697,0.36764638476010764,0.04747947546917155,0.0011044052733180985,0.024924557170706164,0.025912966293074165,0.0024063537379950413,0.001800301577896962,0.003185681580435384,0.0015637032200998104,1.161067493821754e-05,0.444596814262228,10.231888726552896,0.010622656627804278
0.15,0.06,0.004,3,True,2.4204999999999757,0.7361714531391708,4.835866986202054,232.89049428048085,9.128736532269222,0.24809466402811692,0.03703340449922066,0.0008127017608135093,0.021840525329804985,0.02562803823454073,0.015240966464155783,0.00028238592672119757,0.0022993808207094216,0.0024371538944225023,1.5412303097482646e-05,0.49239602374655833,9.352126819818665,0.008912281904956621
0.15,0.06,0.004,4,True,3.550500000000353,0.08160164755709678,0.4667155422441196,474.01794091516683,9.352520633912462,0.5066500685155163,0.12332766719301817,0.0036220599140287797,0.03556637764071808,0.02947736152556949,0.002116282156798607,0.0018220674959850889,0.0021294597531318175,0.0034057036209574217,1.60420785683912e-05,0.5066500685155163,10.048268349666515,0.014022150797159886
0.15,0.06,0.004,5,True,2.5255000000000107,0.1266838345290608,0.7039567334972517,257.32099503235514,9.236872342432223,0.4210708019156255,0.1413548620125213,0.002847440277994798,0.05039703948682469,0.019337162342927122,0.0074822626339227484,0.0001617921071449693,0.002150106642356555,0.002225419616259996,1.1304406335961537e-05,0.4210708019156255,10.784801797232584,0.011523691115879878
0.15,0.06,0.004,6,True,1.5454999999998853,0.10412973120769956,0.31614877322096147,224.51999429804465,8.928098358897934,0.4867114367610584,0.10065465389309931,0.0017884136569469048,0.027163543490666922,0.01611947927549832,0.009804302396366918,0.0029623349705594,0.002898268817821438,0.003022971791513481,2.4438083011449394e-05,0.4867114367610584,9.367174052139356,0.005517292319837753
0.15,0.06,0.004,7,True,2.4804999999999957,0.9390739849432949,6.500882868436679,259.559364900787,8.973001698574842,0.49889522059021285,0.08883033218298164,0.0020809973356412242,0.05486069004847877,0.025065085185394256,0.005895910446750368,0.0009004988547336763,0.003620660336188786,0.0010157959136967243,9.243566384669972e-05,0.49889522059021285,9.925295980985247,0.008030324268193136
0.15,0.06,0.004,8,True,1.530499999999887,0.10030847296031747,0.3725779892325976,218.8130642577111,8.71404567959639,0.3506876850508959,0.0811567376837797,0.001237666433073275,0.059363842166896275,0.015011638446681368,0.020644162864735433,0.0026096895350886484,0.002173254419617582,0.0023136456193683964,2.7440165521545802e-05,0.4271231740331686,9.94314245206847,0.007413521450846823
0.15,0.06,0.004,9,True,2.445499999999984,0.181918067987522,1.0608605275472518,255.0006017046461,9.374953293398205,0.41876512438463015,0.15416790339708378,0.0031903885322791745,0.024340860454377767,0.02126925930113436,0.02035579469014759,0.002148223888810696,0.0037461403614715227,0.003581180947548654,0.00012020741258969977,0.41876512438463015,9.875646939803113,0.00984944326977288
0.15,0.06,0.004,10,True,2.5005000000000024,0.20749701765331827,1.3774532595870839,290.1726707033983,9.331008447510486,0.4602529357301176,0.12857323186672195,0.003704716329310304,0.02038409050395734,0.026225787476039677,0.003908196843223018,0.0015384138493096946,0.0014077588120615199,0.0030671094393433934,9.771745351894099e-05,0.4602529357301176,10.716444487502452,0.013253329063847984
0.15,0.06,0.004,11,True,1.6054999999998787,0.7821440007663326,5.058114164156484,239.5689277169531,9.640181787089366,0.3383947748012766,0.0497447864198543,0.0008758319652234292,0.03496389312200575,0.021232963867713863,0.0007510764828339755,0.0004437782537323678,0.0037846330688811086,0.0012112617284625905,1.4211044766893634e-05,0.5146261591423446,10.17437259788254,0.00868993123729791
0.15,0.06,0.004,12,True,1.5454999999998853,0.1347648975013964,0.5435418862402248,231.45516194720096,9.451138448183386,0.44369364977542813,0.08378712795532194,0.0010838336019541883,0.057337647142971224,0.012165048459874749,0.004693838148510661,0.0010496677217878725,0.0016916237397697179,0.003011337228318354,1.3656639817761454e-05,0.5092161748652868,10.556601227494834,0.005028270321866201
0.15,0.06,0.004,13,True,2.5255000000000107,0.41111575930014965,2.546830478685907,253.6342832665306,9.306239465801735,0.5106823465188471,0.12143888503035041,0.0031602170290511893,0.05276512574660295,0.025842514773255526,0.0068446497361148734,0.00023159837315526422,0.00383939734133819,0.0028413750731413057,1.0071496504630682e-05,0.5106823465188471,10.761548012689753,0.007862966041661704
0.15,0.06,0.004,14,True,2.4704999999999924,0.13463208457976503,0.6592597632850016,263.8300320794809,9.372490286734415,0.46458555040672866,0.1195724073839522,0.002979344988679685,0.028047333341712825,0.023460264722805206,0.022517857178019643,0.001923952442364494,0.002645089626439942,0.00328694026759358,6.957465863408183e-05,0.46458555040672866,10.094407449984567,0.012463223600913117
0.15,0.06,0.004,15,True,1.6054999999998787,0.09525835926901265,0.34414009740150364,221.08305826802578,9.428338040807985,0.4635290062633226,0.1420894596701752,0.002341415082513897,0.05079085556680287,0.015576948671442846,0.001173860694578235,0.001714791771101193,0.0014387362801707927,0.0031563141306264137,2.547831869663868e-05,0.4635290062633226,10.747204198879444,0.012814660277720307
0.15,0.06,0.008,0,True,1.5554999999998842,0.20756527465597618,0.8173791150583964,224.33299981624273,9.49004825985941,0.47253699911240404,0.20200471848274185,0.0021244856490258636,0.023489335688193516,0.008901417526596284,0.00043269248631363886,0.0024398107176008175,0.0037382667318331653,0.0028199073273015396,7.210319823797473e-05,0.47253699911240404,10.68108713915643,0.013158535541215322
0.15,0.06,0.008,1,True,2.0254999999998438,0.11410694788933921,0.3345882928886114,221.33754441667304,8.315336030400216,0.4688516233944308,0.14514084197572438,0.001708156019624724,0.057523184816296764,0.011171511479831942,0.0248355844496532,0.0009354943560314564,0.0022699793469177273,0.0034831077814613254,3.0286949087099423e-05,0.4731577435179982,9.212803007193706,0.012535131086748067
0.15,0.06,0.008,2,True,3.3205000000002762,0.6353356285762757,4.009784391673492,247.4789790655198,10.070557199272615,0.3305337982818343,0.047788271712361996,0.0011044052733180985,0.024924557170706164,0.025912966293074165,0.0024063537379950413,0.001800301577896962,0.003185681580435384,0.0015637032200998104,1.161067493821754e-05,0.444596814262228,10.231888726552896,0.010622656627804278
0.15,0.06,0.008,3,True,2.3904999999999657,0.7204288291515414,4.873791299827226,237.6691984016688,9.424423501855243,0.2639501296019115,0.03723086901648624,0.0008127017608135093,0.021840525329804985,0.02562803823454073,0.015240966464155783,0.00028238592672119757,0.0022993808207094216,0.0024371538944225023,1.5412303097482646e-05,0.49239602374655833,9.352126819818665,0.008912281904956621
0.15,0.06,0.008,4,True,3.6205000000003764,0.11453586691079616,0.6447755106807641,502.3895365036061,9.400914168163121,0.5066500685155163,0.1244062905246385,0.0036220599140287797,0.03556637764071808,0.02947736152556949,0.002116282156798607,0.0018220674959850889,0.0021294597531318175,0.0034057036209574217,1.60420785683912e-05,0.5066500685155163,10.048268349666515,0.014022150797159886
0.15,0.06,0.008,5,True,2.490499999999999,0.1482580128441489,0.8700640942055852,267.0104737382946,9.20513783861984,0.4210708019156255,0.14430897209850518,0.002847440277994798,0.05039703948682469,0.019337162342927122,0.0074822626339227484,0.0001617921071449693,0.002150106642356555,0.002225419616259996,1.1304406335961537e-05,0.4210708019156255,10.784801797232584,0.011523691115879878
0.15,0.06,0.008,6,True,1.5804999999998814,0.10489728232379089,0.3826197078491307,230.96686111855334,8.911412801787517,0.4867114367610584,0.10543074302158727,0.0017884136569469048,0.027163543490666922,0.01611947927549832,0.009804302396366918,0.0029623349705594,0.002898268817821438,0.003022971791513481,2.4438083011449394e-05,0.4867114367610584,9.367174052139356,0.005517292319837753
0.15,0.06,0.008,7,True,2.4704999999999924,0.8017312161688882,5.488979993941521,244.48070477346994,8.946072296235476,0.49889522059021285,0.08684667334124149,0.0020809973356412242,0.05486069004847877,0.025065085185394256,0.005895910446750368,0.0009004988547336763,0.003620660336188786,0.0010157959136967243,9.243566384669972e-05,0.49889522059021285,9.925295980985247,0.008030324268193136
0.15,0.06,0.008,8,True,1.5254999999998875,0.17379344087898352,0.7854002246677315,223.2596980865584,8.693619219377544,0.32204635008595917,0.08512654588189938,0.001237666433073275,0.059363842166896275,0.015011638446681368,0.020644162864735433,0.0026096895350886484,0.002173254419617582,0.0023136456193683964,2.7440165521545802e-05,0.4271231740331686,9.94314245206847,0.007413521450846823
0.15,0.06,0.008,9,False,inf,75.97180320172345,113.06878981388203,312.31108949526356,9.373048463808447,0.41876512438463015,0.1554002362699914,0.0031903885322791745,0.024340860454377767,0.02126925930113436,0.02035579469014759,0.002148223888810696,0.0037461403614715227,0.003581180947548654,0.00012020741258969977,0.41876512438463015,9.875646939803113,0.00984944326977288
0.15,0.06,0.008,10,True,2.5455000000000174,0.08432718715575513,0.5567923354340059,285.7605755717277,9.364853560380825,0.4602529357301176,0.13168244177995847,0.003704716329310304,0.02038409050395734,0.026225787476039677,0.003908196843223018,0.0015384138493096946,0.0014077588120615199,0.0030671094393433934,9.771745351894099e-05,0.4602529357301176,10.716444487502452,0.013253329063847984
0.15,0.06,0.008,11,True,4.205500000000389,0.7890475790503502,4.963687604047339,292.9426675032583,9.929544551944954,0.3322251230723705,0.049950740339417925,0.0008758319652234292,0.03496389312200575,0.021232963867713863,0.0007510764828339755,0.0004437782537323678,0.0037846330688811086,0.0012112617284625905,1.4211044766893634e-05,0.5146261591423446,10.17437259788254,0.00868993123729791
0.15,0.06,0.008,12,True,1.5804999999998814,0.14070630300949746,0.5612819553838462,235.6681478611433,9.453623132430517,0.36434652097095854,0.08842539624176256,0.0010838336019541883,0.057337647142971224,0.012165048459874749,0.004693838148510661,0.0010496677217878725,0.0016916237397697179,0.003011337228318354,1.3656639817761454e-05,0.5092161748652868,10.556601227494834,0.005028270321866201
0.15,0.06,0.008,13,True,2.5455000000000174,0.42352707248905513,2.546874290467609,286.8879560602242,9.27159181002815,0.5106823465188471,0.12699441591720073,0.0031602170290511893,0.05276512574660295,0.025842514773255526,0.0068446497361148734,0.00023159837315526422,0.00383939734133819,0.0028413750731413057,1.0071496504630682e-05,0.5106823465188471,10.761548012689753,0.007862966041661704
0.15,0.06,0.008,14,True,2.490499999999999,0.09853182595146771,0.5788842526227548,268.7787761633975,9.345539542116166,0.46458555040672866,0.12118864343984186,0.002979344988679685,0.028047333341712825,0.023460264722805206,0.022517857178019643,0.001923952442364494,0.002645089626439942,0.00328694026759358,6.957465863408183e-05,0.46458555040672866,10.094407449984567,0.012463223600913117
0.15,0.06,0.008,15,True,1.6404999999998748,0.10568085716076608,0.40877297383815814,228.94364138047817,9.415772090939116,0.4635290062633226,0.14359566777960772,0.002341415082513897,0.05079085556680287,0.015576948671442846,0.001173860694578235,0.001714791771101193,0.0014387362801707927,0.0031563141306264137,2.547831869663868e-05,0.4635290062633226,10.747204198879444,0.012814660277720307
0.15,0.08,0.0,0,True,1.240499999999919,0.28867336429399937,1.6448165061285742,152.1756955110476,9.494562758123129,0.36792485969850836,0.11223440115859458,0.0021244856490258636,0.023489335688193516,0.008901417526596284,0.00043269248631363886,0.0024398107176008175,0.0037382667318331653,0.0028199073273015396,7.210319823797473e-05,0.47253699911240404,10.68108713915643,0.013158535541215322
0.15,0.08,0.0,1,True,1.2054999999999227,0.159905703185899,0.3402987066318595,139.5447546438411,8.329102898614268,0.4560440837718463,0.08222158159832157,0.001708156019624724,0.057523184816296764,0.011171511479831942,0.0248355844496532,0.0009354943560314564,0.0022699793469177273,0.0034831077814613254,3.0286949087099423e-05,0.4731577435179982,9.212803007193706,0.012535131086748067
0.15,0.08,0.0,2,True,0.8154999999999656,1.195485440927867,5.218613526422434,176.45419835882012,9.89466317764799,0.18758928137405065,0.03436218714469509,0.0011044052733180985,0.024924557170706164,0.025912966293074165,0.0024063537379950413,0.001800301577896962,0.003185681580435384,0.0015637032200998104,1.161067493821754e-05,0.444596814262228,10.231888726552896,0.010622656627804278
0.15,0.08,0.0,3,True,1.3054999999999117,1.4297866912410513,6.1588249842169,161.07754188928516,9.102246981565507,0.15066797124906012,0.027517066423501952,0.0008127017608135093,0.021840525329804985,0.02562803823454073,0.015240966464155783,0.00028238592672119757,0.0022993808207094216,0.0024371538944225023,1.5412303097482646e-05,0.49239602374655833,9.352126819818665,0.008912281904956621
0.15,0.08,0.0,4,True,1.4004999999999013,1.011467639236509,4.060536609976732,167.52872113784895,9.338973754819017,0.5020030269932388,0.07645640487769544,0.0036220599140287797,0.03556637764071808,0.02947736152556949,0.002116282156798607,0.0018220674959850889,0.0021294597531318175,0.0034057036209574217,1.60420785683912e-05,0.5066500685155163,10.048268349666515,0.014022150797159886
0.15,0.08,0.0,5,True,1.3254999999999095,0.5383642708254952,2.1137376916622186,158.66618057052423,9.165061271084634,0.4172432552643986,0.08842654036960113,0.002847440277994798,0.05039703948682469,0.019337162342927122,0.0074822626339227484,0.0001617921071449693,0.002150106642356555,0.002225419616259996,1.1304406335961537e-05,0.4210708019156255,10.784801797232584,0.011523691115879878
0.15,0.08,0.0,6,True,1.3154999999999106,0.1657875990869966,0.45426452155504615,159.09319325128786,8.942237785545025,0.39300408845055407,0.06067825883886945,0.0017884136569469048,0.027163543490666922,0.01611947927549832,0.009804302396366918,0.0029623349705594,0.002898268817821438,0.003022971791513481,2.4438083011449394e-05,0.4867114367610584,9.367174052139356,0.005517292319837753
0.15,0.08,0.0,7,True,1.285499999999914,4.141344787235551,15.651237666094922,156.24411865721095,8.968205430416091,0.3603807539970282,0.08143407878532441,0.0020809973356412242,0.05486069004847877,0.025065085185394256,0.005895910446750368,0.0009004988547336763,0.003620660336188786,0.0010157959136967243,9.243566384669972e-05,0.49889522059021285,9.925295980985247,0.008030324268193136
0.15,0.08,0.0,8,True,1.3104999999999112,1.1211677878099282,4.8922652070913015,146.93728270593624,8.725572425803005,0.39592293570821796,0.06593492312109213,0.001237666433073275,0.059363842166896275,0.015011638446681368,0.020644162864735433,0.0026096895350886484,0.002173254419617582,0.0023136456193683964,2.7440165521545802e-05,0.4271231740331686,9.94314245206847,0.007413521450846823
0.15,0.08,0.0,9,True,2.5255000000000107,4.239532822063277,16.941167187907944,169.54565846707405,9.359312966489533,0.41876512438463015,0.1102660753865442,0.0031903885322791745,0.024340860454377767,0.02126925930113436,0.02035579469014759,0.002148223888810696,0.0037461403614715227,0.003581180947548654,0.00012020741258969977,0.41876512438463015,9.875646939803113,0.00984944326977288
0.15,0.08,0.0,10,True,1.8904999999998473,3.499649658627559,12.489428108715314,166.16098259681027,9.788933505459338,0.4602529357301176,0.1032861285063849,0.003704716329310304,0.02038409050395734,0.026225787476039677,0.003908196843223018,0.0015384138493096946,0.0014077588120615199,0.0030671094393433934,9.771745351894099e-05,0.4602529357301176,10.716444487502452,0.013253329063847984
0.15,0.08,0.0,11,True,0.7954999999999678,1.3663535966228755,5.9682029172594815,168.14456873954057,9.649849605431964,0.16469317924134375,0.037789173451029244,0.0008758319652234292,0.03496389312200575,0.021232963867713863,0.0007510764828339755,0.0004437782537323678,0.0037846330688811086,0.0012112617284625905,1.4211044766893634e-05,0.5146261591423446,10.17437259788254,0.00868993123729791
0.15,0.08,0.0,12,True,0.7654999999999711,0.4979567230623592,1.6533000815772914,161.3178464589469,9.465486179223454,0.3450701890851819,0.058773075578120025,0.0010838336019541883,0.057337647142971224,0.012165048459874749,0.004693838148510661,0.0010496677217878725,0.0016916237397697179,0.003011337228318354,1.3656639817761454e-05,0.5092161748652868,10.556601227494834,0.005028270321866201
0.15,0.08,0.0,13,True,1.3604999999999057,1.0143472614923525,4.111021696743366,164.54121435193028,9.230572561498635,0.5106823465188471,0.08153582205616196,0.0031602170290511893,0.05276512574660295,0.025842514773255526,0.0068446497361148734,0.00023159837315526422,0.00383939734133819,0.0028413750731413057,1.0071496504630682e-05,0.5106823465188471,10.761548012689753,0.007862966041661704
0.15,0.08,0.0,14,True,1.3054999999999117,2.690828633693359,10.240204474385658,162.19920248078665,9.377450618379463,0.4349862449990796,0.08228576329391045,0.002979344988679685,0.028047333341712825,0.023460264722805206,0.022517857178019643,0.001923952442364494,0.002645089626439942,0.00328694026759358,6.957465863408183e-05,0.46458555040672866,10.094407449984567,0.012463223600913117
0.15,0.08,0.0,15,True,1.3104999999999112,0.13080755080875914,0.4281331868529156,156.50349523987657,9.400959488134166,0.3720731105716563,0.08516190805020418,0.002341415082513897,0.05079085556680287,0.015576948671442846,0.001173860694578235,0.001714791771101193,0.0014387362801707927,0.0031563141306264137,2.547831869663868e-05,0.4635290062633226,10.747204198879444,0.012814660277720307
0.15,0.08,0.002,0,True,2.400499999999969,0.14800790063145675,0.3689914288465191,375.37524754851,9.578049135710534,0.47253699911240404,0.14927824200855702,0.0021244856490258636,0.023489335688193516,0.008901417526596284,0.00043269248631363886,0.0024398107176008175,0.0037382667318331653,0.0028199073273015396,7.210319823797473e-05,0.47253699911240404,10.68108713915643,0.013158535541215322
0.15,0.08,0.002,1,True,1.4454999999998963,0.1097392360525456,0.28602834665295235,177.5773993704857,8.320843007435318,0.4334628748419711,0.1054639841796884,0.001708156019624724,0.057523184816296764,0.011171511479831942,0.0248355844496532,0.0009354943560314564,0.0022699793469177273,0.0034831077814613254,3.0286949087099423e-05,0.4731577435179982,9.212803007193706,0.012535131086748067
0.15,0.08,0.002,2,True,1.530499999999887,0.8835915608345152,4.304495660474366,213.07858753721584,9.885201829676829,0.18849336207825465,0.03831280683309816,0.0011044052733180985,0.024924557170706164,0.025912966293074165,0.0024063537379950413,0.001800301577896962,0.003185681580435384,0.0015637032200998104,1.161067493821754e-05,0.444596814262228,10.231888726552896,0.010622656627804278
0.15,0.08,0.002,3,True,1.5154999999998886,1.0185488396300022,5.372316179949233,200.72238902665066,9.098126191182295,0.1499623897077767,0.030128829116325452,0.0008127017608135093,0.021840525329804985,0.02562803823454073,0.015240966464155783,0.00028238592672119757,0.0022993808207094216,0.0024371538944225023,1.5412303097482646e-05,0.49239602374655833,9.352126819818665,0.008912281904956621
0.15,0.08,0.002,4,True,1.6354999999998754,0.5037069926322423,2.4241065585385666,208.29245700045402,9.360575164633133,0.5066500685155163,0.09707959313216435,0.0036220599140287797,0.03556637764071808,0.02947736152556949,0.002116282156798607,0.0018220674959850889,0.0021294597531318175,0.0034057036209574217,1.60420785683912e-05,0.5066500685155163,10.048268349666515,0.014022150797159886
0.15,0.08,0.002,5,True,1.5554999999998842,0.11828634269455153,0.4337863225037965,197.46480150032045,9.154038088926107,0.4210708019156255,0.10444589578459236,0.002847440277994798,0.05039703948682469,0.019337162342927122,0.0074822626339227484,0.0001617921071449693,0.002150106642356555,0.002225419616259996,1.1304406335961537e-05,0.4210708019156255,10.784801797232584,0.011523691115879878
0.15,0.08,0.002,6,True,1.5154999999998886,0.092501940159427,0.25888851815126235,195.67179923711828,8.934737607168222,0.4867114367610584,0.07714626268127897,0.0017884136569469048,0.027163543490666922,0.01611947927549832,0.009804302396366918,0.0029623349705594,0.002898268817821438,0.003022971791513481,2.4438083011449394e-05,0.4867114367610584,9.367174052139356,0.005517292319837753
0.15,0.08,0.002,7,True,1.5704999999998825,1.492490335646561,7.685503843125496,199.22358717628288,8.969519741487836,0.4569466121549221,0.0756069105187465,0.0020809973356412242,0.05486069004847877,0.025065085185394256,0.005895910446750368,0.0009004988547336763,0.003620660336188786,0.0010157959136967243,9.243566384669972e-05,0.49889522059021285,9.925295980985247,0.008030324268193136
0.15,0.08,0.002,8,True,1.5254999999998875,0.5839263848108901,2.584458178425706,188.84899709095396,8.715986447827152,0.4271231740331686,0.0705223226287902,0.001237666433073275,0.059363842166896275,0.015011638446681368,0.020644162864735433,0.0026096895350886484,0.002173254419617582,0.0023136456193683964,2.7440165521545802e-05,0.4271231740331686,9.94314245206847,0.007413521450846823
0.15,0.08,0.002,9,True,1.5704999999998825,0.45049011586378285,2.0532649179747975,212.22694551391018,9.365465465974738,0.41876512438463015,0.11503520075843283,0.0031903885322791745,0.024340860454377767,0.02126925930113436,0.02035579469014759,0.002148223888810696,0.0037461403614715227,0.003581180947548654,0.00012020741258969977,0.41876512438463015,9.875646939803113,0.00984944326977288
0.15,0.08,0.002,10,True,1.5954999999998798,0.6503364202984099,3.1826391439904063,206.29873455019253,9.33173056014489,0.4602529357301176,0.09555191859627311,0.003704716329310304,0.02038409050395734,0.026225787476039677,0.003908196843223018,0.0015384138493096946,0.0014077588120615199,0.0030671094393433934,9.771745351894099e-05,0.4602529357301176,10.716444487502452,0.013253329063847984
0.15,0.08,0.002,11,True,3.0105000000001727,1.092670359267938,5.507904326891168,431.9680172855298,9.73507604208051,0.3536422058185743,0.04241111813505174,0.0008758319652234292,0.03496389312200575,0.021232963867713863,0.0007510764828339755,0.0004437782537323678,0.0037846330688811086,0.0012112617284625905,1.4211044766893634e-05,0.5146261591423446,10.17437259788254,0.00868993123729791
0.15,0.08,0.002,12,True,2.475499999999994,2.7697377389391717,43.73842343970884,392.53018919205766,9.454596068620049,0.5092161748652868,0.3194611396656505,0.0010838336019541883,0.057337647142971224,0.012165048459874749,0.004693838148510661,0.0010496677217878725,0.0016916237397697179,0.003011337228318354,1.3656639817761454e-05,0.5092161748652868,10.556601227494834,0.005028270321866201
0.15,0.08,0.002,13,True,1.5554999999998842,0.6716963565680543,3.251780425462351,205.6920483411775,9.269542776110312,0.5106823465188471,0.09535490086581815,0.0031602170290511893,0.05276512574660295,0.025842514773255526,0.0068446497361148734,0.00023159837315526422,0.00383939734133819,0.0028413750731413057,1.0071496504630682e-05,0.5106823465188471,10.761548012689753,0.007862966041661704
0.15,0.08,0.002,14,True,1.575499999999882,0.2216535999340291,1.0951324747701692,205.94129532719373,9.373827807092837,0.46458555040672866,0.08866768020542423,0.002979344988679685,0.028047333341712825,0.023460264722805206,0.022517857178019643,0.001923952442364494,0.002645089626439942,0.00328694026759358,6.957465863408183e-05,0.46458555040672866,10.094407449984567,0.012463223600913117
0.15,0.08,0.002,15,True,1.6004999999998792,0.09574585061634604,0.30357378462881135,195.74277543044354,9.431553876082784,0.4635290062633226,0.10727380688745694,0.002341415082513897,0.05079085556680287,0.015576948671442846,0.001173860694578235,0.001714791771101193,0.0014387362801707927,0.0031563141306264137,2.547831869663868e-05,0.4635290062633226,10.747204198879444,0.012814660277720307
0.15,0.08,0.004,0,True,2.4404999999999824,0.14209005060968513,0.3580603820198467,382.67016641375875,9.502738259579084,0.47253699911240404,0.15134904506798277,0.0021244856490258636,0.023489335688193516,0.008901417526596284,0.00043269248631363886,0.0024398107176008175,0.0037382667318331653,0.0028199073273015396,7.210319823797473e-05,0.47253699911240404,10.68108713915643,0.013158535541215322
0.15,0.08,0.004,1,True,1.475499999999893,0.1230200903432331,0.3043078974275452,186.0895663273099,8.313205088945832,0.44123305071460456,0.1122854207397984,0.001708156019624724,0.057523184816296764,0.011171511479831942,0.0248355844496532,0.0009354943560314564,0.0022699793469177273,0.0034831077814613254,3.0286949087099423e-05,0.4731577435179982,9.212803007193706,0.012535131086748067
0.15,0.08,0.004,2,True,1.565499999999883,0.8401473973222608,4.220557008609549,218.8830979672885,9.87443024219373,0.28702944296268385,0.04033648687785088,0.0011044052733180985,0.024924557170706164,0.025912966293074165,0.0024063537379950413,0.001800301577896962,0.003185681580435384,0.0015637032200998104,1.161067493821754e-05,0.444596814262228,10.231888726552896,0.010622656627804278
0.15,0.08,0.004,3,True,1.575499999999882,0.9239822564372688,4.757574003410692,208.97243736989157,9.094558679194105,0.2145211959301435,0.03208215224250746,0.0008127017608135093,0.021840525329804985,0.02562803823454073,0.015240966464155783,0.00028238592672119757,0.0022993808207094216,0.0024371538944225023,1.5412303097482646e-05,0.49239602374655833,9.352126819818665,0.008912281904956621
0.15,0.08,0.004,4,True,1.6604999999998726,0.44460580843358455,2.2092115889596773,214.16808220937938,9.33934628575784,0.5066500685155163,0.09804436681067183,0.0036220599140287797,0.03556637764071808,0.02947736152556949,0.002116282156798607,0.0018220674959850889,0.0021294597531318175,0.0034057036209574217,1.60420785683912e-05,0.5066500685155163,10.048268349666515,0.014022150797159886
0.15,0.08,0.004,5,True,1.575499999999882,0.12426287339911575,0.4403257021451989,207.49390717174035,9.143163245425763,0.4210708019156255,0.1104189472550323,0.002847440277994798,0.05039703948682469,0.019337162342927122,0.0074822626339227484,0.0001617921071449693,0.002150106642356555,0.002225419616259996,1.1304406335961537e-05,0.4210708019156255,10.784801797232584,0.011523691115879878
0.15,0.08,0.004,6,True,1.5554999999998842,0.09376988152182178,0.2601118794803558,202.3382709982919,8.926125286151521,0.4867114367610584,0.08043738226364323,0.0017884136569469048,0.027163543490666922,0.01611947927549832,0.009804302396366918,0.0029623349705594,0.002898268817821438,0.003022971791513481,2.4438083011449394e-05,0.4867114367610584,9.367174052139356,0.005517292319837753
0.15,0.08,0.004,7,True,1.6154999999998776,1.1585590349791717,6.225903455184476,205.9835038796933,8.956688370896677,0.45773463205383075,0.07568313667007574,0.0020809973356412242,0.05486069004847877,0.025065085185394256,0.005895910446750368,0.0009004988547336763,0.003620660336188786,0.0010157959136967243,9.243566384669972e-05,0.49889522059021285,9.925295980985247,0.008030324268193136
0.15,0.08,0.004,8,True,1.5554999999998842,0.5039890077076274,2.268271697266922,195.27629741787615,8.705699280978013,0.4271231740331686,0.07311847479509559,0.001237666433073275,0.059363842166896275,0.015011638446681368,0.020644162864735433,0.0026096895350886484,0.002173254419617582,0.0023136456193683964,2.7440165521545802e-05,0.4271231740331686,9.94314245206847,0.007413521450846823
0.15,0.08,0.004,9,True,1.6154999999998776,0.1293843417185999,0.4432057930826342,216.3848102065175,9.363393844855354,0.41876512438463015,0.12297455226426214,0.0031903885322791745,0.024340860454377767,0.02126925930113436,0.02035579469014759,0.002148223888810696,0.0037461403614715227,0.003581180947548654,0.00012020741258969977,0.41876512438463015,9.875646939803113,0.00984944326977288
0.15,0.08,0.004,10,True,1.6154999999998776,0.16030488116858557,0.7437415027621624,210.24642333046313,9.31903063088844,0.4602529357301176,0.09886173766821013,0.003704716329310304,0.02038409050395734,0.026225787476039677,0.003908196843223018,0.0015384138493096946,0.0014077588120615199,0.0030671094393433934,9.771745351894099e-05,0.4602529357301176,10.716444487502452,0.013253329063847984
0.15,0.08,0.004,11,True,1.5904999999998803,1.0157366100509375,5.245121618051318,212.22932000111243,9.638133483384623,0.16494522789995475,0.04303103538319342,0.0008758319652234292,0.03496389312200575,0.021232963867713863,0.0007510764828339755,0.0004437782537323678,0.0037846330688811086,0.0012112617284625905,1.4211044766893634e-05,0.5146261591423446,10.17437259788254,0.00868993123729791
0.15,0.08,0.004,12,True,1.6254999999998765,0.13956004956953655,0.41891256774784763,205.19021573262376,9.454946305727978,0.5092161748652868,0.06746591977692348,0.0010838336019541883,0.057337647142971224,0.012165048459874749,0.004693838148510661,0.0010496677217878725,0.0016916237397697179,0.003011337228318354,1.3656639817761454e-05,0.5092161748652868,10.556601227494834,0.005028270321866201
0.15,0.08,0.004,13,True,1.6254999999998765,0.662796732907294,3.1753306232810576,209.9876397101511,9.207510253085559,0.5106823465188471,0.10177064544783428,0.0031602170290511893,0.05276512574660295,0.025842514773255526,0.0068446497361148734,0.00023159837315526422,0.00383939734133819,0.0028413750731413057,1.0071496504630682e-05,0.5106823465188471,10.761548012689753,0.007862966041661704
0.15,0.08,0.004,14,True,1.630499999999876,0.11226209611387268,0.4035056070485497,210.2939397943368,9.362566611698604,0.46458555040672866,0.09290875314848565,0.002979344988679685,0.028047333341712825,0.023460264722805206,0.022517857178019643,0.001923952442364494,0.002645089626439942,0.00328694026759358,6.957465863408183e-05,0.46458555040672866,10.094407449984567,0.012463223600913117
0.15,0.08,0.004,15,True,1.630499999999876,0.10003638943522476,0.25661868916834724,201.90017624588765,9.388509482595172,0.4635290062633226,0.11273557659782121,0.002341415082513897,0.05079085556680287,0.015576948671442846,0.001173860694578235,0.001714791771101193,0.0014387362801707927,0.0031563141306264137,2.547831869663868e-05,0.4635290062633226,10.747204198879444,0.012814660277720307
0.15,0.08,0.008,0,True,1.5904999999998803,0.1663556491820373,0.3556584664821098,198.19445108537386,9.468439499947547,0.47253699911240404,0.1649516812198295,0.0021244856490258636,0.023489335688193516,0.008901417526596284,0.00043269248631363886,0.0024398107176008175,0.0037382667318331653,0.0028199073273015396,7.210319823797473e-05,0.47253699911240404,10.68108713915643,0.013158535541215322
0.15,0.08,0.008,1,True,1.520499999999888,0.10964569216858312,0.32630383767693705,193.88104815273377,8.291196541080671,0.4731577435179982,0.11434252504856991,0.001708156019624724,0.057523184816296764,0.011171511479831942,0.0248355844496532,0.0009354943560314564,0.0022699793469177273,0.0034831077814613254,3.0286949087099423e-05,0.4731577435179982,9.212803007193706,0.012535131086748067
0.15,0.08,0.008,2,True,1.6354999999998754,0.7637784859052753,3.9662200981228013,223.242587631226,9.8522912215754,0.3277707619939271,0.03968747120425499,0.0011044052733180985,0.024924557170706164,0.025912966293074165,0.0024063537379950413,0.001800301577896962,0.003185681580435384,0.0015637032200998104,1.161067493821754e-05,0.444596814262228,10.231888726552896,0.010622656627804278
0.15,0.08,0.008,3,True,1.6054999999998787,0.8944815048353846,4.823201783955719,210.51647731766664,9.08120293465468,0.30286373583992465,0.03230453146516633,0.0008127017608135093,0.021840525329804985,0.02562803823454073,0.015240966464155783,0.00028238592672119757,0.0022993808207094216,0.0024371538944225023,1.5412303097482646e-05,0.49239602374655833,9.352126819818665,0.008912281904956621
0.15,0.08,0.008,4,True,1.6804999999998704,0.4109302348736871,2.012057870188241,220.2218585414928,9.330331251969088,0.5066500685155163,0.10221066884222063,0.0036220599140287797,0.03556637764071808,0.02947736152556949,0.002116282156798607,0.0018220674959850889,0.0021294597531318175,0.0034057036209574217,1.60420785683912e-05,0.5066500685155163,10.048268349666515,0.014022150797159886
0.15,0.08,0.008,5,True,1.6054999999998787,0.1185423400607316,0.39133914021583643,211.2753209820364,9.122203186451735,0.4210708019156255,0.11741871816826106,0.002847440277994798,0.05039703948682469,0.019337162342927122,0.0074822626339227484,0.0001617921071449693,0.002150106642356555,0.002225419616259996,1.1304406335961537e-05,0.4210708019156255,10.784801797232584,0.011523691115879878
0.15,0.08,0.008,6,True,1.5604999999998836,0.09874082454193361,0.2746549528964166,204.63088632347853,8.8891413341883,0.4867114367610584,0.08136117866980852,0.0017884136569469048,0.027163543490666922,0.01611947927549832,0.009804302396366918,0.0029623349705594,0.002898268817821438,0.003022971791513481,2.4438083011449394e-05,0.4867114367610584,9.367174052139356,0.005517292319837753
0.15,0.08,0.008,7,True,1.6404999999998748,0.9898940363946148,5.33461159597579,209.74831206706145,8.93564681983218,0.4422411556714376,0.07602681202952952,0.0020809973356412242,0.05486069004847877,0.025065085185394256,0.005895910446750368,0.0009004988547336763,0.003620660336188786,0.0010157959136967243,9.243566384669972e-05,0.49889522059021285,9.925295980985247,0.008030324268193136
0.15,0.08,0.008,8,True,1.5504999999998847,0.527739162216093,2.2293358897244846,197.55165628760804,8.678791698911807,0.4271231740331686,0.07460898449006385,0.001237666433073275,0.059363842166896275,0.015011638446681368,0.020644162864735433,0.0026096895350886484,0.002173254419617582,0.0023136456193683964,2.7440165521545802e-05,0.4271231740331686,9.94314245206847,0.007413521450846823
0.15,0.08,0.008,9,True,1.6554999999998732,0.11008087101427041,0.41301234786387747,220.333881332634,9.361964969563472,0.41876512438463015,0.12426902673538276,0.0031903885322791745,0.024340860454377767,0.02126925930113436,0.02035579469014759,0.002148223888810696,0.0037461403614715227,0.003581180947548654,0.00012020741258969977,0.41876512438463015,9.875646939803113,0.00984944326977288
0.15,0.08,0.008,10,True,1.6704999999998715,0.1126007104563354,0.41249176992325026,213.560556112868,9.289314178050889,0.4602529357301176,0.10338660388421106,0.003704716329310304,0.02038409050395734,0.026225787476039677,0.003908196843223018,0.0015384138493096946,0.0014077588120615199,0.0030671094393433934,9.771745351894099e-05,0.4602529357301176,10.716444487502452,0.013253329063847984
0.15,0.08,0.008,11,True,1.6454999999998743,0.9541227652299396,4.788216462677082,216.0976709010364,9.621306221636312,0.3425450195674097,0.04327652009778199,0.0008758319652234292,0.03496389312200575,0.021232963867713863,0.0007510764828339755,0.0004437782537323678,0.0037846330688811086,0.0012112617284625905,1.4211044766893634e-05,0.5146261591423446,10.17437259788254,0.00868993123729791
0.15,0.08,0.008,12,True,1.6554999999998732,2.1899340979670674,19.754084301694487,209.05246788696178,9.414679695961295,0.5092161748652868,0.3294579278216459,0.0010838336019541883,0.057337647142971224,0.012165048459874749,0.004693838148510661,0.0010496677217878725,0.0016916237397697179,0.003011337228318354,1.3656639817761454e-05,0.5092161748652868,10.556601227494834,0.005028270321866201
0.15,0.08,0.008,13,True,1.6804999999998704,0.6503516858629537,3.116074875435914,215.78268251529798,9.168676412427764,0.5106823465188471,0.1028315397921881,0.0031602170290511893,0.05276512574660295,0.025842514773255526,0.0068446497361148734,0.00023159837315526422,0.00383939734133819,0.0028413750731413057,1.0071496504630682e-05,0.5106823465188471,10.761548012689753,0.007862966041661704
0.15,0.08,0.008,14,True,1.6254999999998765,0.1111872916866825,0.37596920041355353,213.7594741651384,9.344316567854982,0.46458555040672866,0.09803999664123003,0.002979344988679685,0.028047333341712825,0.023460264722805206,0.022517857178019643,0.001923952442364494,0.002645089626439942,0.00328694026759358,6.957465863408183e-05,0.46458555040672866,10.094407449984567,0.012463223600913117
0.15,0.08,0.008,15,True,1.6604999999998726,0.1128071329890621,0.3618446108161027,207.63973173034395,9.370396016671979,0.4635290062633226,0.11673828750899132,0.002341415082513897,0.05079085556680287,0.015576948671442846,0.001173860694578235,0.001714791771101193,0.0014387362801707927,0.0031563141306264137,2.547831869663868e-05,0.4635290062633226,10.747204198879444,0.012814660277720307
