pend_length,arm_length,tip_mass,sample,success,t_up,theta_rms_deg,phi_std_hold_deg,phi_maxabs_deg,w_maxabs,tau_maxabs,tau_rms_hold,gear_armature,gear_friction,tau_servo,backlash,backlash_friction,obs_delay,cmd_delay,pend_friction,stall_torque,no_load_speed,arm_preload
0.04,0.03,0.004,0,False,inf,84.43343291806703,148.64663699897437,617.6499480324536,9.605019337889706,0.47253699911240404,0.13525251787477122,0.0021244856490258636,0.023489335688193516,0.008901417526596284,0.00043269248631363886,0.0024398107176008175,0.0037382667318331653,0.0028199073273015396,7.210319823797473e-05,0.47253699911240404,10.68108713915643,0.0
0.04,0.03,0.004,1,False,inf,87.39014571957448,156.63993369004905,632.4092043417099,8.157035348091442,0.4731577435179982,0.11911769880918385,0.001708156019624724,0.057523184816296764,0.011171511479831942,0.0248355844496532,0.0009354943560314564,0.0022699793469177273,0.0034831077814613254,3.0286949087099423e-05,0.4731577435179982,9.212803007193706,0.0
0.04,0.03,0.004,2,True,3.835500000000448,1.0879143293522155,5.3287585661897126,254.57316558753115,9.667089207953426,0.3512950285534754,0.034636192165153463,0.0011044052733180985,0.024924557170706164,0.025912966293074165,0.0024063537379950413,0.001800301577896962,0.003185681580435384,0.0015637032200998104,1.161067493821754e-05,0.444596814262228,10.231888726552896,0.0
0.04,0.03,0.004,3,False,inf,90.19110550557792,5.753611826035541,101.0072436981608,8.930066974170153,0.13928883167910722,0.041667921135782486,0.0008127017608135093,0.021840525329804985,0.02562803823454073,0.015240966464155783,0.00028238592672119757,0.0022993808207094216,0.0024371538944225023,1.5412303097482646e-05,0.49239602374655833,9.352126819818665,0.0
0.04,0.03,0.004,4,False,inf,86.11798238526147,244.18071004530498,500.1706932660317,8.854341479038643,0.5066500685155163,0.1646110766147644,0.0036220599140287797,0.03556637764071808,0.02947736152556949,0.002116282156798607,0.0018220674959850889,0.0021294597531318175,0.0034057036209574217,1.60420785683912e-05,0.5066500685155163,10.048268349666515,0.0
0.04,0.03,0.004,5,True,1.5704999999998825,0.4416933411201754,2.29069865573038,94.26232487055987,8.648616754975105,0.4210708019156255,0.09067397940507152,0.002847440277994798,0.05039703948682469,0.019337162342927122,0.0074822626339227484,0.0001617921071449693,0.002150106642356555,0.002225419616259996,1.1304406335961537e-05,0.4210708019156255,10.784801797232584,0.0
0.04,0.03,0.004,6,True,1.9704999999998385,0.10869812532577054,0.5573003610063365,236.9691571459458,8.755682505320692,0.4643016509943478,0.06134831734278556,0.0017884136569469048,0.027163543490666922,0.01611947927549832,0.009804302396366918,0.0029623349705594,0.002898268817821438,0.003022971791513481,2.4438083011449394e-05,0.4867114367610584,9.367174052139356,0.0
0.04,0.03,0.004,7,False,inf,95.9541165769964,11.441011524793124,96.38360009964079,8.654833663364155,0.3150771568155101,0.1418532673543604,0.0020809973356412242,0.05486069004847877,0.025065085185394256,0.005895910446750368,0.0009004988547336763,0.003620660336188786,0.0010157959136967243,9.243566384669972e-05,0.49889522059021285,9.925295980985247,0.0
0.04,0.03,0.004,8,False,inf,88.19513428390064,20.04046400591476,96.79059112317107,8.511951379060253,0.23263539523434384,0.0836882013396671,0.001237666433073275,0.059363842166896275,0.015011638446681368,0.020644162864735433,0.0026096895350886484,0.002173254419617582,0.0023136456193683964,2.7440165521545802e-05,0.4271231740331686,9.94314245206847,0.0
0.04,0.03,0.004,9,False,inf,99.10928071453282,14.004199535451919,97.16389657026565,8.585785768624886,0.41876512438463015,0.2526154935274822,0.0031903885322791745,0.024340860454377767,0.02126925930113436,0.02035579469014759,0.002148223888810696,0.0037461403614715227,0.003581180947548654,0.00012020741258969977,0.41876512438463015,9.875646939803113,0.0
0.04,0.03,0.004,10,False,inf,96.18120448181503,11.06658233715533,110.59027480078224,9.008410964192494,0.4602529357301176,0.23586050528915706,0.003704716329310304,0.02038409050395734,0.026225787476039677,0.003908196843223018,0.0015384138493096946,0.0014077588120615199,0.0030671094393433934,9.771745351894099e-05,0.4602529357301176,10.716444487502452,0.0
0.04,0.03,0.004,11,True,3.3205000000002762,1.1128581819570833,6.096232036970056,279.8017125526619,9.490354942148747,0.343346912285914,0.03854067660626198,0.0008758319652234292,0.03496389312200575,0.021232963867713863,0.0007510764828339755,0.0004437782537323678,0.0037846330688811086,0.0012112617284625905,1.4211044766893634e-05,0.5146261591423446,10.17437259788254,0.0
0.04,0.03,0.004,12,True,1.2654999999999161,0.44961463113035044,2.089474158972455,102.35670256889443,9.340326723243285,0.39175143514425437,0.06343766682821869,0.0010838336019541883,0.057337647142971224,0.012165048459874749,0.004693838148510661,0.0010496677217878725,0.0016916237397697179,0.003011337228318354,1.3656639817761454e-05,0.5092161748652868,10.556601227494834,0.0
0.04,0.03,0.004,13,True,4.6355000000001505,0.989850090685707,4.1353445916138,223.44327561902244,9.636883669567995,0.5106823465188471,0.09234214568860087,0.0031602170290511893,0.05276512574660295,0.025842514773255526,0.0068446497361148734,0.00023159837315526422,0.00383939734133819,0.0028413750731413057,1.0071496504630682e-05,0.5106823465188471,10.761548012689753,0.0
0.04,0.03,0.004,14,False,inf,94.49781416111647,10.22208667879716,91.30093214024429,8.812449296125308,0.4327540765876037,0.19437209390779486,0.002979344988679685,0.028047333341712825,0.023460264722805206,0.022517857178019643,0.001923952442364494,0.002645089626439942,0.00328694026759358,6.957465863408183e-05,0.46458555040672866,10.094407449984567,0.0
0.04,0.03,0.004,15,True,2.005499999999837,0.1139773342069015,0.4114478902400864,189.35460376414915,9.047133135401568,0.42594555944054613,0.08743421293461405,0.002341415082513897,0.05079085556680287,0.015576948671442846,0.001173860694578235,0.001714791771101193,0.0014387362801707927,0.0031563141306264137,2.547831869663868e-05,0.4635290062633226,10.747204198879444,0.0
0.04,0.04,0.004,0,True,0.9704999999999485,0.5204064217772395,2.4155257252816824,125.92041347374831,9.484560623347427,0.45647683013756557,0.09264521456298035,0.0021244856490258636,0.023489335688193516,0.008901417526596284,0.00043269248631363886,0.0024398107176008175,0.0037382667318331653,0.0028199073273015396,7.210319823797473e-05,0.47253699911240404,10.68108713915643,0.0
0.04,0.04,0.004,1,True,0.9654999999999491,0.12987340447329163,0.4429594705990306,81.636288709777,8.011052005928914,0.4731577435179982,0.06956564454806033,0.001708156019624724,0.057523184816296764,0.011171511479831942,0.0248355844496532,0.0009354943560314564,0.0022699793469177273,0.0034831077814613254,3.0286949087099423e-05,0.4731577435179982,9.212803007193706,0.0
0.04,0.04,0.004,2,True,1.0504999999999398,1.2726966195777287,5.200424933150959,109.38130593819605,9.607781789269094,0.175807550500881,0.03070173188737636,0.0011044052733180985,0.024924557170706164,0.025912966293074165,0.0024063537379950413,0.001800301577896962,0.003185681580435384,0.0015637032200998104,1.161067493821754e-05,0.444596814262228,10.231888726552896,0.0
0.04,0.04,0.004,3,True,1.0154999999999437,1.6312208742283556,5.648998226582639,100.59790952751878,8.925333365933076,0.13916225769066778,0.026206580839234963,0.0008127017608135093,0.021840525329804985,0.02562803823454073,0.015240966464155783,0.00028238592672119757,0.0022993808207094216,0.0024371538944225023,1.5412303097482646e-05,0.49239602374655833,9.352126819818665,0.0
0.04,0.04,0.004,4,True,1.3404999999999079,1.1157924171966533,4.001811307773031,97.9503708048247,8.560981275507459,0.49355905131861183,0.07331312655043284,0.0036220599140287797,0.03556637764071808,0.02947736152556949,0.002116282156798607,0.0018220674959850889,0.0021294597531318175,0.0034057036209574217,1.60420785683912e-05,0.5066500685155163,10.048268349666515,0.0
0.04,0.04,0.004,5,True,0.9704999999999485,0.46738558325108004,2.046341182726512,96.40392666813005,8.677361339813018,0.41369582079192996,0.0761836063326919,0.002847440277994798,0.05039703948682469,0.019337162342927122,0.0074822626339227484,0.0001617921071449693,0.002150106642356555,0.002225419616259996,1.1304406335961537e-05,0.4210708019156255,10.784801797232584,0.0
0.04,0.04,0.004,6,True,0.9804999999999474,0.25113835950771835,1.1172066036124673,100.52316182614767,8.736697828375164,0.27843794416188505,0.05026782783351565,0.0017884136569469048,0.027163543490666922,0.01611947927549832,0.009804302396366918,0.0029623349705594,0.002898268817821438,0.003022971791513481,2.4438083011449394e-05,0.4867114367610584,9.367174052139356,0.0
0.04,0.04,0.004,7,False,inf,92.39788178202521,7.893702348850026,102.65130135758203,8.667297874204339,0.31621179274399003,0.11371333936504027,0.0020809973356412242,0.05486069004847877,0.025065085185394256,0.005895910446750368,0.0009004988547336763,0.003620660336188786,0.0010157959136967243,9.243566384669972e-05,0.49889522059021285,9.925295980985247,0.0
0.04,0.04,0.004,8,True,4.075500000000461,0.847158270684859,4.330824263823664,356.20559265306315,8.670592146989975,0.4271231740331686,0.05916979879730562,0.001237666433073275,0.059363842166896275,0.015011638446681368,0.020644162864735433,0.0026096895350886484,0.002173254419617582,0.0023136456193683964,2.7440165521545802e-05,0.4271231740331686,9.94314245206847,0.0
0.04,0.04,0.004,9,False,inf,91.91070602359108,6.818451716529801,96.2683581824151,8.457634539069732,0.41876512438463015,0.1966600085684383,0.0031903885322791745,0.024340860454377767,0.02126925930113436,0.02035579469014759,0.002148223888810696,0.0037461403614715227,0.003581180947548654,0.00012020741258969977,0.41876512438463015,9.875646939803113,0.0
0.04,0.04,0.004,10,False,inf,86.76044768108889,6.095583069632388,105.31316509875194,8.923614149295913,0.4602529357301176,0.17222448165891172,0.003704716329310304,0.02038409050395734,0.026225787476039677,0.003908196843223018,0.0015384138493096946,0.0014077588120615199,0.0030671094393433934,9.771745351894099e-05,0.4602529357301176,10.716444487502452,0.0
0.04,0.04,0.004,11,True,1.0254999999999426,1.3433176663724575,6.369221675625544,99.83562368013278,9.46848603992716,0.1546423531605604,0.03646095263833551,0.0008758319652234292,0.03496389312200575,0.021232963867713863,0.0007510764828339755,0.0004437782537323678,0.0037846330688811086,0.0012112617284625905,1.4211044766893634e-05,0.5146261591423446,10.17437259788254,0.0
0.04,0.04,0.004,12,True,1.040499999999941,0.645744519381618,2.5415026048859706,91.72318523006665,9.334550749180185,0.2788079904141609,0.05845577967490688,0.0010838336019541883,0.057337647142971224,0.012165048459874749,0.004693838148510661,0.0010496677217878725,0.0016916237397697179,0.003011337228318354,1.3656639817761454e-05,0.5092161748652868,10.556601227494834,0.0
0.04,0.04,0.004,13,True,1.0054999999999448,1.088753722301919,3.8382911169248635,98.77067987387152,8.940287742055553,0.5106823465188471,0.07655144416024962,0.0031602170290511893,0.05276512574660295,0.025842514773255526,0.0068446497361148734,0.00023159837315526422,0.00383939734133819,0.0028413750731413057,1.0071496504630682e-05,0.5106823465188471,10.761548012689753,0.0
0.04,0.04,0.004,14,False,inf,87.24807864187134,5.495401281620783,97.06914284094249,8.859347236241362,0.4345241023547708,0.15050697567188298,0.002979344988679685,0.028047333341712825,0.023460264722805206,0.022517857178019643,0.001923952442364494,0.002645089626439942,0.00328694026759358,6.957465863408183e-05,0.46458555040672866,10.094407449984567,0.0
0.04,0.04,0.004,15,True,1.0204999999999431,0.5503490661106432,2.472726905897828,98.87946626021431,9.11439898215917,0.3799807064717869,0.07587460481948688,0.002341415082513897,0.05079085556680287,0.015576948671442846,0.001173860694578235,0.001714791771101193,0.0014387362801707927,0.0031563141306264137,2.547831869663868e-05,0.4635290062633226,10.747204198879444,0.0
0.04,0.05,0.004,0,True,0.6954999999999788,0.3351743384274256,1.4331505287670516,88.7076772865747,9.474732624503215,0.47253699911240404,0.08090130264330965,0.0021244856490258636,0.023489335688193516,0.008901417526596284,0.00043269248631363886,0.0024398107176008175,0.0037382667318331653,0.0028199073273015396,7.210319823797473e-05,0.47253699911240404,10.68108713915643,0.0
0.04,0.05,0.004,1,True,0.7054999999999777,0.14187702603649088,0.25272635591175613,77.97882987724685,8.0043129885905,0.3512605123488846,0.0582507563160117,0.001708156019624724,0.057523184816296764,0.011171511479831942,0.0248355844496532,0.0009354943560314564,0.0022699793469177273,0.0034831077814613254,3.0286949087099423e-05,0.4731577435179982,9.212803007193706,0.0
0.04,0.05,0.004,2,True,0.8004999999999672,1.4458514472793416,5.33822438637492,101.81439158070106,9.60467949376279,0.2370989075358551,0.028299157009776418,0.0011044052733180985,0.024924557170706164,0.025912966293074165,0.0024063537379950413,0.001800301577896962,0.003185681580435384,0.0015637032200998104,1.161067493821754e-05,0.444596814262228,10.231888726552896,0.0
0.04,0.05,0.004,3,True,0.8054999999999667,1.416150638459273,5.736049086660559,93.97150003784252,8.9205540082449,0.17632700779498492,0.023206356592824995,0.0008127017608135093,0.021840525329804985,0.02562803823454073,0.015240966464155783,0.00028238592672119757,0.0022993808207094216,0.0024371538944225023,1.5412303097482646e-05,0.49239602374655833,9.352126819818665,0.0
0.04,0.05,0.004,4,True,1.0654999999999382,1.254583775864207,3.8648599249198696,89.5625260874015,8.553667232562841,0.49705331534419694,0.06448238235610622,0.0036220599140287797,0.03556637764071808,0.02947736152556949,0.002116282156798607,0.0018220674959850889,0.0021294597531318175,0.0034057036209574217,1.60420785683912e-05,0.5066500685155163,10.048268349666515,0.0
0.04,0.05,0.004,5,True,0.7354999999999744,1.4191046759822956,2.903550646148153,82.38684977883861,8.579138464360973,0.4210708019156255,0.21591201860082593,0.002847440277994798,0.05039703948682469,0.019337162342927122,0.0074822626339227484,0.0001617921071449693,0.002150106642356555,0.002225419616259996,1.1304406335961537e-05,0.4210708019156255,10.784801797232584,0.0
0.04,0.05,0.004,6,True,0.7554999999999722,0.17350788891066338,0.3920494249776062,87.69013290459654,8.731525044997923,0.3486315524625347,0.04322596476151991,0.0017884136569469048,0.027163543490666922,0.01611947927549832,0.009804302396366918,0.0029623349705594,0.002898268817821438,0.003022971791513481,2.4438083011449394e-05,0.4867114367610584,9.367174052139356,0.0
0.04,0.05,0.004,7,True,1.030499999999942,4.173229201194445,12.725810302331121,116.6547073610712,8.649330275961836,0.34744922707393155,0.08323545648653245,0.0020809973356412242,0.05486069004847877,0.025065085185394256,0.005895910446750368,0.0009004988547336763,0.003620660336188786,0.0010157959136967243,9.243566384669972e-05,0.49889522059021285,9.925295980985247,0.0
0.04,0.05,0.004,8,True,0.7604999999999716,0.9078161992035665,3.831292274655195,84.98994630349648,8.495383772972879,0.2759955130189884,0.056195513657563,0.001237666433073275,0.059363842166896275,0.015011638446681368,0.020644162864735433,0.0026096895350886484,0.002173254419617582,0.0023136456193683964,2.7440165521545802e-05,0.4271231740331686,9.94314245206847,0.0
0.04,0.05,0.004,9,False,inf,91.24368223982762,80.96190529134967,153.77822709030286,8.887933114026966,0.41876512438463015,0.19733672635141383,0.0031903885322791745,0.024340860454377767,0.02126925930113436,0.02035579469014759,0.002148223888810696,0.0037461403614715227,0.003581180947548654,0.00012020741258969977,0.41876512438463015,9.875646939803113,0.0
0.04,0.05,0.004,10,True,2.1204999999998755,3.375997284713775,9.316748023271682,205.73247951620158,8.987895621906631,0.4602529357301176,0.10310101457458574,0.003704716329310304,0.02038409050395734,0.026225787476039677,0.003908196843223018,0.0015384138493096946,0.0014077588120615199,0.0030671094393433934,9.771745351894099e-05,0.4602529357301176,10.716444487502452,0.0
0.04,0.05,0.004,11,True,0.7704999999999705,1.549860589786379,6.710508138672758,97.4268940654136,9.462612375209599,0.23821985658353878,0.03479676044721105,0.0008758319652234292,0.03496389312200575,0.021232963867713863,0.0007510764828339755,0.0004437782537323678,0.0037846330688811086,0.0012112617284625905,1.4211044766893634e-05,0.5146261591423446,10.17437259788254,0.0
0.04,0.05,0.004,12,True,0.7504999999999727,0.7566097964905103,2.8134782424654046,92.71658582922646,9.33116197143946,0.5092161748652868,0.05565908127989263,0.0010838336019541883,0.057337647142971224,0.012165048459874749,0.004693838148510661,0.0010496677217878725,0.0016916237397697179,0.003011337228318354,1.3656639817761454e-05,0.5092161748652868,10.556601227494834,0.0
0.04,0.05,0.004,13,True,0.820499999999965,1.1056824573937294,3.836383420091524,92.05537720704385,8.93266383376419,0.5106823465188471,0.0688955721405058,0.0031602170290511893,0.05276512574660295,0.025842514773255526,0.0068446497361148734,0.00023159837315526422,0.00383939734133819,0.0028413750731413057,1.0071496504630682e-05,0.5106823465188471,10.761548012689753,0.0
0.04,0.05,0.004,14,True,1.030499999999942,2.484203231669346,7.166051754929923,109.65891125337146,8.84961195876785,0.4340621578566713,0.07634637418110704,0.002979344988679685,0.028047333341712825,0.023460264722805206,0.022517857178019643,0.001923952442364494,0.002645089626439942,0.00328694026759358,6.957465863408183e-05,0.46458555040672866,10.094407449984567,0.0
0.04,0.05,0.004,15,True,0.7804999999999694,0.15061822109749395,0.37579419112138274,88.0686190011906,9.080793850090604,0.3614517939398931,0.060235635217853016,0.002341415082513897,0.05079085556680287,0.015576948671442846,0.001173860694578235,0.001714791771101193,0.0014387362801707927,0.0031563141306264137,2.547831869663868e-05,0.4635290062633226,10.747204198879444,0.0
0.04,0.06,0.004,0,True,0.7154999999999766,0.35500428365114944,1.266515554180227,88.56622024998298,9.47049520803124,0.39984083694132994,0.07068994436516188,0.0021244856490258636,0.023489335688193516,0.008901417526596284,0.00043269248631363886,0.0024398107176008175,0.0037382667318331653,0.0028199073273015396,7.210319823797473e-05,0.47253699911240404,10.68108713915643,0.0
0.04,0.06,0.004,1,False,inf,31.433352786311705,52.22878209395524,148.73385344424622,8.06642443730253,0.4731577435179982,0.27010555106541695,0.001708156019624724,0.057523184816296764,0.011171511479831942,0.0248355844496532,0.0009354943560314564,0.0022699793469177273,0.0034831077814613254,3.0286949087099423e-05,0.4731577435179982,9.212803007193706,0.0
0.04,0.06,0.004,2,True,0.8704999999999595,1.6115565861362982,5.385405652486623,100.03543746353542,9.596849796720903,0.36843566482923307,0.026989823407205793,0.0011044052733180985,0.024924557170706164,0.025912966293074165,0.0024063537379950413,0.001800301577896962,0.003185681580435384,0.0015637032200998104,1.161067493821754e-05,0.444596814262228,10.231888726552896,0.0
0.04,0.06,0.004,3,True,0.8504999999999617,1.6680034913817143,6.556716887253791,94.0860478085943,8.91622542688209,0.26653728865525256,0.02424129520984248,0.0008127017608135093,0.021840525329804985,0.02562803823454073,0.015240966464155783,0.00028238592672119757,0.0022993808207094216,0.0024371538944225023,1.5412303097482646e-05,0.49239602374655833,9.352126819818665,0.0
0.04,0.06,0.004,4,True,0.8804999999999584,1.326853526479868,3.7192025709642205,87.56662912266374,8.520420430062538,0.5066500685155163,0.05738775515917097,0.0036220599140287797,0.03556637764071808,0.02947736152556949,0.002116282156798607,0.0018220674959850889,0.0021294597531318175,0.0034057036209574217,1.60420785683912e-05,0.5066500685155163,10.048268349666515,0.0
0.04,0.06,0.004,5,True,0.8504999999999617,1.8316939813319058,3.3185314890868467,83.50584440683092,8.564863378946649,0.4210708019156255,0.23880166782486859,0.002847440277994798,0.05039703948682469,0.019337162342927122,0.0074822626339227484,0.0001617921071449693,0.002150106642356555,0.002225419616259996,1.1304406335961537e-05,0.4210708019156255,10.784801797232584,0.0
0.04,0.06,0.004,6,True,0.7004999999999783,0.46856245244521166,1.4786594238059347,85.36032665893981,8.714584281732067,0.45807958795364984,0.040809972109211834,0.0017884136569469048,0.027163543490666922,0.01611947927549832,0.009804302396366918,0.0029623349705594,0.002898268817821438,0.003022971791513481,2.4438083011449394e-05,0.4867114367610584,9.367174052139356,0.0
0.04,0.06,0.004,7,True,0.7954999999999678,3.993411128417477,11.831331350862948,87.63461679125264,8.621586415859142,0.31675516694015854,0.07270319303312645,0.0020809973356412242,0.05486069004847877,0.025065085185394256,0.005895910446750368,0.0009004988547336763,0.003620660336188786,0.0010157959136967243,9.243566384669972e-05,0.49889522059021285,9.925295980985247,0.0
0.04,0.06,0.004,8,True,0.7604999999999716,1.1694298050464518,4.3863763325796485,85.51050781969366,8.490532888225587,0.39636361597757713,0.055500072687548224,0.001237666433073275,0.059363842166896275,0.015011638446681368,0.020644162864735433,0.0026096895350886484,0.002173254419617582,0.0023136456193683964,2.7440165521545802e-05,0.4271231740331686,9.94314245206847,0.0
0.04,0.06,0.004,9,True,1.130499999999931,3.6153247293905735,9.698211058503091,85.18669178972989,8.437553750716184,0.41876512438463015,0.08967273473852702,0.0031903885322791745,0.024340860454377767,0.02126925930113436,0.02035579469014759,0.002148223888810696,0.0037461403614715227,0.003581180947548654,0.00012020741258969977,0.41876512438463015,9.875646939803113,0.0
0.04,0.06,0.004,10,True,0.7904999999999683,3.3444361657115778,8.673008189622543,87.5762069345,8.817428698031417,0.4602529357301176,0.0828562590972042,0.003704716329310304,0.02038409050395734,0.026225787476039677,0.003908196843223018,0.0015384138493096946,0.0014077588120615199,0.0030671094393433934,9.771745351894099e-05,0.4602529357301176,10.716444487502452,0.0
0.04,0.06,0.004,11,True,0.8254999999999645,1.8281261831368207,7.004548493695232,97.4533083954546,9.457968608695769,0.33495196955783496,0.034247213718449125,0.0008758319652234292,0.03496389312200575,0.021232963867713863,0.0007510764828339755,0.0004437782537323678,0.0037846330688811086,0.0012112617284625905,1.4211044766893634e-05,0.5146261591423446,10.17437259788254,0.0
0.04,0.06,0.004,12,True,0.77549999999997,0.9017859590086883,3.035629621322374,92.62449824699969,9.325043894865704,0.5092161748652868,0.055643352811768826,0.0010838336019541883,0.057337647142971224,0.012165048459874749,0.004693838148510661,0.0010496677217878725,0.0016916237397697179,0.003011337228318354,1.3656639817761454e-05,0.5092161748652868,10.556601227494834,0.0
0.04,0.06,0.004,13,True,0.9104999999999551,1.2573062507147277,3.967253683626981,91.95911549094428,8.922586018243576,0.5106823465188471,0.0661875798670824,0.0031602170290511893,0.05276512574660295,0.025842514773255526,0.0068446497361148734,0.00023159837315526422,0.00383939734133819,0.0028413750731413057,1.0071496504630682e-05,0.5106823465188471,10.761548012689753,0.0
0.04,0.06,0.004,14,True,0.8454999999999623,2.4725459574238,6.855692460459553,89.46178162561735,8.810235161737605,0.46458555040672866,0.06514038768687021,0.002979344988679685,0.028047333341712825,0.023460264722805206,0.022517857178019643,0.001923952442364494,0.002645089626439942,0.00328694026759358,6.957465863408183e-05,0.46458555040672866,10.094407449984567,0.0
0.04,0.06,0.004,15,True,0.7904999999999683,0.7454263298894602,2.66159077059611,87.96129887601178,9.068447137022243,0.4232625521159639,0.0634382157245338,0.002341415082513897,0.05079085556680287,0.015576948671442846,0.001173860694578235,0.001714791771101193,0.0014387362801707927,0.0031563141306264137,2.547831869663868e-05,0.4635290062633226,10.747204198879444,0.0
0.04,0.08,0.004,0,True,0.45550000000000035,4.514073696557673,38.82128066311388,87.77107317598873,9.453687310879427,0.47253699911240404,0.3295219040451553,0.0021244856490258636,0.023489335688193516,0.008901417526596284,0.00043269248631363886,0.0024398107176008175,0.0037382667318331653,0.0028199073273015396,7.210319823797473e-05,0.47253699911240404,10.68108713915643,0.0
0.04,0.08,0.004,1,False,9.430500000000034,62.109496196460405,81.30781640183916,184.7398464438684,8.123273121428076,0.4731577435179982,0.18410795035858835,0.001708156019624724,0.057523184816296764,0.011171511479831942,0.0248355844496532,0.0009354943560314564,0.0022699793469177273,0.0034831077814613254,3.0286949087099423e-05,0.4731577435179982,9.212803007193706,0.0
0.04,0.08,0.004,2,True,0.5654999999999931,1.9354361910403661,5.9293859024926325,98.24361970771052,9.574891938529529,0.20451496003567357,0.025215913858128526,0.0011044052733180985,0.024924557170706164,0.025912966293074165,0.0024063537379950413,0.001800301577896962,0.003185681580435384,0.0015637032200998104,1.161067493821754e-05,0.444596814262228,10.231888726552896,0.0
0.04,0.08,0.004,3,True,0.5454999999999953,3.403012760304794,5.890883758559029,94.10242442911553,8.911338090988517,0.17535041716196856,0.03586881177249241,0.0008127017608135093,0.021840525329804985,0.02562803823454073,0.015240966464155783,0.00028238592672119757,0.0022993808207094216,0.0024371538944225023,1.5412303097482646e-05,0.49239602374655833,9.352126819818665,0.0
0.04,0.08,0.004,4,True,0.8654999999999601,1.5722148387032924,3.742328604805134,86.71499723917348,8.478405167385558,0.4970075945679178,0.04994805123311538,0.0036220599140287797,0.03556637764071808,0.02947736152556949,0.002116282156798607,0.0018220674959850889,0.0021294597531318175,0.0034057036209574217,1.60420785683912e-05,0.5066500685155163,10.048268349666515,0.0
0.04,0.08,0.004,5,True,0.5054999999999997,2.676610484733581,7.792278374296131,82.7253944216519,8.532718912962691,0.4210708019156255,0.25342285228419914,0.002847440277994798,0.05039703948682469,0.019337162342927122,0.0074822626339227484,0.0001617921071449693,0.002150106642356555,0.002225419616259996,1.1304406335961537e-05,0.4210708019156255,10.784801797232584,0.0
0.04,0.08,0.004,6,True,0.5104999999999992,0.6444668128204125,1.6084804515514404,85.56290609772981,8.702305937986308,0.31754844459197745,0.03696861217900514,0.0017884136569469048,0.027163543490666922,0.01611947927549832,0.009804302396366918,0.0029623349705594,0.002898268817821438,0.003022971791513481,2.4438083011449394e-05,0.4867114367610584,9.367174052139356,0.0
0.04,0.08,0.004,7,True,0.8604999999999606,4.013837945045658,11.013909151547672,88.00293029070885,8.611126784164567,0.3342375856593439,0.06216730312632643,0.0020809973356412242,0.05486069004847877,0.025065085185394256,0.005895910446750368,0.0009004988547336763,0.003620660336188786,0.0010157959136967243,9.243566384669972e-05,0.49889522059021285,9.925295980985247,0.0
0.04,0.08,0.004,8,True,1.975499999999838,1.4524330065172852,4.513674795193419,88.22493723145828,8.47453821437378,0.4271231740331686,0.054724757083249344,0.001237666433073275,0.059363842166896275,0.015011638446681368,0.020644162864735433,0.0026096895350886484,0.002173254419617582,0.0023136456193683964,2.7440165521545802e-05,0.4271231740331686,9.94314245206847,0.0
0.04,0.08,0.004,9,True,0.9004999999999562,3.592588218794564,9.389709140762417,83.26614666212548,8.374721215093947,0.41876512438463015,0.07012251492821267,0.0031903885322791745,0.024340860454377767,0.02126925930113436,0.02035579469014759,0.002148223888810696,0.0037461403614715227,0.003581180947548654,0.00012020741258969977,0.41876512438463015,9.875646939803113,0.0
0.04,0.08,0.004,10,True,0.9054999999999557,3.381348834499731,7.9993558266583324,89.33548363783417,8.890779770849667,0.4602529357301176,0.06480120439122496,0.003704716329310304,0.02038409050395734,0.026225787476039677,0.003908196843223018,0.0015384138493096946,0.0014077588120615199,0.0030671094393433934,9.771745351894099e-05,0.4602529357301176,10.716444487502452,0.0
0.04,0.08,0.004,11,True,0.530499999999997,2.301160468747284,7.645320698313734,97.12639996080009,9.452458275672026,0.22402209203218829,0.0337440521411291,0.0008758319652234292,0.03496389312200575,0.021232963867713863,0.0007510764828339755,0.0004437782537323678,0.0037846330688811086,0.0012112617284625905,1.4211044766893634e-05,0.5146261591423446,10.17437259788254,0.0
0.04,0.08,0.004,12,True,2.885500000000131,1.1244751343409303,3.0622774139484146,90.75498747244964,9.311116139102815,0.5092161748652868,0.05396266423115982,0.0010838336019541883,0.057337647142971224,0.012165048459874749,0.004693838148510661,0.0010496677217878725,0.0016916237397697179,0.003011337228318354,1.3656639817761454e-05,0.5092161748652868,10.556601227494834,0.0
0.04,0.08,0.004,13,True,0.5554999999999942,1.7896464734884843,4.607313781695771,91.71515625690932,8.89903943540158,0.45095848941571215,0.06502568832947911,0.0031602170290511893,0.05276512574660295,0.025842514773255526,0.0068446497361148734,0.00023159837315526422,0.00383939734133819,0.0028413750731413057,1.0071496504630682e-05,0.5106823465188471,10.761548012689753,0.0
0.04,0.08,0.004,14,True,0.5204999999999981,2.5537043480194668,6.340358738131869,88.31412948562067,8.770784225026642,0.43048958689575606,0.05240632605229215,0.002979344988679685,0.028047333341712825,0.023460264722805206,0.022517857178019643,0.001923952442364494,0.002645089626439942,0.00328694026759358,6.957465863408183e-05,0.46458555040672866,10.094407449984567,0.0
0.04,0.08,0.004,15,True,0.5404999999999959,0.2004636101218137,0.2460052311342854,85.41510156084006,9.003156517138157,0.36302393450590636,0.045104845799551395,0.002341415082513897,0.05079085556680287,0.015576948671442846,0.001173860694578235,0.001714791771101193,0.0014387362801707927,0.0031563141306264137,2.547831869663868e-05,0.4635290062633226,10.747204198879444,0.0
0.05,0.03,0.004,0,False,inf,80.50806278887907,137.19068426536242,257.02929704881274,9.741056835047305,0.47253699911240404,0.1121908840267818,0.0021244856490258636,0.023489335688193516,0.008901417526596284,0.00043269248631363886,0.0024398107176008175,0.0037382667318331653,0.0028199073273015396,7.210319823797473e-05,0.47253699911240404,10.68108713915643,0.0
0.05,0.03,0.004,1,True,1.7354999999998644,0.12130317438474326,0.3616457988267587,99.26585326776346,8.057856965332608,0.4726130058610137,0.10148268003099678,0.001708156019624724,0.057523184816296764,0.011171511479831942,0.0248355844496532,0.0009354943560314564,0.0022699793469177273,0.0034831077814613254,3.0286949087099423e-05,0.4731577435179982,9.212803007193706,0.0
0.05,0.03,0.004,2,True,1.5254999999998875,0.8658732372057526,5.041848868064553,120.31499231253277,9.633040620641825,0.33629182039239464,0.03680319308134834,0.0011044052733180985,0.024924557170706164,0.025912966293074165,0.0024063537379950413,0.001800301577896962,0.003185681580435384,0.0015637032200998104,1.161067493821754e-05,0.444596814262228,10.231888726552896,0.0
0.05,0.03,0.004,3,True,1.4154999999998996,1.081297097473523,5.824790167749597,113.11494634803974,8.931876267513436,0.2612439250940357,0.0302946761216358,0.0008127017608135093,0.021840525329804985,0.02562803823454073,0.015240966464155783,0.00028238592672119757,0.0022993808207094216,0.0024371538944225023,1.5412303097482646e-05,0.49239602374655833,9.352126819818665,0.0
0.05,0.03,0.004,4,True,3.610500000000373,0.6998264392613512,3.735675605576423,269.5573845204053,9.049817036516705,0.5066500685155163,0.09809056300980669,0.0036220599140287797,0.03556637764071808,0.02947736152556949,0.002116282156798607,0.0018220674959850889,0.0021294597531318175,0.0034057036209574217,1.60420785683912e-05,0.5066500685155163,10.048268349666515,0.0
0.05,0.03,0.004,5,True,1.7354999999998644,0.23392010121108844,1.2695304128149028,106.61389895084426,8.87813464883041,0.3885654109861229,0.10164044094150351,0.002847440277994798,0.05039703948682469,0.019337162342927122,0.0074822626339227484,0.0001617921071449693,0.002150106642356555,0.002225419616259996,1.1304406335961537e-05,0.4210708019156255,10.784801797232584,0.0
0.05,0.03,0.004,6,True,1.385499999999903,0.14468133758981352,0.736018968786271,113.60184041997236,8.833672402333447,0.47005238651570935,0.07408004146550297,0.0017884136569469048,0.027163543490666922,0.01611947927549832,0.009804302396366918,0.0029623349705594,0.002898268817821438,0.003022971791513481,2.4438083011449394e-05,0.4867114367610584,9.367174052139356,0.0
0.05,0.03,0.004,7,False,inf,93.29201107521885,8.002431706423277,104.74967338269668,8.710943171673168,0.31674394000535255,0.11570643015327552,0.0020809973356412242,0.05486069004847877,0.025065085185394256,0.005895910446750368,0.0009004988547336763,0.003620660336188786,0.0010157959136967243,9.243566384669972e-05,0.49889522059021285,9.925295980985247,0.0
0.05,0.03,0.004,8,True,2.675500000000061,0.6569217221522208,4.2067460683850735,262.2299605804821,8.534473242323982,0.3977608858091662,0.07154256381254803,0.001237666433073275,0.059363842166896275,0.015011638446681368,0.020644162864735433,0.0026096895350886484,0.002173254419617582,0.0023136456193683964,2.7440165521545802e-05,0.4271231740331686,9.94314245206847,0.0
0.05,0.03,0.004,9,False,inf,92.21918190355954,8.911865141994479,113.13016593146277,8.772402882964263,0.41876512438463015,0.19967955709394788,0.0031903885322791745,0.024340860454377767,0.02126925930113436,0.02035579469014759,0.002148223888810696,0.0037461403614715227,0.003581180947548654,0.00012020741258969977,0.41876512438463015,9.875646939803113,0.0
0.05,0.03,0.004,10,False,inf,86.42212988796427,7.135426506992457,109.24005272427115,9.210312037975909,0.4602529357301176,0.17441122607965054,0.003704716329310304,0.02038409050395734,0.026225787476039677,0.003908196843223018,0.0015384138493096946,0.0014077588120615199,0.0030671094393433934,9.771745351894099e-05,0.4602529357301176,10.716444487502452,0.0
0.05,0.03,0.004,11,True,1.430499999999898,0.9295174436049064,6.067357064407125,118.17810180025918,9.476468905329925,0.15385038498350295,0.040994976717837195,0.0008758319652234292,0.03496389312200575,0.021232963867713863,0.0007510764828339755,0.0004437782537323678,0.0037846330688811086,0.0012112617284625905,1.4211044766893634e-05,0.5146261591423446,10.17437259788254,0.0
0.05,0.03,0.004,12,True,1.4354999999998974,0.12613609912508303,0.43819024476614316,113.84676048834616,9.352597349467372,0.21244767193041234,0.06102540890609429,0.0010838336019541883,0.057337647142971224,0.012165048459874749,0.004693838148510661,0.0010496677217878725,0.0016916237397697179,0.003011337228318354,1.3656639817761454e-05,0.5092161748652868,10.556601227494834,0.0
0.05,0.03,0.004,13,True,1.7954999999998578,0.7111145605613841,3.736288472545038,120.85959262430534,9.152522265221181,0.5106823465188471,0.09720369616966427,0.0031602170290511893,0.05276512574660295,0.025842514773255526,0.0068446497361148734,0.00023159837315526422,0.00383939734133819,0.0028413750731413057,1.0071496504630682e-05,0.5106823465188471,10.761548012689753,0.0
0.05,0.03,0.004,14,False,inf,86.33529549713842,7.81719522806153,108.64456761669484,9.043997942891718,0.4334052648575628,0.1447623109235039,0.002979344988679685,0.028047333341712825,0.023460264722805206,0.022517857178019643,0.001923952442364494,0.002645089626439942,0.00328694026759358,6.957465863408183e-05,0.46458555040672866,10.094407449984567,0.0
0.05,0.03,0.004,15,True,1.9604999999998396,0.09736797741028094,0.4320456112538946,187.75248056802178,9.29306081187255,0.4635290062633226,0.10409676387141228,0.002341415082513897,0.05079085556680287,0.015576948671442846,0.001173860694578235,0.001714791771101193,0.0014387362801707927,0.0031563141306264137,2.547831869663868e-05,0.4635290062633226,10.747204198879444,0.0
0.05,0.04,0.004,0,True,1.0654999999999382,0.20283988589808127,0.7343834198101304,102.86588521804273,9.65382982688101,0.47253699911240404,0.11014549213927485,0.0021244856490258636,0.023489335688193516,0.008901417526596284,0.00043269248631363886,0.0024398107176008175,0.0037382667318331653,0.0028199073273015396,7.210319823797473e-05,0.47253699911240404,10.68108713915643,0.0
0.05,0.04,0.004,1,True,1.0554999999999393,0.12820447998678575,0.2888459383347882,93.18135300095746,8.047967783006666,0.4731577435179982,0.08001933505063953,0.001708156019624724,0.057523184816296764,0.011171511479831942,0.0248355844496532,0.0009354943560314564,0.0022699793469177273,0.0034831077814613254,3.0286949087099423e-05,0.4731577435179982,9.212803007193706,0.0
0.05,0.04,0.004,2,True,1.1654999999999271,0.9992875794226956,4.944942229917729,121.74293577498206,9.626148224992013,0.22463454627373688,0.032001871805439494,0.0011044052733180985,0.024924557170706164,0.025912966293074165,0.0024063537379950413,0.001800301577896962,0.003185681580435384,0.0015637032200998104,1.161067493821754e-05,0.444596814262228,10.231888726552896,0.0
0.05,0.04,0.004,3,True,1.1354999999999305,1.0909126207563806,5.019990530227286,117.7496123795261,8.929852980101696,0.13840813720254153,0.026006071928513393,0.0008127017608135093,0.021840525329804985,0.02562803823454073,0.015240966464155783,0.00028238592672119757,0.0022993808207094216,0.0024371538944225023,1.5412303097482646e-05,0.49239602374655833,9.352126819818665,0.0
0.05,0.04,0.004,4,True,2.5105000000000057,0.8559962186686033,3.636198940857385,261.5792517995521,9.19212032990756,0.5066500685155163,0.07871968820083,0.0036220599140287797,0.03556637764071808,0.02947736152556949,0.002116282156798607,0.0018220674959850889,0.0021294597531318175,0.0034057036209574217,1.60420785683912e-05,0.5066500685155163,10.048268349666515,0.0
0.05,0.04,0.004,5,True,1.075499999999937,0.4560650775236947,2.1449687861798528,104.79330250389869,8.864691300336661,0.4136259616946545,0.0859172805145381,0.002847440277994798,0.05039703948682469,0.019337162342927122,0.0074822626339227484,0.0001617921071449693,0.002150106642356555,0.002225419616259996,1.1304406335961537e-05,0.4210708019156255,10.784801797232584,0.0
0.05,0.04,0.004,6,True,1.0954999999999349,0.11984292318734793,0.4043227287856379,100.60972895160299,8.78738362834309,0.3492706342766996,0.05802870496913459,0.0017884136569469048,0.027163543490666922,0.01611947927549832,0.009804302396366918,0.0029623349705594,0.002898268817821438,0.003022971791513481,2.4438083011449394e-05,0.4867114367610584,9.367174052139356,0.0
0.05,0.04,0.004,7,True,1.430499999999898,3.0910456458267412,12.370990876013815,113.78082706815172,8.703537256082347,0.3237100292952911,0.08697089090895842,0.0020809973356412242,0.05486069004847877,0.025065085185394256,0.005895910446750368,0.0009004988547336763,0.003620660336188786,0.0010157959136967243,9.243566384669972e-05,0.49889522059021285,9.925295980985247,0.0
0.05,0.04,0.004,8,True,1.130499999999931,0.7651778322732488,3.8867020043723164,92.4642706591743,8.522943358157885,0.4271231740331686,0.06462486072172793,0.001237666433073275,0.059363842166896275,0.015011638446681368,0.020644162864735433,0.0026096895350886484,0.002173254419617582,0.0023136456193683964,2.7440165521545802e-05,0.4271231740331686,9.94314245206847,0.0
0.05,0.04,0.004,9,False,inf,91.8131562634066,92.6750321757495,339.828552447873,8.737785798815072,0.41876512438463015,0.1885939102728771,0.0031903885322791745,0.024340860454377767,0.02126925930113436,0.02035579469014759,0.002148223888810696,0.0037461403614715227,0.003581180947548654,0.00012020741258969977,0.41876512438463015,9.875646939803113,0.0
0.05,0.04,0.004,10,True,3.610500000000373,2.5072401240063478,9.048962991482457,214.0233581292545,9.945685488504116,0.4602529357301176,0.11666985202394892,0.003704716329310304,0.02038409050395734,0.026225787476039677,0.003908196843223018,0.0015384138493096946,0.0014077588120615199,0.0030671094393433934,9.771745351894099e-05,0.4602529357301176,10.716444487502452,0.0
0.05,0.04,0.004,11,True,1.1454999999999294,1.1819362981974928,6.07137782830492,125.10958548434658,9.471224255924268,0.15443882914718854,0.037836923911320125,0.0008758319652234292,0.03496389312200575,0.021232963867713863,0.0007510764828339755,0.0004437782537323678,0.0037846330688811086,0.0012112617284625905,1.4211044766893634e-05,0.5146261591423446,10.17437259788254,0.0
0.05,0.04,0.004,12,True,1.1604999999999277,0.5493192456132535,2.2708330684132036,114.69011659596647,9.34721626956468,0.21359945530913574,0.061987675612225436,0.0010838336019541883,0.057337647142971224,0.012165048459874749,0.004693838148510661,0.0010496677217878725,0.0016916237397697179,0.003011337228318354,1.3656639817761454e-05,0.5092161748652868,10.556601227494834,0.0
0.05,0.04,0.004,13,True,1.1154999999999327,0.7837191065541557,3.5673974671073276,109.60314233947716,9.145157942816805,0.45298174308123196,0.08223882094314273,0.0031602170290511893,0.05276512574660295,0.025842514773255526,0.0068446497361148734,0.00023159837315526422,0.00383939734133819,0.0028413750731413057,1.0071496504630682e-05,0.5106823465188471,10.761548012689753,0.0
0.05,0.04,0.004,14,True,1.465499999999894,1.8206969239746902,7.176254788269797,110.99987441630039,9.011890871550452,0.433991729461022,0.08684042267409604,0.002979344988679685,0.028047333341712825,0.023460264722805206,0.022517857178019643,0.001923952442364494,0.002645089626439942,0.00328694026759358,6.957465863408183e-05,0.46458555040672866,10.094407449984567,0.0
0.05,0.04,0.004,15,True,1.1654999999999271,0.11126564470408574,0.39561256495659075,99.35149094518341,9.253505735895674,0.3808506273948768,0.08121331444809597,0.002341415082513897,0.05079085556680287,0.015576948671442846,0.001173860694578235,0.001714791771101193,0.0014387362801707927,0.0031563141306264137,2.547831869663868e-05,0.4635290062633226,10.747204198879444,0.0
0.05,0.05,0.004,0,True,0.7804999999999694,0.2724872767296102,1.362617650320457,98.7559809033739,9.474790384943685,0.3184063081569472,0.09116767673181236,0.0021244856490258636,0.023489335688193516,0.008901417526596284,0.00043269248631363886,0.0024398107176008175,0.0037382667318331653,0.0028199073273015396,7.210319823797473e-05,0.47253699911240404,10.68108713915643,0.0
0.05,0.05,0.004,1,True,0.8004999999999672,2.4616050610833593,31.887299329230636,94.81749607331673,8.035965589737957,0.4731577435179982,0.1808911517218542,0.001708156019624724,0.057523184816296764,0.011171511479831942,0.0248355844496532,0.0009354943560314564,0.0022699793469177273,0.0034831077814613254,3.0286949087099423e-05,0.4731577435179982,9.212803007193706,0.0
0.05,0.05,0.004,2,True,0.9154999999999546,1.2027983128440305,4.920502409579568,111.70560679839606,9.621243044235754,0.2647617905158218,0.029693481777711174,0.0011044052733180985,0.024924557170706164,0.025912966293074165,0.0024063537379950413,0.001800301577896962,0.003185681580435384,0.0015637032200998104,1.161067493821754e-05,0.444596814262228,10.231888726552896,0.0
0.05,0.05,0.004,3,True,0.8854999999999579,1.2123780027351352,5.411446579945829,104.27824711961361,8.92302409665193,0.26969402654432806,0.023881429498418573,0.0008127017608135093,0.021840525329804985,0.02562803823454073,0.015240966464155783,0.00028238592672119757,0.0022993808207094216,0.0024371538944225023,1.5412303097482646e-05,0.49239602374655833,9.352126819818665,0.0
0.05,0.05,0.004,4,True,1.1354999999999305,0.9180501231867192,3.4555685334445956,114.36337741391394,8.73354886229312,0.4979315892692343,0.06790615588754755,0.0036220599140287797,0.03556637764071808,0.02947736152556949,0.002116282156798607,0.0018220674959850889,0.0021294597531318175,0.0034057036209574217,1.60420785683912e-05,0.5066500685155163,10.048268349666515,0.0
0.05,0.05,0.004,5,True,1.4504999999998958,0.36756728574066005,1.4575055423750358,176.23254647589425,9.041672344117742,0.4210708019156255,0.07751485794642277,0.002847440277994798,0.05039703948682469,0.019337162342927122,0.0074822626339227484,0.0001617921071449693,0.002150106642356555,0.002225419616259996,1.1304406335961537e-05,0.4210708019156255,10.784801797232584,0.0
0.05,0.05,0.004,6,True,0.8554999999999612,0.14771607711232537,0.3908262475244076,99.2260789123789,8.774521185907712,0.43325003287207897,0.049283468976915865,0.0017884136569469048,0.027163543490666922,0.01611947927549832,0.009804302396366918,0.0029623349705594,0.002898268817821438,0.003022971791513481,2.4438083011449394e-05,0.4867114367610584,9.367174052139356,0.0
0.05,0.05,0.004,7,True,1.1154999999999327,3.2199941614301077,11.379205101517124,115.39874414365298,8.693600088829779,0.31648647672845437,0.0761109425831826,0.0020809973356412242,0.05486069004847877,0.025065085185394256,0.005895910446750368,0.0009004988547336763,0.003620660336188786,0.0010157959136967243,9.243566384669972e-05,0.49889522059021285,9.925295980985247,0.0
0.05,0.05,0.004,8,True,0.8954999999999568,0.9739869358246138,4.304460716414127,93.21016627903273,8.520741168115187,0.3690908780209465,0.06180764612076754,0.001237666433073275,0.059363842166896275,0.015011638446681368,0.020644162864735433,0.0026096895350886484,0.002173254419617582,0.0023136456193683964,2.7440165521545802e-05,0.4271231740331686,9.94314245206847,0.0
0.05,0.05,0.004,9,False,inf,95.12975607892542,312.4758549932584,1963.3976546219762,9.308476943376096,0.41876512438463015,0.17427414540789982,0.0031903885322791745,0.024340860454377767,0.02126925930113436,0.02035579469014759,0.002148223888810696,0.0037461403614715227,0.003581180947548654,0.00012020741258969977,0.41876512438463015,9.875646939803113,0.0
0.05,0.05,0.004,10,True,1.1454999999999294,2.553713369832099,7.960934419506925,108.1644493029261,9.208777159678068,0.4602529357301176,0.09356596157521263,0.003704716329310304,0.02038409050395734,0.026225787476039677,0.003908196843223018,0.0015384138493096946,0.0014077588120615199,0.0030671094393433934,9.771745351894099e-05,0.4602529357301176,10.716444487502452,0.0
0.05,0.05,0.004,11,True,0.8654999999999601,1.3562934583378798,6.329360787738828,108.84000051359384,9.46614865987095,0.21324136361426743,0.03589819131169793,0.0008758319652234292,0.03496389312200575,0.021232963867713863,0.0007510764828339755,0.0004437782537323678,0.0037846330688811086,0.0012112617284625905,1.4211044766893634e-05,0.5146261591423446,10.17437259788254,0.0
0.05,0.05,0.004,12,True,0.8254999999999645,0.6599526863484508,2.5214454203937553,103.23096794121514,9.342812150449637,0.4109177511497323,0.05891150915534283,0.0010838336019541883,0.057337647142971224,0.012165048459874749,0.004693838148510661,0.0010496677217878725,0.0016916237397697179,0.003011337228318354,1.3656639817761454e-05,0.5092161748652868,10.556601227494834,0.0
0.05,0.05,0.004,13,True,0.8904999999999573,0.8827649771666068,3.660389069962459,103.88605468905496,9.084528323695285,0.5106823465188471,0.07199813349482884,0.0031602170290511893,0.05276512574660295,0.025842514773255526,0.0068446497361148734,0.00023159837315526422,0.00383939734133819,0.0028413750731413057,1.0071496504630682e-05,0.5106823465188471,10.761548012689753,0.0
0.05,0.05,0.004,14,True,1.1654999999999271,1.8506684943109717,6.236789256032013,109.97427953325099,9.002717009935113,0.4347642348465275,0.07558205903366985,0.002979344988679685,0.028047333341712825,0.023460264722805206,0.022517857178019643,0.001923952442364494,0.002645089626439942,0.00328694026759358,6.957465863408183e-05,0.46458555040672866,10.094407449984567,0.0
0.05,0.05,0.004,15,True,0.875499999999959,0.11213899274485144,0.22775368190481568,100.14285438657366,9.202407243915262,0.3641821941247093,0.06766336241044753,0.002341415082513897,0.05079085556680287,0.015576948671442846,0.001173860694578235,0.001714791771101193,0.0014387362801707927,0.0031563141306264137,2.547831869663868e-05,0.4635290062633226,10.747204198879444,0.0
0.05,0.06,0.004,0,True,0.8004999999999672,0.161274131928459,0.5464352599331318,98.41018588196107,9.469563979209251,0.4669928183416551,0.08021933784880991,0.0021244856490258636,0.023489335688193516,0.008901417526596284,0.00043269248631363886,0.0024398107176008175,0.0037382667318331653,0.0028199073273015396,7.210319823797473e-05,0.47253699911240404,10.68108713915643,0.0
0.05,0.06,0.004,1,True,4.83550000000004,0.1688401230157803,0.31649095916039965,129.59881964733745,8.091660370589612,0.4731577435179982,0.058928640358005234,0.001708156019624724,0.057523184816296764,0.011171511479831942,0.0248355844496532,0.0009354943560314564,0.0022699793469177273,0.0034831077814613254,3.0286949087099423e-05,0.4731577435179982,9.212803007193706,0.0
0.05,0.06,0.004,2,True,0.975499999999948,1.3347868711796176,5.145293614785884,110.97190676299316,9.612708034984704,0.3636147712202016,0.028211930452483366,0.0011044052733180985,0.024924557170706164,0.025912966293074165,0.0024063537379950413,0.001800301577896962,0.003185681580435384,0.0015637032200998104,1.161067493821754e-05,0.444596814262228,10.231888726552896,0.0
0.05,0.06,0.004,3,True,0.9404999999999518,1.4479552687590378,5.675197511271609,102.7058524469515,8.917676845976969,0.24985527844801006,0.023918188243720946,0.0008127017608135093,0.021840525329804985,0.02562803823454073,0.015240966464155783,0.00028238592672119757,0.0022993808207094216,0.0024371538944225023,1.5412303097482646e-05,0.49239602374655833,9.352126819818665,0.0
0.05,0.06,0.004,4,True,1.585499999999881,1.0906429844786258,3.4020126610655885,185.55120654720585,9.214133004751808,0.5066500685155163,0.061182736700722065,0.0036220599140287797,0.03556637764071808,0.02947736152556949,0.002116282156798607,0.0018220674959850889,0.0021294597531318175,0.0034057036209574217,1.60420785683912e-05,0.5066500685155163,10.048268349666515,0.0
0.05,0.06,0.004,5,True,0.9154999999999546,1.5950380462516314,5.667056636611463,94.65655321639036,8.780221943914096,0.4210708019156255,0.24829479117524864,0.002847440277994798,0.05039703948682469,0.019337162342927122,0.0074822626339227484,0.0001617921071449693,0.002150106642356555,0.002225419616259996,1.1304406335961537e-05,0.4210708019156255,10.784801797232584,0.0
0.05,0.06,0.004,6,True,0.8704999999999595,0.4078534103859391,1.3462154249053113,97.65196893689536,8.767792800957212,0.4134040438205188,0.044730569939942164,0.0017884136569469048,0.027163543490666922,0.01611947927549832,0.009804302396366918,0.0029623349705594,0.002898268817821438,0.003022971791513481,2.4438083011449394e-05,0.4867114367610584,9.367174052139356,0.0
0.05,0.06,0.004,7,True,0.8854999999999579,3.1473894377760345,10.332229033239015,97.27826272425501,8.692738902368479,0.3326758996961769,0.07103926255540723,0.0020809973356412242,0.05486069004847877,0.025065085185394256,0.005895910446750368,0.0009004988547336763,0.003620660336188786,0.0010157959136967243,9.243566384669972e-05,0.49889522059021285,9.925295980985247,0.0
0.05,0.06,0.004,8,True,0.8854999999999579,1.0640223706551166,4.238100754342829,95.68381618445754,8.513758887175877,0.355181100519617,0.059029234582366676,0.001237666433073275,0.059363842166896275,0.015011638446681368,0.020644162864735433,0.0026096895350886484,0.002173254419617582,0.0023136456193683964,2.7440165521545802e-05,0.4271231740331686,9.94314245206847,0.0
0.05,0.06,0.004,9,True,0.8454999999999623,2.776716633850127,8.71977111285423,92.81967583679392,8.572354719023345,0.41876512438463015,0.08409850047045446,0.0031903885322791745,0.024340860454377767,0.02126925930113436,0.02035579469014759,0.002148223888810696,0.0037461403614715227,0.003581180947548654,0.00012020741258969977,0.41876512438463015,9.875646939803113,0.0
0.05,0.06,0.004,10,True,0.8954999999999568,2.551422045314324,7.309744854229173,101.938210463272,9.157081238285732,0.4602529357301176,0.07913899241790885,0.003704716329310304,0.02038409050395734,0.026225787476039677,0.003908196843223018,0.0015384138493096946,0.0014077588120615199,0.0030671094393433934,9.771745351894099e-05,0.4602529357301176,10.716444487502452,0.0
0.05,0.06,0.004,11,True,0.9254999999999535,1.614216997899036,6.632841065671463,107.87977621957045,9.461238617488704,0.33124190136634846,0.03510622779641411,0.0008758319652234292,0.03496389312200575,0.021232963867713863,0.0007510764828339755,0.0004437782537323678,0.0037846330688811086,0.0012112617284625905,1.4211044766893634e-05,0.5146261591423446,10.17437259788254,0.0
0.05,0.06,0.004,12,True,0.8554999999999612,0.7930923378772474,2.8313629886948672,103.14887170469488,9.337329943077416,0.335770145541534,0.056672741107540385,0.0010838336019541883,0.057337647142971224,0.012165048459874749,0.004693838148510661,0.0010496677217878725,0.0016916237397697179,0.003011337228318354,1.3656639817761454e-05,0.5092161748652868,10.556601227494834,0.0
0.05,0.06,0.004,13,True,2.7905000000000992,1.0640229918250776,3.835558614081142,438.00864732217224,9.4559551208426,0.5106823465188471,0.06768356765595593,0.0031602170290511893,0.05276512574660295,0.025842514773255526,0.0068446497361148734,0.00023159837315526422,0.00383939734133819,0.0028413750731413057,1.0071496504630682e-05,0.5106823465188471,10.761548012689753,0.0
0.05,0.06,0.004,14,True,1.0104999999999442,1.8646490547659211,5.955328846660362,121.059166663121,8.992695948027826,0.46458555040672866,0.06438805583158261,0.002979344988679685,0.028047333341712825,0.023460264722805206,0.022517857178019643,0.001923952442364494,0.002645089626439942,0.00328694026759358,6.957465863408183e-05,0.46458555040672866,10.094407449984567,0.0
0.05,0.06,0.004,15,True,0.920499999999954,0.1736241861826424,0.27994462936538045,98.9042622564395,9.228867378091875,0.4156588733901114,0.06131844187882573,0.002341415082513897,0.05079085556680287,0.015576948671442846,0.001173860694578235,0.001714791771101193,0.0014387362801707927,0.0031563141306264137,2.547831869663868e-05,0.4635290062633226,10.747204198879444,0.0
0.05,0.08,0.004,0,True,0.5154999999999986,3.4810899077070068,35.005847008264496,96.00120643320365,9.450994198381474,0.47253699911240404,0.3372803687790393,0.0021244856490258636,0.023489335688193516,0.008901417526596284,0.00043269248631363886,0.0024398107176008175,0.0037382667318331653,0.0028199073273015396,7.210319823797473e-05,0.47253699911240404,10.68108713915643,0.0
0.05,0.08,0.004,1,False,9.135499999999674,45.65698117962383,67.87311190405711,128.68623051391717,8.081710540713788,0.4731577435179982,0.2280105514196131,0.001708156019624724,0.057523184816296764,0.011171511479831942,0.0248355844496532,0.0009354943560314564,0.0022699793469177273,0.0034831077814613254,3.0286949087099423e-05,0.4731577435179982,9.212803007193706,0.0
0.05,0.08,0.004,2,True,0.630499999999986,1.616074432286638,5.441067207481092,111.16818640259655,9.603074615704339,0.17289066046086607,0.02620476002806143,0.0011044052733180985,0.024924557170706164,0.025912966293074165,0.0024063537379950413,0.001800301577896962,0.003185681580435384,0.0015637032200998104,1.161067493821754e-05,0.444596814262228,10.231888726552896,0.0
0.05,0.08,0.004,3,True,0.6154999999999876,2.6900812062594115,5.145734700699192,103.0924416428023,8.91351957642,0.16921297218761833,0.03421036907358479,0.0008127017608135093,0.021840525329804985,0.02562803823454073,0.015240966464155783,0.00028238592672119757,0.0022993808207094216,0.0024371538944225023,1.5412303097482646e-05,0.49239602374655833,9.352126819818665,0.0
0.05,0.08,0.004,4,True,0.8654999999999601,1.2340074058002695,3.3836636448974153,97.1946499886693,8.66635490942903,0.5066500685155163,0.053170708989134785,0.0036220599140287797,0.03556637764071808,0.02947736152556949,0.002116282156798607,0.0018220674959850889,0.0021294597531318175,0.0034057036209574217,1.60420785683912e-05,0.5066500685155163,10.048268349666515,0.0
0.05,0.08,0.004,5,True,0.5554999999999942,2.384865829577216,8.448193873594855,94.3896104697184,8.760518719124791,0.4210708019156255,0.2567293144452762,0.002847440277994798,0.05039703948682469,0.019337162342927122,0.0074822626339227484,0.0001617921071449693,0.002150106642356555,0.002225419616259996,1.1304406335961537e-05,0.4210708019156255,10.784801797232584,0.0
0.05,0.08,0.004,6,True,0.5804999999999915,0.32127276543133804,0.8227709556134247,97.65921421860183,8.758002681215226,0.3548507687806662,0.03788489710425396,0.0017884136569469048,0.027163543490666922,0.01611947927549832,0.009804302396366918,0.0029623349705594,0.002898268817821438,0.003022971791513481,2.4438083011449394e-05,0.4867114367610584,9.367174052139356,0.0
0.05,0.08,0.004,7,True,0.9054999999999557,3.0527961263017973,9.489992391697903,94.67665370661484,8.64949083642544,0.47319149483409056,0.060413838193758417,0.0020809973356412242,0.05486069004847877,0.025065085185394256,0.005895910446750368,0.0009004988547336763,0.003620660336188786,0.0010157959136967243,9.243566384669972e-05,0.49889522059021285,9.925295980985247,0.0
0.05,0.08,0.004,8,True,1.7404999999998638,1.3146570582353043,4.311128194371058,106.58497627197195,8.499958991510306,0.4266606755773988,0.057125292848710506,0.001237666433073275,0.059363842166896275,0.015011638446681368,0.020644162864735433,0.0026096895350886484,0.002173254419617582,0.0023136456193683964,2.7440165521545802e-05,0.4271231740331686,9.94314245206847,0.0
0.05,0.08,0.004,9,True,1.0254999999999426,2.7607951798178982,7.287609965673572,92.147592478277,8.545556198693118,0.41876512438463015,0.06867145149207793,0.0031903885322791745,0.024340860454377767,0.02126925930113436,0.02035579469014759,0.002148223888810696,0.0037461403614715227,0.003581180947548654,0.00012020741258969977,0.41876512438463015,9.875646939803113,0.0
0.05,0.08,0.004,10,True,0.9704999999999485,2.5198908620847003,6.736476751904673,100.3104134027153,9.103873187326448,0.4602529357301176,0.061652079247254694,0.003704716329310304,0.02038409050395734,0.026225787476039677,0.003908196843223018,0.0015384138493096946,0.0014077588120615199,0.0030671094393433934,9.771745351894099e-05,0.4602529357301176,10.716444487502452,0.0
0.05,0.08,0.004,11,True,0.6154999999999876,1.9783633634481412,7.175539328380542,105.8905906841844,9.453965724391164,0.15698974321292378,0.03389142411813792,0.0008758319652234292,0.03496389312200575,0.021232963867713863,0.0007510764828339755,0.0004437782537323678,0.0037846330688811086,0.0012112617284625905,1.4211044766893634e-05,0.5146261591423446,10.17437259788254,0.0
0.05,0.08,0.004,12,False,9.405500000000004,7.4565288166950445,42.84106894380926,101.52265257468467,9.327090343599034,0.5092161748652868,0.2979988859899756,0.0010838336019541883,0.057337647142971224,0.012165048459874749,0.004693838148510661,0.0010496677217878725,0.0016916237397697179,0.003011337228318354,1.3656639817761454e-05,0.5092161748652868,10.556601227494834,0.0
0.05,0.08,0.004,13,True,0.5804999999999915,1.4412497752801328,4.29333562899218,99.5730963626328,9.027107831696279,0.44907475377224043,0.06602380282722965,0.0031602170290511893,0.05276512574660295,0.025842514773255526,0.0068446497361148734,0.00023159837315526422,0.00383939734133819,0.0028413750731413057,1.0071496504630682e-05,0.5106823465188471,10.761548012689753,0.0
0.05,0.08,0.004,14,True,0.5954999999999898,1.9325445504948946,5.380433241703561,99.95741010855347,8.953949545931685,0.46458555040672866,0.05308811310822455,0.002979344988679685,0.028047333341712825,0.023460264722805206,0.022517857178019643,0.001923952442364494,0.002645089626439942,0.00328694026759358,6.957465863408183e-05,0.46458555040672866,10.094407449984567,0.0
0.05,0.08,0.004,15,True,0.5954999999999898,0.7577161550402337,2.296819879452317,97.28878362815183,9.174775712614329,0.36435506460057615,0.061522967913662886,0.002341415082513897,0.05079085556680287,0.015576948671442846,0.001173860694578235,0.001714791771101193,0.0014387362801707927,0.0031563141306264137,2.547831869663868e-05,0.4635290062633226,10.747204198879444,0.0
0.06,0.03,0.004,0,True,1.975499999999838,0.21721644024020637,1.6201232914832229,187.29766495398266,9.870800403689604,0.47253699911240404,0.16065887696555298,0.0021244856490258636,0.023489335688193516,0.008901417526596284,0.00043269248631363886,0.0024398107176008175,0.0037382667318331653,0.0028199073273015396,7.210319823797473e-05,0.47253699911240404,10.68108713915643,0.0
0.06,0.03,0.004,1,True,2.3154999999999406,0.14372726012889375,1.0978771143671742,183.34729741151966,8.068834990535294,0.464134279380932,0.1157906172685693,0.001708156019624724,0.057523184816296764,0.011171511479831942,0.0248355844496532,0.0009354943560314564,0.0022699793469177273,0.0034831077814613254,3.0286949087099423e-05,0.4731577435179982,9.212803007193706,0.0
0.06,0.03,0.004,2,True,1.6804999999998704,0.6928206398123288,4.621020299484233,129.35738793712827,9.64034945201729,0.1744996152006022,0.04074499042091513,0.0011044052733180985,0.024924557170706164,0.025912966293074165,0.0024063537379950413,0.001800301577896962,0.003185681580435384,0.0015637032200998104,1.161067493821754e-05,0.444596814262228,10.231888726552896,0.0
0.06,0.03,0.004,3,True,1.5454999999998853,0.8869779478371491,5.726141622028802,130.1270476438649,8.93296322247979,0.13760629067063598,0.032076877072447406,0.0008127017608135093,0.021840525329804985,0.02562803823454073,0.015240966464155783,0.00028238592672119757,0.0022993808207094216,0.0024371538944225023,1.5412303097482646e-05,0.49239602374655833,9.352126819818665,0.0
0.06,0.03,0.004,4,True,1.8854999999998479,0.5162623251137306,3.3474210963298243,120.76340140951602,8.939313867537523,0.5066500685155163,0.10742741543631872,0.0036220599140287797,0.03556637764071808,0.02947736152556949,0.002116282156798607,0.0018220674959850889,0.0021294597531318175,0.0034057036209574217,1.60420785683912e-05,0.5066500685155163,10.048268349666515,0.0
0.06,0.03,0.004,5,True,2.5455000000000174,0.18151809453100828,0.8890055878278985,126.520123608311,9.076062948232638,0.4210708019156255,0.11557749054480014,0.002847440277994798,0.05039703948682469,0.019337162342927122,0.0074822626339227484,0.0001617921071449693,0.002150106642356555,0.002225419616259996,1.1304406335961537e-05,0.4210708019156255,10.784801797232584,0.0
0.06,0.03,0.004,6,True,1.5004999999998903,0.0986877002435735,0.3898678218264045,120.109172484084,8.812909116146715,0.37902516686189414,0.08547639172591137,0.0017884136569469048,0.027163543490666922,0.01611947927549832,0.009804302396366918,0.0029623349705594,0.002898268817821438,0.003022971791513481,2.4438083011449394e-05,0.4867114367610584,9.367174052139356,0.0
0.06,0.03,0.004,7,False,inf,89.03863088930603,109.90686469738365,377.4607863953661,8.759811329337852,0.48198505453862817,0.1023364963334061,0.0020809973356412242,0.05486069004847877,0.025065085185394256,0.005895910446750368,0.0009004988547336763,0.003620660336188786,0.0010157959136967243,9.243566384669972e-05,0.49889522059021285,9.925295980985247,0.0
0.06,0.03,0.004,8,True,2.460499999999989,0.587166016928574,3.8090533480122213,230.6688562483684,8.545962606547171,0.40034453657971547,0.07838688724448446,0.001237666433073275,0.059363842166896275,0.015011638446681368,0.020644162864735433,0.0026096895350886484,0.002173254419617582,0.0023136456193683964,2.7440165521545802e-05,0.4271231740331686,9.94314245206847,0.0
0.06,0.03,0.004,9,False,inf,88.42103336198522,6.215144491108659,118.6382881374226,8.821228082283616,0.41876512438463015,0.15691391916132041,0.0031903885322791745,0.024340860454377767,0.02126925930113436,0.02035579469014759,0.002148223888810696,0.0037461403614715227,0.003581180947548654,0.00012020741258969977,0.41876512438463015,9.875646939803113,0.0
0.06,0.03,0.004,10,False,inf,86.71309186134135,95.77060846340271,477.42554519394855,9.285572166462396,0.4602529357301176,0.1883944068620473,0.003704716329310304,0.02038409050395734,0.026225787476039677,0.003908196843223018,0.0015384138493096946,0.0014077588120615199,0.0030671094393433934,9.771745351894099e-05,0.4602529357301176,10.716444487502452,0.0
0.06,0.03,0.004,11,True,1.5804999999998814,0.7980857707377863,5.987442287336582,130.36143423931065,9.477843620766748,0.15275685016145088,0.043026772753503986,0.0008758319652234292,0.03496389312200575,0.021232963867713863,0.0007510764828339755,0.0004437782537323678,0.0037846330688811086,0.0012112617284625905,1.4211044766893634e-05,0.5146261591423446,10.17437259788254,0.0
0.06,0.03,0.004,12,True,1.6954999999998688,0.11059991339169654,0.41731372621806345,263.10084506499646,9.358634253786157,0.5092161748652868,0.06965571227617333,0.0010838336019541883,0.057337647142971224,0.012165048459874749,0.004693838148510661,0.0010496677217878725,0.0016916237397697179,0.003011337228318354,1.3656639817761454e-05,0.5092161748652868,10.556601227494834,0.0
0.06,0.03,0.004,13,False,9.970500000000694,73.09615123800772,87.30839168104832,174.6073746426752,9.599524618034794,0.5106823465188471,0.1803499146269134,0.0031602170290511893,0.05276512574660295,0.025842514773255526,0.0068446497361148734,0.00023159837315526422,0.00383939734133819,0.0028413750731413057,1.0071496504630682e-05,0.5106823465188471,10.761548012689753,0.0
0.06,0.03,0.004,14,False,inf,89.13256068063049,204.1136400213467,438.6490534132591,9.19793181504345,0.46458555040672866,0.16177907487502674,0.002979344988679685,0.028047333341712825,0.023460264722805206,0.022517857178019643,0.001923952442364494,0.002645089626439942,0.00328694026759358,6.957465863408183e-05,0.46458555040672866,10.094407449984567,0.0
0.06,0.03,0.004,15,True,3.050500000000186,0.09673166589300465,0.6600568126968189,249.32314733798574,9.546285688307593,0.4635290062633226,0.11955622306287868,0.002341415082513897,0.05079085556680287,0.015576948671442846,0.001173860694578235,0.001714791771101193,0.0014387362801707927,0.0031563141306264137,2.547831869663868e-05,0.4635290062633226,10.747204198879444,0.0
0.06,0.04,0.004,0,True,1.1654999999999271,0.20866712656229047,1.077156130028646,108.7346264170747,9.84847805371751,0.4557015658374698,0.12630204717323612,0.0021244856490258636,0.023489335688193516,0.008901417526596284,0.00043269248631363886,0.0024398107176008175,0.0037382667318331653,0.0028199073273015396,7.210319823797473e-05,0.47253699911240404,10.68108713915643,0.0
0.06,0.04,0.004,1,True,1.1454999999999294,0.11681459842904164,0.35225767132274,105.8720776192741,8.064489488376474,0.3283113230929197,0.09115887270713981,0.001708156019624724,0.057523184816296764,0.011171511479831942,0.0248355844496532,0.0009354943560314564,0.0022699793469177273,0.0034831077814613254,3.0286949087099423e-05,0.4731577435179982,9.212803007193706,0.0
0.06,0.04,0.004,2,True,1.285499999999914,0.9150981255654542,4.825017856116776,141.55585481394468,9.641752788812148,0.2529433108475803,0.034347184090905834,0.0011044052733180985,0.024924557170706164,0.025912966293074165,0.0024063537379950413,0.001800301577896962,0.003185681580435384,0.0015637032200998104,1.161067493821754e-05,0.444596814262228,10.231888726552896,0.0
0.06,0.04,0.004,3,True,1.240499999999919,0.9083115788945313,4.928179577450051,118.92939648812514,8.931869319408973,0.13843565836670937,0.02751040444695328,0.0008127017608135093,0.021840525329804985,0.02562803823454073,0.015240966464155783,0.00028238592672119757,0.0022993808207094216,0.0024371538944225023,1.5412303097482646e-05,0.49239602374655833,9.352126819818665,0.0
0.06,0.04,0.004,4,True,2.705500000000071,0.6855563623606232,3.2341606003853194,290.3881778267383,9.158946832173024,0.5066500685155163,0.08519851608528191,0.0036220599140287797,0.03556637764071808,0.02947736152556949,0.002116282156798607,0.0018220674959850889,0.0021294597531318175,0.0034057036209574217,1.60420785683912e-05,0.5066500685155163,10.048268349666515,0.0
0.06,0.04,0.004,5,True,1.1904999999999244,0.2952982662789489,1.256629380859191,118.17735667012005,9.030988935899478,0.39768256407695785,0.0923939418648608,0.002847440277994798,0.05039703948682469,0.019337162342927122,0.0074822626339227484,0.0001617921071449693,0.002150106642356555,0.002225419616259996,1.1304406335961537e-05,0.4210708019156255,10.784801797232584,0.0
0.06,0.04,0.004,6,True,1.1954999999999238,0.13109701371077517,0.47765938768835303,110.34268865134803,8.808328730366323,0.3693914402025161,0.06772653300127565,0.0017884136569469048,0.027163543490666922,0.01611947927549832,0.009804302396366918,0.0029623349705594,0.002898268817821438,0.003022971791513481,2.4438083011449394e-05,0.4867114367610584,9.367174052139356,0.0
0.06,0.04,0.004,7,True,1.575499999999882,2.4201110311345078,11.380383590815976,118.50259121210796,8.757022640512858,0.316668980169958,0.08607323308637274,0.0020809973356412242,0.05486069004847877,0.025065085185394256,0.005895910446750368,0.0009004988547336763,0.003620660336188786,0.0010157959136967243,9.243566384669972e-05,0.49889522059021285,9.925295980985247,0.0
0.06,0.04,0.004,8,True,1.2554999999999172,0.7092066982119709,3.8245800165799846,108.14263836812714,8.542855249438096,0.2375950322383899,0.06793014247621072,0.001237666433073275,0.059363842166896275,0.015011638446681368,0.020644162864735433,0.0026096895350886484,0.002173254419617582,0.0023136456193683964,2.7440165521545802e-05,0.4271231740331686,9.94314245206847,0.0
0.06,0.04,0.004,9,True,2.3954999999999673,2.11851921568745,9.16402474165429,145.0364196001945,8.809215312906614,0.41876512438463015,0.12361456075412698,0.0031903885322791745,0.024340860454377767,0.02126925930113436,0.02035579469014759,0.002148223888810696,0.0037461403614715227,0.003581180947548654,0.00012020741258969977,0.41876512438463015,9.875646939803113,0.0
0.06,0.04,0.004,10,True,1.5454999999998853,1.9931084693783216,8.28276167776138,113.46048652367905,9.279793049345221,0.4602529357301176,0.1115497230531676,0.003704716329310304,0.02038409050395734,0.026225787476039677,0.003908196843223018,0.0015384138493096946,0.0014077588120615199,0.0030671094393433934,9.771745351894099e-05,0.4602529357301176,10.716444487502452,0.0
0.06,0.04,0.004,11,True,1.275499999999915,1.0406045057050204,6.061263773189211,133.90007352429356,9.477679482278209,0.15382114701367364,0.039581206251170446,0.0008758319652234292,0.03496389312200575,0.021232963867713863,0.0007510764828339755,0.0004437782537323678,0.0037846330688811086,0.0012112617284625905,1.4211044766893634e-05,0.5146261591423446,10.17437259788254,0.0
0.06,0.04,0.004,12,True,1.2654999999999161,2.5709412350600576,39.78144221550587,130.33382239260035,9.353887964897181,0.5092161748652868,0.3039114474582548,0.0010838336019541883,0.057337647142971224,0.012165048459874749,0.004693838148510661,0.0010496677217878725,0.0016916237397697179,0.003011337228318354,1.3656639817761454e-05,0.5092161748652868,10.556601227494834,0.0
0.06,0.04,0.004,13,True,1.23049999999992,0.66483608239737,3.306930019378166,124.10696305756338,9.29921835249709,0.4545131308618894,0.08700495923165971,0.0031602170290511893,0.05276512574660295,0.025842514773255526,0.0068446497361148734,0.00023159837315526422,0.00383939734133819,0.0028413750731413057,1.0071496504630682e-05,0.5106823465188471,10.761548012689753,0.0
0.06,0.04,0.004,14,True,1.5904999999998803,1.441575364983539,6.313371833931722,127.85858096705093,9.13782206319131,0.43533555113876304,0.08885218932935424,0.002979344988679685,0.028047333341712825,0.023460264722805206,0.022517857178019643,0.001923952442364494,0.002645089626439942,0.00328694026759358,6.957465863408183e-05,0.46458555040672866,10.094407449984567,0.0
0.06,0.04,0.004,15,True,1.275499999999915,0.0918907201922643,0.3272849310597586,109.67989627365418,9.2689208752061,0.3640335038620039,0.09520007781916803,0.002341415082513897,0.05079085556680287,0.015576948671442846,0.001173860694578235,0.001714791771101193,0.0014387362801707927,0.0031563141306264137,2.547831869663868e-05,0.4635290062633226,10.747204198879444,0.0
0.06,0.05,0.004,0,True,0.8604999999999606,0.20833726510537637,0.9785939160147988,108.70074100958621,9.586697239860893,0.4212470612914974,0.10613011132217011,0.0021244856490258636,0.023489335688193516,0.008901417526596284,0.00043269248631363886,0.0024398107176008175,0.0037382667318331653,0.0028199073273015396,7.210319823797473e-05,0.47253699911240404,10.68108713915643,0.0
0.06,0.05,0.004,1,True,0.8654999999999601,0.11359266556320385,0.3672333403619767,98.16388831657652,8.05941182337911,0.4731577435179982,0.07582798799603567,0.001708156019624724,0.057523184816296764,0.011171511479831942,0.0248355844496532,0.0009354943560314564,0.0022699793469177273,0.0034831077814613254,3.0286949087099423e-05,0.4731577435179982,9.212803007193706,0.0
0.06,0.05,0.004,2,True,1.0054999999999448,1.0555807787706772,4.81284766763627,128.2828618234945,9.63548826143737,0.23575106953173486,0.030655196875904366,0.0011044052733180985,0.024924557170706164,0.025912966293074165,0.0024063537379950413,0.001800301577896962,0.003185681580435384,0.0015637032200998104,1.161067493821754e-05,0.444596814262228,10.231888726552896,0.0
0.06,0.05,0.004,3,True,0.9654999999999491,1.0170018624546255,5.313804243860962,114.11828638221499,8.924411198566638,0.20856470496995203,0.025242898435509524,0.0008127017608135093,0.021840525329804985,0.02562803823454073,0.015240966464155783,0.00028238592672119757,0.0022993808207094216,0.0024371538944225023,1.5412303097482646e-05,0.49239602374655833,9.352126819818665,0.0
0.06,0.05,0.004,4,True,1.2254999999999205,0.788071893491022,3.2170993354140234,129.08956454564546,8.923380348453291,0.4982002229492856,0.0737170450625705,0.0036220599140287797,0.03556637764071808,0.02947736152556949,0.002116282156798607,0.0018220674959850889,0.0021294597531318175,0.0034057036209574217,1.60420785683912e-05,0.5066500685155163,10.048268349666515,0.0
0.06,0.05,0.004,5,True,1.240499999999919,0.4713065993799133,1.5214078364186367,113.3077370832685,9.035147360123606,0.4183487922736365,0.0878988028035889,0.002847440277994798,0.05039703948682469,0.019337162342927122,0.0074822626339227484,0.0001617921071449693,0.002150106642356555,0.002225419616259996,1.1304406335961537e-05,0.4210708019156255,10.784801797232584,0.0
0.06,0.05,0.004,6,True,0.9354999999999524,0.08013521977489504,0.20767362266571796,113.80910812307215,8.803014197678689,0.4201536561553225,0.05730917883222096,0.0017884136569469048,0.027163543490666922,0.01611947927549832,0.009804302396366918,0.0029623349705594,0.002898268817821438,0.003022971791513481,2.4438083011449394e-05,0.4867114367610584,9.367174052139356,0.0
0.06,0.05,0.004,7,True,1.2354999999999194,2.5657722825546485,10.29424490193057,112.16989409560396,8.75092426495114,0.31404675147531746,0.07509714925509536,0.0020809973356412242,0.05486069004847877,0.025065085185394256,0.005895910446750368,0.0009004988547336763,0.003620660336188786,0.0010157959136967243,9.243566384669972e-05,0.49889522059021285,9.925295980985247,0.0
0.06,0.05,0.004,8,True,0.975499999999948,0.843968404351328,3.87166567957209,107.4330237775468,8.537790991783474,0.31651962073186135,0.06300255668837333,0.001237666433073275,0.059363842166896275,0.015011638446681368,0.020644162864735433,0.0026096895350886484,0.002173254419617582,0.0023136456193683964,2.7440165521545802e-05,0.4271231740331686,9.94314245206847,0.0
0.06,0.05,0.004,9,True,1.220499999999921,2.14705120097624,8.013399499979704,110.91275915539642,8.80108215532089,0.41876512438463015,0.10085300104365275,0.0031903885322791745,0.024340860454377767,0.02126925930113436,0.02035579469014759,0.002148223888810696,0.0037461403614715227,0.003581180947548654,0.00012020741258969977,0.41876512438463015,9.875646939803113,0.0
0.06,0.05,0.004,10,True,1.23049999999992,1.953333693167813,7.0697093579278025,112.33011123209104,9.272517397894847,0.4602529357301176,0.08993168760639923,0.003704716329310304,0.02038409050395734,0.026225787476039677,0.003908196843223018,0.0015384138493096946,0.0014077588120615199,0.0030671094393433934,9.771745351894099e-05,0.4602529357301176,10.716444487502452,0.0
0.06,0.05,0.004,11,True,0.9654999999999491,1.199513235045421,6.131214971839828,122.72418727988904,9.468967115598145,0.25131456512468897,0.03671583497040456,0.0008758319652234292,0.03496389312200575,0.021232963867713863,0.0007510764828339755,0.0004437782537323678,0.0037846330688811086,0.0012112617284625905,1.4211044766893634e-05,0.5146261591423446,10.17437259788254,0.0
0.06,0.05,0.004,12,True,0.9054999999999557,3.605549272570124,38.765279694164896,118.35644000673908,9.348824947440795,0.5092161748652868,0.3066758652585066,0.0010838336019541883,0.057337647142971224,0.012165048459874749,0.004693838148510661,0.0010496677217878725,0.0016916237397697179,0.003011337228318354,1.3656639817761454e-05,0.5092161748652868,10.556601227494834,0.0
0.06,0.05,0.004,13,True,0.9454999999999513,0.8234279135021655,3.647183105539948,117.56652938435147,9.25671279022182,0.4523357647556278,0.07988793011325775,0.0031602170290511893,0.05276512574660295,0.025842514773255526,0.0068446497361148734,0.00023159837315526422,0.00383939734133819,0.0028413750731413057,1.0071496504630682e-05,0.5106823465188471,10.761548012689753,0.0
0.06,0.05,0.004,14,True,1.2554999999999172,1.4653217861198686,5.816945699474323,120.40626850418114,9.142127153754497,0.43459772476723896,0.0731590884249356,0.002979344988679685,0.028047333341712825,0.023460264722805206,0.022517857178019643,0.001923952442364494,0.002645089626439942,0.00328694026759358,6.957465863408183e-05,0.46458555040672866,10.094407449984567,0.0
0.06,0.05,0.004,15,True,0.9504999999999507,0.1120763187019606,0.3393451937770365,111.04448051873504,9.335192834841457,0.4635290062633226,0.0783907784130868,0.002341415082513897,0.05079085556680287,0.015576948671442846,0.001173860694578235,0.001714791771101193,0.0014387362801707927,0.0031563141306264137,2.547831869663868e-05,0.4635290062633226,10.747204198879444,0.0
0.06,0.06,0.004,0,True,0.8804999999999584,0.15854231843454786,0.46900743923627375,108.6415021099556,9.468936619504625,0.4631797343257662,0.09191072979518823,0.0021244856490258636,0.023489335688193516,0.008901417526596284,0.00043269248631363886,0.0024398107176008175,0.0037382667318331653,0.0028199073273015396,7.210319823797473e-05,0.47253699911240404,10.68108713915643,0.0
0.06,0.06,0.004,1,True,5.28549999999979,4.396671548273802,50.01688143195824,146.01855168724796,8.0674799261307,0.4731577435179982,0.2867335353708752,0.001708156019624724,0.057523184816296764,0.011171511479831942,0.0248355844496532,0.0009354943560314564,0.0022699793469177273,0.0034831077814613254,3.0286949087099423e-05,0.4731577435179982,9.212803007193706,0.0
0.06,0.06,0.004,2,True,1.0654999999999382,1.220468903199796,4.921933022250297,126.15632515307855,9.628404429643176,0.36800708525941794,0.02989839746234845,0.0011044052733180985,0.024924557170706164,0.025912966293074165,0.0024063537379950413,0.001800301577896962,0.003185681580435384,0.0015637032200998104,1.161067493821754e-05,0.444596814262228,10.231888726552896,0.0
0.06,0.06,0.004,3,True,1.0204999999999431,1.386024556743554,6.029735762187528,112.6700513733054,8.91936554345585,0.2336645017529235,0.02536946029306883,0.0008127017608135093,0.021840525329804985,0.02562803823454073,0.015240966464155783,0.00028238592672119757,0.0022993808207094216,0.0024371538944225023,1.5412303097482646e-05,0.49239602374655833,9.352126819818665,0.0
0.06,0.06,0.004,4,True,2.385499999999964,0.8926374783018132,3.1777022857429937,360.98405007274056,9.248237797059852,0.5066500685155163,0.06662953109192557,0.0036220599140287797,0.03556637764071808,0.02947736152556949,0.002116282156798607,0.0018220674959850889,0.0021294597531318175,0.0034057036209574217,1.60420785683912e-05,0.5066500685155163,10.048268349666515,0.0
0.06,0.06,0.004,5,True,1.0204999999999431,1.3251686486832737,3.3049188551953046,118.07017719509336,8.985246729755866,0.4210708019156255,0.22874502671369518,0.002847440277994798,0.05039703948682469,0.019337162342927122,0.0074822626339227484,0.0001617921071449693,0.002150106642356555,0.002225419616259996,1.1304406335961537e-05,0.4210708019156255,10.784801797232584,0.0
0.06,0.06,0.004,6,True,0.9454999999999513,0.08804712633517782,0.19258298003443117,107.6382418195381,8.792784579013794,0.3886994862621703,0.04907603041819688,0.0017884136569469048,0.027163543490666922,0.01611947927549832,0.009804302396366918,0.0029623349705594,0.002898268817821438,0.003022971791513481,2.4438083011449394e-05,0.4867114367610584,9.367174052139356,0.0
0.06,0.06,0.004,7,True,0.9704999999999485,2.6058374523347076,9.36508892320043,108.25081100635165,8.743997516073373,0.32011505187525835,0.06768743806152126,0.0020809973356412242,0.05486069004847877,0.025065085185394256,0.005895910446750368,0.0009004988547336763,0.003620660336188786,0.0010157959136967243,9.243566384669972e-05,0.49889522059021285,9.925295980985247,0.0
0.06,0.06,0.004,8,True,0.9954999999999458,0.9469239193525887,3.944429129937387,106.1075156808863,8.528378070641212,0.3813676154288928,0.05999281993482532,0.001237666433073275,0.059363842166896275,0.015011638446681368,0.020644162864735433,0.0026096895350886484,0.002173254419617582,0.0023136456193683964,2.7440165521545802e-05,0.4271231740331686,9.94314245206847,0.0
0.06,0.06,0.004,9,True,1.9554999999998401,2.197372278726545,7.280121045840994,165.64722291480257,9.092186490137577,0.41876512438463015,0.08538260114758664,0.0031903885322791745,0.024340860454377767,0.02126925930113436,0.02035579469014759,0.002148223888810696,0.0037461403614715227,0.003581180947548654,0.00012020741258969977,0.41876512438463015,9.875646939803113,0.0
0.06,0.06,0.004,10,True,0.975499999999948,1.9829982461635256,6.2959238862154026,112.43133617516582,9.2482283366977,0.4602529357301176,0.07760557435822935,0.003704716329310304,0.02038409050395734,0.026225787476039677,0.003908196843223018,0.0015384138493096946,0.0014077588120615199,0.0030671094393433934,9.771745351894099e-05,0.4602529357301176,10.716444487502452,0.0
0.06,0.06,0.004,11,True,1.0154999999999437,1.414059578590085,6.409986284051129,122.80245239650621,9.465201084375575,0.3299176888832826,0.03609960307564588,0.0008758319652234292,0.03496389312200575,0.021232963867713863,0.0007510764828339755,0.0004437782537323678,0.0037846330688811086,0.0012112617284625905,1.4211044766893634e-05,0.5146261591423446,10.17437259788254,0.0
0.06,0.06,0.004,12,True,0.9354999999999524,0.6371324575628606,2.0701659176028366,113.67722736011392,9.343946370622886,0.5092161748652868,0.05766117476539145,0.0010838336019541883,0.057337647142971224,0.012165048459874749,0.004693838148510661,0.0010496677217878725,0.0016916237397697179,0.003011337228318354,1.3656639817761454e-05,0.5092161748652868,10.556601227494834,0.0
0.06,0.06,0.004,13,True,3.0555000000001877,0.880980205762548,3.567253105074785,401.26467929729006,9.359237823831691,0.5106823465188471,0.07248881550614285,0.0031602170290511893,0.05276512574660295,0.025842514773255526,0.0068446497361148734,0.00023159837315526422,0.00383939734133819,0.0028413750731413057,1.0071496504630682e-05,0.5106823465188471,10.761548012689753,0.0
0.06,0.06,0.004,14,True,3.2255000000002445,1.484813091145171,5.129076387521684,154.5691732316616,9.132300595495787,0.46458555040672866,0.06475573554077653,0.002979344988679685,0.028047333341712825,0.023460264722805206,0.022517857178019643,0.001923952442364494,0.002645089626439942,0.00328694026759358,6.957465863408183e-05,0.46458555040672866,10.094407449984567,0.0
0.06,0.06,0.004,15,True,0.9704999999999485,0.1150626789347539,0.2074042338375053,110.28545344179926,9.31432484147051,0.3712714249597326,0.06762768547199838,0.002341415082513897,0.05079085556680287,0.015576948671442846,0.001173860694578235,0.001714791771101193,0.0014387362801707927,0.0031563141306264137,2.547831869663868e-05,0.4635290062633226,10.747204198879444,0.0
0.06,0.08,0.004,0,True,0.5704999999999926,3.540627394680791,24.833852414824804,108.38109993375029,9.448207851197223,0.47253699911240404,0.33882123135669595,0.0021244856490258636,0.023489335688193516,0.008901417526596284,0.00043269248631363886,0.0024398107176008175,0.0037382667318331653,0.0028199073273015396,7.210319823797473e-05,0.47253699911240404,10.68108713915643,0.0
0.06,0.08,0.004,1,False,inf,5.982116456397975,66.70356601839723,137.71775738695152,8.099616798293498,0.4731577435179982,0.2844750794482886,0.001708156019624724,0.057523184816296764,0.011171511479831942,0.0248355844496532,0.0009354943560314564,0.0022699793469177273,0.0034831077814613254,3.0286949087099423e-05,0.4731577435179982,9.212803007193706,0.0
0.06,0.08,0.004,2,True,0.730499999999975,1.4491989533206011,5.190140641392812,119.86459553735871,9.658048960930342,0.17282693141652614,0.02760008547561423,0.0011044052733180985,0.024924557170706164,0.025912966293074165,0.0024063537379950413,0.001800301577896962,0.003185681580435384,0.0015637032200998104,1.161067493821754e-05,0.444596814262228,10.231888726552896,0.0
0.06,0.08,0.004,3,True,0.6854999999999799,2.2337703292729434,4.653918794451065,112.45364841902911,8.931466641600283,0.1394658658090009,0.034575047365376914,0.0008127017608135093,0.021840525329804985,0.02562803823454073,0.015240966464155783,0.00028238592672119757,0.0022993808207094216,0.0024371538944225023,1.5412303097482646e-05,0.49239602374655833,9.352126819818665,0.0
0.06,0.08,0.004,4,True,1.0504999999999398,1.0600090650647318,3.0594907872251924,107.26716801366359,8.813182691931315,0.5066500685155163,0.05747635318986548,0.0036220599140287797,0.03556637764071808,0.02947736152556949,0.002116282156798607,0.0018220674959850889,0.0021294597531318175,0.0034057036209574217,1.60420785683912e-05,0.5066500685155163,10.048268349666515,0.0
0.06,0.08,0.004,5,True,0.9904999999999463,1.9417288626384117,6.920897538125139,102.84781546980713,8.884773719831546,0.4210708019156255,0.25100751387250386,0.002847440277994798,0.05039703948682469,0.019337162342927122,0.0074822626339227484,0.0001617921071449693,0.002150106642356555,0.002225419616259996,1.1304406335961537e-05,0.4210708019156255,10.784801797232584,0.0
0.06,0.08,0.004,6,True,0.6354999999999854,0.1957139852080667,0.4235590301498926,104.93633396098151,8.774598926733885,0.4045813790977534,0.04165969907589358,0.0017884136569469048,0.027163543490666922,0.01611947927549832,0.009804302396366918,0.0029623349705594,0.002898268817821438,0.003022971791513481,2.4438083011449394e-05,0.4867114367610584,9.367174052139356,0.0
0.06,0.08,0.004,7,True,0.975499999999948,2.493805548348188,8.338231991066287,106.2711413785519,8.718538041652641,0.43187531536107726,0.059807830467009514,0.0020809973356412242,0.05486069004847877,0.025065085185394256,0.005895910446750368,0.0009004988547336763,0.003620660336188786,0.0010157959136967243,9.243566384669972e-05,0.49889522059021285,9.925295980985247,0.0
0.06,0.08,0.004,8,True,0.6354999999999854,1.201644985144791,4.142004745612656,102.7572880054996,8.510412630834985,0.237979761296061,0.05752326339627688,0.001237666433073275,0.059363842166896275,0.015011638446681368,0.020644162864735433,0.0026096895350886484,0.002173254419617582,0.0023136456193683964,2.7440165521545802e-05,0.4271231740331686,9.94314245206847,0.0
0.06,0.08,0.004,9,True,1.1254999999999316,2.215831204100764,6.4921464437712215,107.86583996093678,8.736490657235612,0.41876512438463015,0.06967184006184302,0.0031903885322791745,0.024340860454377767,0.02126925930113436,0.02035579469014759,0.002148223888810696,0.0037461403614715227,0.003581180947548654,0.00012020741258969977,0.41876512438463015,9.875646939803113,0.0
0.06,0.08,0.004,10,True,1.0604999999999387,2.0544501760498264,5.626502964182882,115.47028759607063,9.222797893462984,0.4602529357301176,0.06113694266575536,0.003704716329310304,0.02038409050395734,0.026225787476039677,0.003908196843223018,0.0015384138493096946,0.0014077588120615199,0.0030671094393433934,9.771745351894099e-05,0.4602529357301176,10.716444487502452,0.0
0.06,0.08,0.004,11,True,0.6854999999999799,1.7491077747729058,6.705960092754934,119.0564877674955,9.463253950252037,0.15512039899423527,0.034696168667371345,0.0008758319652234292,0.03496389312200575,0.021232963867713863,0.0007510764828339755,0.0004437782537323678,0.0037846330688811086,0.0012112617284625905,1.4211044766893634e-05,0.5146261591423446,10.17437259788254,0.0
0.06,0.08,0.004,12,True,5.470499999999688,6.157838373555692,44.98719764945331,109.46757077503739,9.33139491063391,0.5092161748652868,0.3031899581214813,0.0010838336019541883,0.057337647142971224,0.012165048459874749,0.004693838148510661,0.0010496677217878725,0.0016916237397697179,0.003011337228318354,1.3656639817761454e-05,0.5092161748652868,10.556601227494834,0.0
0.06,0.08,0.004,13,True,0.8554999999999612,1.3882116921553482,4.0035578753707775,113.41259740718654,9.179039084467288,0.5106823465188471,0.06922895625033912,0.0031602170290511893,0.05276512574660295,0.025842514773255526,0.0068446497361148734,0.00023159837315526422,0.00383939734133819,0.0028413750731413057,1.0071496504630682e-05,0.5106823465188471,10.761548012689753,0.0
0.06,0.08,0.004,14,True,0.975499999999948,1.4753752440227985,4.462619436598607,107.82807506920577,9.048037294449003,0.457211002853357,0.05357621856033779,0.002979344988679685,0.028047333341712825,0.023460264722805206,0.022517857178019643,0.001923952442364494,0.002645089626439942,0.00328694026759358,6.957465863408183e-05,0.46458555040672866,10.094407449984567,0.0
0.06,0.08,0.004,15,True,0.6454999999999843,0.5855072852003292,1.7650356055091576,108.58875094032385,9.241457953365583,0.36260400399160525,0.06654581131704927,0.002341415082513897,0.05079085556680287,0.015576948671442846,0.001173860694578235,0.001714791771101193,0.0014387362801707927,0.0031563141306264137,2.547831869663868e-05,0.4635290062633226,10.747204198879444,0.0
0.08,0.03,0.004,0,True,3.6905000000004,0.17990505932388975,1.8911468699402665,293.2271173861323,9.911772854329058,0.47253699911240404,0.20741291600761985,0.0021244856490258636,0.023489335688193516,0.008901417526596284,0.00043269248631363886,0.0024398107176008175,0.0037382667318331653,0.0028199073273015396,7.210319823797473e-05,0.47253699911240404,10.68108713915643,0.0
0.08,0.03,0.004,1,True,2.675500000000061,0.1007028504294884,0.6515335690520554,169.10277316027057,8.084582069542623,0.4731577435179982,0.14725797486265496,0.001708156019624724,0.057523184816296764,0.011171511479831942,0.0248355844496532,0.0009354943560314564,0.0022699793469177273,0.0034831077814613254,3.0286949087099423e-05,0.4731577435179982,9.212803007193706,0.0
0.08,0.03,0.004,2,True,1.910499999999845,0.5596085332849441,4.580442254897348,173.73214508141385,9.651902257385453,0.21677139097892761,0.04774440171212815,0.0011044052733180985,0.024924557170706164,0.025912966293074165,0.0024063537379950413,0.001800301577896962,0.003185681580435384,0.0015637032200998104,1.161067493821754e-05,0.444596814262228,10.231888726552896,0.0
0.08,0.03,0.004,3,True,1.8004999999998572,0.6816506434086186,5.276558753917587,148.22360421075177,8.93386871462584,0.13628856162132835,0.03776965635209219,0.0008127017608135093,0.021840525329804985,0.02562803823454073,0.015240966464155783,0.00028238592672119757,0.0022993808207094216,0.0024371538944225023,1.5412303097482646e-05,0.49239602374655833,9.352126819818665,0.0
0.08,0.03,0.004,4,True,2.2604999999999222,0.2504938072791011,2.0379091036122947,160.12721117631096,9.134267894031144,0.4963487707453605,0.1353379034274256,0.0036220599140287797,0.03556637764071808,0.02947736152556949,0.002116282156798607,0.0018220674959850889,0.0021294597531318175,0.0034057036209574217,1.60420785683912e-05,0.5066500685155163,10.048268349666515,0.0
0.08,0.03,0.004,5,True,3.275500000000261,0.14316679973879226,0.8062328222940137,213.65659083528283,9.43178154917514,0.4210708019156255,0.14517868209359713,0.002847440277994798,0.05039703948682469,0.019337162342927122,0.0074822626339227484,0.0001617921071449693,0.002150106642356555,0.002225419616259996,1.1304406335961537e-05,0.4210708019156255,10.784801797232584,0.0
0.08,0.03,0.004,6,True,1.7554999999998622,0.10719927222688146,0.5043102608708979,150.4356791555262,8.835200721362662,0.4040449863875427,0.10819282049736463,0.0017884136569469048,0.027163543490666922,0.01611947927549832,0.009804302396366918,0.0029623349705594,0.002898268817821438,0.003022971791513481,2.4438083011449394e-05,0.4867114367610584,9.367174052139356,0.0
0.08,0.03,0.004,7,False,inf,79.8100017256025,181.1065518083817,378.555919763548,8.941326932634611,0.49889522059021285,0.1070241514697432,0.0020809973356412242,0.05486069004847877,0.025065085185394256,0.005895910446750368,0.0009004988547336763,0.003620660336188786,0.0010157959136967243,9.243566384669972e-05,0.49889522059021285,9.925295980985247,0.0
0.08,0.03,0.004,8,True,2.9105000000001393,0.13803670906827706,1.035094162319477,227.0937222155224,8.554351115449336,0.4092740437997674,0.08486565372327692,0.001237666433073275,0.059363842166896275,0.015011638446681368,0.020644162864735433,0.0026096895350886484,0.002173254419617582,0.0023136456193683964,2.7440165521545802e-05,0.4271231740331686,9.94314245206847,0.0
0.08,0.03,0.004,9,False,inf,87.42389960196913,117.47434007700103,462.43796835819023,9.006649044117735,0.41876512438463015,0.15152134234232623,0.0031903885322791745,0.024340860454377767,0.02126925930113436,0.02035579469014759,0.002148223888810696,0.0037461403614715227,0.003581180947548654,0.00012020741258969977,0.41876512438463015,9.875646939803113,0.0
0.08,0.03,0.004,10,False,inf,87.07565682440462,160.2907166490903,339.5741191325229,9.453523714394368,0.4602529357301176,0.16307815989984745,0.003704716329310304,0.02038409050395734,0.026225787476039677,0.003908196843223018,0.0015384138493096946,0.0014077588120615199,0.0030671094393433934,9.771745351894099e-05,0.4602529357301176,10.716444487502452,0.0
0.08,0.03,0.004,11,True,1.9054999999998457,0.7016501353359201,5.661131070786663,167.49695832682056,9.478439039596378,0.1786288212719126,0.049999928281440696,0.0008758319652234292,0.03496389312200575,0.021232963867713863,0.0007510764828339755,0.0004437782537323678,0.0037846330688811086,0.0012112617284625905,1.4211044766893634e-05,0.5146261591423446,10.17437259788254,0.0
0.08,0.03,0.004,12,True,4.085500000000455,0.10616990198283428,0.7690449707855579,347.8397360164865,9.422324021695015,0.5092161748652868,0.08697734432448335,0.0010838336019541883,0.057337647142971224,0.012165048459874749,0.004693838148510661,0.0010496677217878725,0.0016916237397697179,0.003011337228318354,1.3656639817761454e-05,0.5092161748652868,10.556601227494834,0.0
0.08,0.03,0.004,13,True,6.065499999999358,0.4340390538547061,3.442341416050625,227.03121839697087,9.63266535273125,0.5106823465188471,0.13150213979424194,0.0031602170290511893,0.05276512574660295,0.025842514773255526,0.0068446497361148734,0.00023159837315526422,0.00383939734133819,0.0028413750731413057,1.0071496504630682e-05,0.5106823465188471,10.761548012689753,0.0
0.08,0.03,0.004,14,True,3.6455000000003848,0.8664244290822551,6.38229438468129,202.62362290203663,9.381642883894859,0.46458555040672866,0.1318565825616924,0.002979344988679685,0.028047333341712825,0.023460264722805206,0.022517857178019643,0.001923952442364494,0.002645089626439942,0.00328694026759358,6.957465863408183e-05,0.46458555040672866,10.094407449984567,0.0
0.08,0.03,0.004,15,True,1.8504999999998517,0.11191446721360966,0.5876088347964353,160.18940844592402,9.509173193163875,0.4635290062633226,0.14927548515257855,0.002341415082513897,0.05079085556680287,0.015576948671442846,0.001173860694578235,0.001714791771101193,0.0014387362801707927,0.0031563141306264137,2.547831869663868e-05,0.4635290062633226,10.747204198879444,0.0
0.08,0.04,0.004,0,True,1.3804999999999035,0.15640498275856832,0.7926241037908416,137.17593656214848,9.922557908534285,0.47253699911240404,0.15972114024661768,0.0021244856490258636,0.023489335688193516,0.008901417526596284,0.00043269248631363886,0.0024398107176008175,0.0037382667318331653,0.0028199073273015396,7.210319823797473e-05,0.47253699911240404,10.68108713915643,0.0
0.08,0.04,0.004,1,True,1.3154999999999106,0.12276265864594427,0.5348951523664297,124.15853653434385,8.078862373371678,0.42113225285263856,0.11369426843225255,0.001708156019624724,0.057523184816296764,0.011171511479831942,0.0248355844496532,0.0009354943560314564,0.0022699793469177273,0.0034831077814613254,3.0286949087099423e-05,0.4731577435179982,9.212803007193706,0.0
0.08,0.04,0.004,2,True,1.5254999999998875,0.726447585791948,4.71514125746494,162.70265668300942,9.651090576493164,0.3179994560301361,0.03872124888240602,0.0011044052733180985,0.024924557170706164,0.025912966293074165,0.0024063537379950413,0.001800301577896962,0.003185681580435384,0.0015637032200998104,1.161067493821754e-05,0.444596814262228,10.231888726552896,0.0
0.08,0.04,0.004,3,True,1.4454999999998963,0.7694961357052743,4.796170731771371,143.12911175846628,8.933244324693906,0.13718475922849221,0.03074596138917962,0.0008127017608135093,0.021840525329804985,0.02562803823454073,0.015240966464155783,0.00028238592672119757,0.0022993808207094216,0.0024371538944225023,1.5412303097482646e-05,0.49239602374655833,9.352126819818665,0.0
0.08,0.04,0.004,4,True,1.8704999999998495,0.42866908250135305,2.687909639005274,148.71488885386015,9.128895696906946,0.5066500685155163,0.10304430983846397,0.0036220599140287797,0.03556637764071808,0.02947736152556949,0.002116282156798607,0.0018220674959850889,0.0021294597531318175,0.0034057036209574217,1.60420785683912e-05,0.5066500685155163,10.048268349666515,0.0
0.08,0.04,0.004,5,True,1.3904999999999024,0.31438517734321675,0.7523864804985934,140.38392583133762,9.259602851090666,0.4210708019156255,0.1415639953817974,0.002847440277994798,0.05039703948682469,0.019337162342927122,0.0074822626339227484,0.0001617921071449693,0.002150106642356555,0.002225419616259996,1.1304406335961537e-05,0.4210708019156255,10.784801797232584,0.0
0.08,0.04,0.004,6,True,1.3954999999999018,0.10389530196186945,0.35848328028859816,140.31000036182968,8.831985595658603,0.32174694595346476,0.08501396923169355,0.0017884136569469048,0.027163543490666922,0.01611947927549832,0.009804302396366918,0.0029623349705594,0.002898268817821438,0.003022971791513481,2.4438083011449394e-05,0.4867114367610584,9.367174052139356,0.0
0.08,0.04,0.004,7,True,3.1155000000002078,1.6731893415532213,9.935484782110644,362.4329226664458,8.959005711878348,0.49889522059021285,0.08398527038970298,0.0020809973356412242,0.05486069004847877,0.025065085185394256,0.005895910446750368,0.0009004988547336763,0.003620660336188786,0.0010157959136967243,9.243566384669972e-05,0.49889522059021285,9.925295980985247,0.0
0.08,0.04,0.004,8,True,1.4604999999998947,0.5573400778889819,3.1717265017882283,132.93842651320767,8.550107945433355,0.2802242805070881,0.07545826033483304,0.001237666433073275,0.059363842166896275,0.015011638446681368,0.020644162864735433,0.0026096895350886484,0.002173254419617582,0.0023136456193683964,2.7440165521545802e-05,0.4271231740331686,9.94314245206847,0.0
0.08,0.04,0.004,9,True,1.7804999999998594,1.4064961610977336,7.87605296123596,144.98662563974503,9.015996753598516,0.41876512438463015,0.1347556715131018,0.0031903885322791745,0.024340860454377767,0.02126925930113436,0.02035579469014759,0.002148223888810696,0.0037461403614715227,0.003581180947548654,0.00012020741258969977,0.41876512438463015,9.875646939803113,0.0
0.08,0.04,0.004,10,True,1.8404999999998528,1.326717506919872,6.716538033349911,154.31423301404158,9.385591837176625,0.4602529357301176,0.11827197471592446,0.003704716329310304,0.02038409050395734,0.026225787476039677,0.003908196843223018,0.0015384138493096946,0.0014077588120615199,0.0030671094393433934,9.771745351894099e-05,0.4602529357301176,10.716444487502452,0.0
0.08,0.04,0.004,11,True,1.5054999999998897,0.9039409817682691,5.987023487166752,154.33171430656284,9.480986668697083,0.31442898558994,0.04255198853346603,0.0008758319652234292,0.03496389312200575,0.021232963867713863,0.0007510764828339755,0.0004437782537323678,0.0037846330688811086,0.0012112617284625905,1.4211044766893634e-05,0.5146261591423446,10.17437259788254,0.0
0.08,0.04,0.004,12,True,1.475499999999893,0.23926129512175526,1.1013622437688197,146.6624586663993,9.361810759239962,0.3105745216164399,0.07200475331332486,0.0010838336019541883,0.057337647142971224,0.012165048459874749,0.004693838148510661,0.0010496677217878725,0.0016916237397697179,0.003011337228318354,1.3656639817761454e-05,0.5092161748652868,10.556601227494834,0.0
0.08,0.04,0.004,13,True,1.4154999999998996,0.5218863030688634,3.2561044628448177,151.37696873860963,9.342139732756054,0.45248937502941006,0.10721574041161769,0.0031602170290511893,0.05276512574660295,0.025842514773255526,0.0068446497361148734,0.00023159837315526422,0.00383939734133819,0.0028413750731413057,1.0071496504630682e-05,0.5106823465188471,10.761548012689753,0.0
0.08,0.04,0.004,14,True,1.8604999999998506,0.8852235780555326,5.15740613648494,146.63264698565308,9.299315311681104,0.46458555040672866,0.10150280494235327,0.002979344988679685,0.028047333341712825,0.023460264722805206,0.022517857178019643,0.001923952442364494,0.002645089626439942,0.00328694026759358,6.957465863408183e-05,0.46458555040672866,10.094407449984567,0.0
0.08,0.04,0.004,15,True,1.475499999999893,0.08725036278909394,0.4776455582907247,138.70770240663728,9.393548456378824,0.4635290062633226,0.11517195616881994,0.002341415082513897,0.05079085556680287,0.015576948671442846,0.001173860694578235,0.001714791771101193,0.0014387362801707927,0.0031563141306264137,2.547831869663868e-05,0.4635290062633226,10.747204198879444,0.0
0.08,0.05,0.004,0,True,1.0254999999999426,0.1390266745684343,0.4623525940316813,134.38811066570477,9.780376732527394,0.47253699911240404,0.1314034890626216,0.0021244856490258636,0.023489335688193516,0.008901417526596284,0.00043269248631363886,0.0024398107176008175,0.0037382667318331653,0.0028199073273015396,7.210319823797473e-05,0.47253699911240404,10.68108713915643,0.0
0.08,0.05,0.004,1,True,1.4104999999999002,3.165560310977575,50.07203764748212,115.3566874363372,8.072977374280326,0.4731577435179982,0.31069195556285867,0.001708156019624724,0.057523184816296764,0.011171511479831942,0.0248355844496532,0.0009354943560314564,0.0022699793469177273,0.0034831077814613254,3.0286949087099423e-05,0.4731577435179982,9.212803007193706,0.0
0.08,0.05,0.004,2,True,1.1704999999999266,0.8169790641048672,4.677258802915274,158.41912325608604,9.639718478020177,0.25828113398678476,0.034419993211231265,0.0011044052733180985,0.024924557170706164,0.025912966293074165,0.0024063537379950413,0.001800301577896962,0.003185681580435384,0.0015637032200998104,1.161067493821754e-05,0.444596814262228,10.231888726552896,0.0
0.08,0.05,0.004,3,True,1.130499999999931,0.9305984568493955,5.19009143798718,145.32941639114955,8.932271026223477,0.17100020887507214,0.027866534894480606,0.0008127017608135093,0.021840525329804985,0.02562803823454073,0.015240966464155783,0.00028238592672119757,0.0022993808207094216,0.0024371538944225023,1.5412303097482646e-05,0.49239602374655833,9.352126819818665,0.0
0.08,0.05,0.004,4,True,1.4454999999998963,0.5499735510803738,2.8331235345232435,143.85283505085692,9.135224328137568,0.4975768618741581,0.08597281153131985,0.0036220599140287797,0.03556637764071808,0.02947736152556949,0.002116282156798607,0.0018220674959850889,0.0021294597531318175,0.0034057036209574217,1.60420785683912e-05,0.5066500685155163,10.048268349666515,0.0
0.08,0.05,0.004,5,True,1.4454999999998963,0.8546554255259978,2.6734516510508475,138.67047451275954,9.2543681968557,0.4210708019156255,0.22407443823758622,0.002847440277994798,0.05039703948682469,0.019337162342927122,0.0074822626339227484,0.0001617921071449693,0.002150106642356555,0.002225419616259996,1.1304406335961537e-05,0.4210708019156255,10.784801797232584,0.0
0.08,0.05,0.004,6,True,1.0554999999999393,0.09749459738760147,0.34062552228735415,135.09259166235861,8.823510268583025,0.389179201264689,0.06792877658629438,0.0017884136569469048,0.027163543490666922,0.01611947927549832,0.009804302396366918,0.0029623349705594,0.002898268817821438,0.003022971791513481,2.4438083011449394e-05,0.4867114367610584,9.367174052139356,0.0
0.08,0.05,0.004,7,True,1.4504999999998958,1.8088757908426834,8.950939646408822,138.45221964158142,8.800208033687449,0.3139551783634867,0.07570967736533751,0.0020809973356412242,0.05486069004847877,0.025065085185394256,0.005895910446750368,0.0009004988547336763,0.003620660336188786,0.0010157959136967243,9.243566384669972e-05,0.49889522059021285,9.925295980985247,0.0
0.08,0.05,0.004,8,True,1.085499999999936,0.6894434526626007,3.406152181426603,127.19881796178183,8.549769925719742,0.394934982612842,0.06767090014752208,0.001237666433073275,0.059363842166896275,0.015011638446681368,0.020644162864735433,0.0026096895350886484,0.002173254419617582,0.0023136456193683964,2.7440165521545802e-05,0.4271231740331686,9.94314245206847,0.0
0.08,0.05,0.004,9,True,1.4404999999998969,1.4165894764415636,6.427321477620397,138.1787582015876,9.007955870453408,0.41876512438463015,0.11115498260686155,0.0031903885322791745,0.024340860454377767,0.02126925930113436,0.02035579469014759,0.002148223888810696,0.0037461403614715227,0.003581180947548654,0.00012020741258969977,0.41876512438463015,9.875646939803113,0.0
0.08,0.05,0.004,10,True,1.430499999999898,1.3735634895075572,5.976124060935178,147.34778784678718,9.360204489202191,0.4602529357301176,0.09627884833847414,0.003704716329310304,0.02038409050395734,0.026225787476039677,0.003908196843223018,0.0015384138493096946,0.0014077588120615199,0.0030671094393433934,9.771745351894099e-05,0.4602529357301176,10.716444487502452,0.0
0.08,0.05,0.004,11,True,1.130499999999931,1.0598334651869656,5.834388323688016,148.46500718316042,9.470328708354351,0.2260742552239065,0.03972241751085499,0.0008758319652234292,0.03496389312200575,0.021232963867713863,0.0007510764828339755,0.0004437782537323678,0.0037846330688811086,0.0012112617284625905,1.4211044766893634e-05,0.5146261591423446,10.17437259788254,0.0
0.08,0.05,0.004,12,True,1.0504999999999398,2.995564690684522,42.30904758806359,142.75274995740745,9.354295256278661,0.5092161748652868,0.3125065549645096,0.0010838336019541883,0.057337647142971224,0.012165048459874749,0.004693838148510661,0.0010496677217878725,0.0016916237397697179,0.003011337228318354,1.3656639817761454e-05,0.5092161748652868,10.556601227494834,0.0
0.08,0.05,0.004,13,True,1.4904999999998914,0.6409597116052471,3.504555472295993,145.40477214102384,9.310805779266882,0.45927224009960305,0.09275210539679586,0.0031602170290511893,0.05276512574660295,0.025842514773255526,0.0068446497361148734,0.00023159837315526422,0.00383939734133819,0.0028413750731413057,1.0071496504630682e-05,0.5106823465188471,10.761548012689753,0.0
0.08,0.05,0.004,14,True,1.4704999999998936,0.9708746706283823,4.682659606006242,146.63633378579803,9.3163378001285,0.46458555040672866,0.08396118102306245,0.002979344988679685,0.028047333341712825,0.023460264722805206,0.022517857178019643,0.001923952442364494,0.002645089626439942,0.00328694026759358,6.957465863408183e-05,0.46458555040672866,10.094407449984567,0.0
0.08,0.05,0.004,15,True,1.1154999999999327,0.10638357277683876,0.27768407659481237,147.50274965549306,9.467675849958798,0.4635290062633226,0.0983461313652496,0.002341415082513897,0.05079085556680287,0.015576948671442846,0.001173860694578235,0.001714791771101193,0.0014387362801707927,0.0031563141306264137,2.547831869663868e-05,0.4635290062633226,10.747204198879444,0.0
0.08,0.06,0.004,0,True,1.030499999999942,0.15100391151471826,0.4774119467243066,131.93531666817807,9.519207373925784,0.4706033267596527,0.11275915085600836,0.0021244856490258636,0.023489335688193516,0.008901417526596284,0.00043269248631363886,0.0024398107176008175,0.0037382667318331653,0.0028199073273015396,7.210319823797473e-05,0.47253699911240404,10.68108713915643,0.0
0.08,0.06,0.004,1,True,1.0154999999999437,3.8279031089208124,42.780409870759954,114.79768366332743,8.06816972064873,0.4731577435179982,0.2995931972356857,0.001708156019624724,0.057523184816296764,0.011171511479831942,0.0248355844496532,0.0009354943560314564,0.0022699793469177273,0.0034831077814613254,3.0286949087099423e-05,0.4731577435179982,9.212803007193706,0.0
0.08,0.06,0.004,2,True,1.2104999999999222,0.9853668272307478,4.539544965234895,153.8670776784062,9.632713608907348,0.36407876683996987,0.03213644645812822,0.0011044052733180985,0.024924557170706164,0.025912966293074165,0.0024063537379950413,0.001800301577896962,0.003185681580435384,0.0015637032200998104,1.161067493821754e-05,0.444596814262228,10.231888726552896,0.0
0.08,0.06,0.004,3,True,1.175499999999926,1.1055518529264698,5.132696149328188,135.7209734285999,8.922278431950817,0.21279344650464813,0.027398088527742233,0.0008127017608135093,0.021840525329804985,0.02562803823454073,0.015240966464155783,0.00028238592672119757,0.0022993808207094216,0.0024371538944225023,1.5412303097482646e-05,0.49239602374655833,9.352126819818665,0.0
0.08,0.06,0.004,4,True,1.910499999999845,0.6641281892610404,2.8281018766802823,201.15765991082583,9.148077142361227,0.5066500685155163,0.07691625318003817,0.0036220599140287797,0.03556637764071808,0.02947736152556949,0.002116282156798607,0.0018220674959850889,0.0021294597531318175,0.0034057036209574217,1.60420785683912e-05,0.5066500685155163,10.048268349666515,0.0
0.08,0.06,0.004,5,True,1.2004999999999233,1.0286284975174655,3.4675704852166174,162.35679407422117,9.193511441070816,0.4210708019156255,0.23801680980480294,0.002847440277994798,0.05039703948682469,0.019337162342927122,0.0074822626339227484,0.0001617921071449693,0.002150106642356555,0.002225419616259996,1.1304406335961537e-05,0.4210708019156255,10.784801797232584,0.0
0.08,0.06,0.004,6,True,1.0904999999999354,0.08526549436801827,0.21244595732265117,128.06148060863026,8.814471487827683,0.4867114367610584,0.061349239306556294,0.0017884136569469048,0.027163543490666922,0.01611947927549832,0.009804302396366918,0.0029623349705594,0.002898268817821438,0.003022971791513481,2.4438083011449394e-05,0.4867114367610584,9.367174052139356,0.0
0.08,0.06,0.004,7,True,1.1704999999999266,1.8165272162055162,8.087995758199895,155.6527929055351,8.787253875458681,0.32500918032989384,0.06834473963823476,0.0020809973356412242,0.05486069004847877,0.025065085185394256,0.005895910446750368,0.0009004988547336763,0.003620660336188786,0.0010157959136967243,9.243566384669972e-05,0.49889522059021285,9.925295980985247,0.0
0.08,0.06,0.004,8,True,1.130499999999931,0.7978850581998747,3.4904362541800817,124.60873047057544,8.535750861608367,0.4271231740331686,0.06514424976741492,0.001237666433073275,0.059363842166896275,0.015011638446681368,0.020644162864735433,0.0026096895350886484,0.002173254419617582,0.0023136456193683964,2.7440165521545802e-05,0.4271231740331686,9.94314245206847,0.0
0.08,0.06,0.004,9,True,1.5004999999998903,1.4343218058740543,5.975823498084555,132.09669512548723,8.978571988005525,0.41876512438463015,0.0970336067593858,0.0031903885322791745,0.024340860454377767,0.02126925930113436,0.02035579469014759,0.002148223888810696,0.0037461403614715227,0.003581180947548654,0.00012020741258969977,0.41876512438463015,9.875646939803113,0.0
0.08,0.06,0.004,10,True,1.0954999999999349,1.3357340276226422,5.271885409973981,137.18591316293015,9.289055117176112,0.4602529357301176,0.08319079722260211,0.003704716329310304,0.02038409050395734,0.026225787476039677,0.003908196843223018,0.0015384138493096946,0.0014077588120615199,0.0030671094393433934,9.771745351894099e-05,0.4602529357301176,10.716444487502452,0.0
0.08,0.06,0.004,11,True,1.1704999999999266,1.1933911651042495,5.9455246627427165,146.86378689489783,9.467283636355583,0.3266641249469117,0.03803995388429908,0.0008758319652234292,0.03496389312200575,0.021232963867713863,0.0007510764828339755,0.0004437782537323678,0.0037846330688811086,0.0012112617284625905,1.4211044766893634e-05,0.5146261591423446,10.17437259788254,0.0
0.08,0.06,0.004,12,True,1.0904999999999354,3.5089662280834033,38.136819077945304,140.00254637252314,9.345342249986174,0.5092161748652868,0.31475494920818586,0.0010838336019541883,0.057337647142971224,0.012165048459874749,0.004693838148510661,0.0010496677217878725,0.0016916237397697179,0.003011337228318354,1.3656639817761454e-05,0.5092161748652868,10.556601227494834,0.0
0.08,0.06,0.004,13,True,2.2554999999999206,0.809520257498497,3.42461317601876,401.8945644188064,9.25153348176439,0.5106823465188471,0.08389884023032723,0.0031602170290511893,0.05276512574660295,0.025842514773255526,0.0068446497361148734,0.00023159837315526422,0.00383939734133819,0.0028413750731413057,1.0071496504630682e-05,0.5106823465188471,10.761548012689753,0.0
0.08,0.06,0.004,14,True,1.9404999999998418,1.025240975835787,4.316614540718926,208.6702390064213,9.30829709477623,0.46458555040672866,0.07201943386074837,0.002979344988679685,0.028047333341712825,0.023460264722805206,0.022517857178019643,0.001923952442364494,0.002645089626439942,0.00328694026759358,6.957465863408183e-05,0.46458555040672866,10.094407449984567,0.0
0.08,0.06,0.004,15,True,1.1354999999999305,0.09379234716412871,0.1937224716078474,137.70187215465276,9.453235771229831,0.44987814353810196,0.08335094326700404,0.002341415082513897,0.05079085556680287,0.015576948671442846,0.001173860694578235,0.001714791771101193,0.0014387362801707927,0.0031563141306264137,2.547831869663868e-05,0.4635290062633226,10.747204198879444,0.0
0.08,0.08,0.004,0,True,0.6654999999999821,2.4706160308618146,21.80232851745393,129.05578771799614,9.449101336239789,0.47253699911240404,0.34639149418513865,0.0021244856490258636,0.023489335688193516,0.008901417526596284,0.00043269248631363886,0.0024398107176008175,0.0037382667318331653,0.0028199073273015396,7.210319823797473e-05,0.47253699911240404,10.68108713915643,0.0
0.08,0.08,0.004,1,True,3.5905000000003664,4.798703561132969,60.20956351314456,113.12062927677742,8.055970476030218,0.4731577435179982,0.29540636004105214,0.001708156019624724,0.057523184816296764,0.011171511479831942,0.0248355844496532,0.0009354943560314564,0.0022699793469177273,0.0034831077814613254,3.0286949087099423e-05,0.4731577435179982,9.212803007193706,0.0
0.08,0.08,0.004,2,True,0.8304999999999639,1.2063554783087893,4.788556908262022,142.41651432721756,9.624558100789445,0.17692789377628476,0.029457974766489273,0.0011044052733180985,0.024924557170706164,0.025912966293074165,0.0024063537379950413,0.001800301577896962,0.003185681580435384,0.0015637032200998104,1.161067493821754e-05,0.444596814262228,10.231888726552896,0.0
0.08,0.08,0.004,3,True,0.7404999999999738,1.6747381543854696,4.483502978661873,132.13844802535368,9.029675964247827,0.14110400779002663,0.03171791993111573,0.0008127017608135093,0.021840525329804985,0.02562803823454073,0.015240966464155783,0.00028238592672119757,0.0022993808207094216,0.0024371538944225023,1.5412303097482646e-05,0.49239602374655833,9.352126819818665,0.0
0.08,0.08,0.004,4,True,1.2654999999999161,0.8114625584595088,2.846935689514124,131.22235208736438,9.036715075718444,0.49750732132728515,0.06321506276708158,0.0036220599140287797,0.03556637764071808,0.02947736152556949,0.002116282156798607,0.0018220674959850889,0.0021294597531318175,0.0034057036209574217,1.60420785683912e-05,0.5066500685155163,10.048268349666515,0.0
0.08,0.08,0.004,5,True,1.185499999999925,1.4411668905522081,4.1442379286564135,129.00515595919796,9.098593978442334,0.4210708019156255,0.25719851469340616,0.002847440277994798,0.05039703948682469,0.019337162342927122,0.0074822626339227484,0.0001617921071449693,0.002150106642356555,0.002225419616259996,1.1304406335961537e-05,0.4210708019156255,10.784801797232584,0.0
0.08,0.08,0.004,6,True,0.675499999999981,0.11372315412374424,0.19828693635511818,125.10037433734284,8.802879206735168,0.4867114367610584,0.048705084148033734,0.0017884136569469048,0.027163543490666922,0.01611947927549832,0.009804302396366918,0.0029623349705594,0.002898268817821438,0.003022971791513481,2.4438083011449394e-05,0.4867114367610584,9.367174052139356,0.0
0.08,0.08,0.004,7,True,1.1154999999999327,1.8203749144272403,6.949159011975351,125.61200624534857,8.77081314571522,0.47767509558026233,0.05933009977807745,0.0020809973356412242,0.05486069004847877,0.025065085185394256,0.005895910446750368,0.0009004988547336763,0.003620660336188786,0.0010157959136967243,9.243566384669972e-05,0.49889522059021285,9.925295980985247,0.0
0.08,0.08,0.004,8,True,0.6954999999999788,0.9762613111319696,3.56397155538514,120.20432731374716,8.521623919634663,0.3727609844465723,0.060595083299304096,0.001237666433073275,0.059363842166896275,0.015011638446681368,0.020644162864735433,0.0026096895350886484,0.002173254419617582,0.0023136456193683964,2.7440165521545802e-05,0.4271231740331686,9.94314245206847,0.0
0.08,0.08,0.004,9,True,1.2554999999999172,1.4456638972642644,4.8126134186905665,131.1310718319245,8.95613125426118,0.41876512438463015,0.07712075235964767,0.0031903885322791745,0.024340860454377767,0.02126925930113436,0.02035579469014759,0.002148223888810696,0.0037461403614715227,0.003581180947548654,0.00012020741258969977,0.41876512438463015,9.875646939803113,0.0
0.08,0.08,0.004,10,True,1.2354999999999194,1.4009158995095965,4.655044358424579,136.46648901154794,9.251748622810915,0.4602529357301176,0.06579489879538772,0.003704716329310304,0.02038409050395734,0.026225787476039677,0.003908196843223018,0.0015384138493096946,0.0014077588120615199,0.0030671094393433934,9.771745351894099e-05,0.4602529357301176,10.716444487502452,0.0
0.08,0.08,0.004,11,True,0.8004999999999672,1.497275969736509,6.043292069919136,140.41536942388097,9.461568458031055,0.1562130774823324,0.03640597120992319,0.0008758319652234292,0.03496389312200575,0.021232963867713863,0.0007510764828339755,0.0004437782537323678,0.0037846330688811086,0.0012112617284625905,1.4211044766893634e-05,0.5146261591423446,10.17437259788254,0.0
0.08,0.08,0.004,12,True,0.7104999999999771,4.928695231234112,44.00301950337846,131.93277795796442,9.34065620707678,0.5092161748652868,0.3123853552489062,0.0010838336019541883,0.057337647142971224,0.012165048459874749,0.004693838148510661,0.0010496677217878725,0.0016916237397697179,0.003011337228318354,1.3656639817761454e-05,0.5092161748652868,10.556601227494834,0.0
0.08,0.08,0.004,13,True,1.2504999999999178,1.0928492022990808,3.462422424133768,136.2368054230867,9.230238927768008,0.5106823465188471,0.07483621267165501,0.0031602170290511893,0.05276512574660295,0.025842514773255526,0.0068446497361148734,0.00023159837315526422,0.00383939734133819,0.0028413750731413057,1.0071496504630682e-05,0.5106823465188471,10.761548012689753,0.0
0.08,0.08,0.004,14,True,1.23049999999992,1.016606673853262,3.6113791334735525,133.33524361643683,9.222526194126333,0.456305809747826,0.0579081117011859,0.002979344988679685,0.028047333341712825,0.023460264722805206,0.022517857178019643,0.001923952442364494,0.002645089626439942,0.00328694026759358,6.957465863408183e-05,0.46458555040672866,10.094407449984567,0.0
0.08,0.08,0.004,15,True,0.730499999999975,0.11615621725467526,0.227384938165382,132.69805574343428,9.386416254884502,0.4635290062633226,0.06686510630431935,0.002341415082513897,0.05079085556680287,0.015576948671442846,0.001173860694578235,0.001714791771101193,0.0014387362801707927,0.0031563141306264137,2.547831869663868e-05,0.4635290062633226,10.747204198879444,0.0
0.1,0.03,0.004,0,True,5.410499999999721,0.21285648055550796,1.7928566818206266,423.87182744230546,9.922441041858585,0.47253699911240404,0.24544056320560112,0.0021244856490258636,0.023489335688193516,0.008901417526596284,0.00043269248631363886,0.0024398107176008175,0.0037382667318331653,0.0028199073273015396,7.210319823797473e-05,0.47253699911240404,10.68108713915643,0.0
0.1,0.03,0.004,1,True,2.3654999999999573,0.14197511472134638,0.8894272935864932,152.63423231296312,8.088746351507426,0.4731577435179982,0.17871393534584198,0.001708156019624724,0.057523184816296764,0.011171511479831942,0.0248355844496532,0.0009354943560314564,0.0022699793469177273,0.0034831077814613254,3.0286949087099423e-05,0.4731577435179982,9.212803007193706,0.0
0.1,0.03,0.004,2,True,3.6205000000003764,0.46396674288398365,4.200082506180059,421.2157146560916,9.725150305383746,0.444596814262228,0.05618518444845467,0.0011044052733180985,0.024924557170706164,0.025912966293074165,0.0024063537379950413,0.001800301577896962,0.003185681580435384,0.0015637032200998104,1.161067493821754e-05,0.444596814262228,10.231888726552896,0.0
0.1,0.03,0.004,3,True,2.085499999999864,0.5619871593066865,5.190882905500548,191.9036547389653,8.939202555110944,0.22735905942018764,0.043559775454648904,0.0008127017608135093,0.021840525329804985,0.02562803823454073,0.015240966464155783,0.00028238592672119757,0.0022993808207094216,0.0024371538944225023,1.5412303097482646e-05,0.49239602374655833,9.352126819818665,0.0
0.1,0.03,0.004,4,False,inf,83.5237347231706,76.4095373517395,199.16434506006874,9.28365785207366,0.5066500685155163,0.177586148976001,0.0036220599140287797,0.03556637764071808,0.02947736152556949,0.002116282156798607,0.0018220674959850889,0.0021294597531318175,0.0034057036209574217,1.60420785683912e-05,0.5066500685155163,10.048268349666515,0.0
0.1,0.03,0.004,5,True,4.270500000000353,0.24982788495464456,3.2201451852086715,393.902838024661,9.277999314364598,0.4210708019156255,0.1821413010733359,0.002847440277994798,0.05039703948682469,0.019337162342927122,0.0074822626339227484,0.0001617921071449693,0.002150106642356555,0.002225419616259996,1.1304406335961537e-05,0.4210708019156255,10.784801797232584,0.0
0.1,0.03,0.004,6,True,2.0304999999998454,0.11274263432148762,0.6170774987484192,182.07531033576663,8.840427500272362,0.42551172431672873,0.13067155200534855,0.0017884136569469048,0.027163543490666922,0.01611947927549832,0.009804302396366918,0.0029623349705594,0.002898268817821438,0.003022971791513481,2.4438083011449394e-05,0.4867114367610584,9.367174052139356,0.0
0.1,0.03,0.004,7,True,4.210500000000386,1.1397167360437106,11.003407327166022,228.3001110118836,8.927579707107725,0.49889522059021285,0.11281774534683202,0.0020809973356412242,0.05486069004847877,0.025065085185394256,0.005895910446750368,0.0009004988547336763,0.003620660336188786,0.0010157959136967243,9.243566384669972e-05,0.49889522059021285,9.925295980985247,0.0
0.1,0.03,0.004,8,True,2.070499999999859,0.1107844001992281,1.0128529602378271,178.9238158271324,8.557361895150832,0.39787378640944315,0.09946970901114174,0.001237666433073275,0.059363842166896275,0.015011638446681368,0.020644162864735433,0.0026096895350886484,0.002173254419617582,0.0023136456193683964,2.7440165521545802e-05,0.4271231740331686,9.94314245206847,0.0
0.1,0.03,0.004,9,False,inf,88.94752994702556,117.22934305009916,513.8806051725962,9.298956240262525,0.41876512438463015,0.1598022533301554,0.0031903885322791745,0.024340860454377767,0.02126925930113436,0.02035579469014759,0.002148223888810696,0.0037461403614715227,0.003581180947548654,0.00012020741258969977,0.41876512438463015,9.875646939803113,0.0
0.1,0.03,0.004,10,True,2.6055000000000375,0.7982225603371552,6.878180107808647,195.17068590354071,9.779190309795275,0.4602529357301176,0.17081185107499688,0.003704716329310304,0.02038409050395734,0.026225787476039677,0.003908196843223018,0.0015384138493096946,0.0014077588120615199,0.0030671094393433934,9.771745351894099e-05,0.4602529357301176,10.716444487502452,0.0
0.1,0.03,0.004,11,True,2.215499999999907,0.5629344685796491,5.380463026893885,220.7538303521867,9.47836933938768,0.20842094614634124,0.05585689766516955,0.0008758319652234292,0.03496389312200575,0.021232963867713863,0.0007510764828339755,0.0004437782537323678,0.0037846330688811086,0.0012112617284625905,1.4211044766893634e-05,0.5146261591423446,10.17437259788254,0.0
0.1,0.03,0.004,12,True,4.390500000000286,0.1148821007560623,0.9446537546205415,383.9421328997756,9.381965429229611,0.5092161748652868,0.10435039116388928,0.0010838336019541883,0.057337647142971224,0.012165048459874749,0.004693838148510661,0.0010496677217878725,0.0016916237397697179,0.003011337228318354,1.3656639817761454e-05,0.5092161748652868,10.556601227494834,0.0
0.1,0.03,0.004,13,False,inf,77.911813285577,93.7734312434332,287.93743077514057,9.596793950116187,0.5106823465188471,0.1626036532037008,0.0031602170290511893,0.05276512574660295,0.025842514773255526,0.0068446497361148734,0.00023159837315526422,0.00383939734133819,0.0028413750731413057,1.0071496504630682e-05,0.5106823465188471,10.761548012689753,0.0
0.1,0.03,0.004,14,True,3.230500000000246,0.2507926030467143,2.5294320960778447,209.69314124667542,9.43248686134894,0.46458555040672866,0.1554543567654027,0.002979344988679685,0.028047333341712825,0.023460264722805206,0.022517857178019643,0.001923952442364494,0.002645089626439942,0.00328694026759358,6.957465863408183e-05,0.46458555040672866,10.094407449984567,0.0
0.1,0.03,0.004,15,True,2.1504999999998855,0.11388523456401778,0.7177598374576926,204.01559197271567,9.493575994663214,0.4635290062633226,0.18038138166016587,0.002341415082513897,0.05079085556680287,0.015576948671442846,0.001173860694578235,0.001714791771101193,0.0014387362801707927,0.0031563141306264137,2.547831869663868e-05,0.4635290062633226,10.747204198879444,0.0
0.1,0.04,0.004,0,True,1.6054999999998787,0.1934862952844002,1.4025310350507527,172.87032170172296,9.90811715512725,0.47253699911240404,0.1974933877361106,0.0021244856490258636,0.023489335688193516,0.008901417526596284,0.00043269248631363886,0.0024398107176008175,0.0037382667318331653,0.0028199073273015396,7.210319823797473e-05,0.47253699911240404,10.68108713915643,0.0
0.1,0.04,0.004,1,True,1.9604999999998396,0.12702708560265297,0.6148866306039248,153.227690769509,8.085660572909415,0.4731577435179982,0.1368906201914601,0.001708156019624724,0.057523184816296764,0.011171511479831942,0.0248355844496532,0.0009354943560314564,0.0022699793469177273,0.0034831077814613254,3.0286949087099423e-05,0.4731577435179982,9.212803007193706,0.0
0.1,0.04,0.004,2,True,1.9504999999998407,0.5979216160313793,4.401206741403689,203.14159360498968,9.6517875478587,0.444596814262228,0.04438058020011884,0.0011044052733180985,0.024924557170706164,0.025912966293074165,0.0024063537379950413,0.001800301577896962,0.003185681580435384,0.0015637032200998104,1.161067493821754e-05,0.444596814262228,10.231888726552896,0.0
0.1,0.04,0.004,3,True,1.6704999999998715,0.6393458114192202,4.946808639283007,179.2290705354625,8.935188896844451,0.23200980903908414,0.03478910213736662,0.0008127017608135093,0.021840525329804985,0.02562803823454073,0.015240966464155783,0.00028238592672119757,0.0022993808207094216,0.0024371538944225023,1.5412303097482646e-05,0.49239602374655833,9.352126819818665,0.0
0.1,0.04,0.004,4,True,1.6504999999998737,0.09251932360195239,0.5441338051969727,188.43222808317992,9.247658987016207,0.5066500685155163,0.12262745267922266,0.0036220599140287797,0.03556637764071808,0.02947736152556949,0.002116282156798607,0.0018220674959850889,0.0021294597531318175,0.0034057036209574217,1.60420785683912e-05,0.5066500685155163,10.048268349666515,0.0
0.1,0.04,0.004,5,True,1.6254999999998765,0.425948841741325,1.3666472127511602,182.360184020774,9.224644717190644,0.4210708019156255,0.20087569292761775,0.002847440277994798,0.05039703948682469,0.019337162342927122,0.0074822626339227484,0.0001617921071449693,0.002150106642356555,0.002225419616259996,1.1304406335961537e-05,0.4210708019156255,10.784801797232584,0.0
0.1,0.04,0.004,6,True,1.575499999999882,0.09582430521698958,0.38883933673563514,169.5634197017423,8.835467757843736,0.4560036678907488,0.10094646583871203,0.0017884136569469048,0.027163543490666922,0.01611947927549832,0.009804302396366918,0.0029623349705594,0.002898268817821438,0.003022971791513481,2.4438083011449394e-05,0.4867114367610584,9.367174052139356,0.0
0.1,0.04,0.004,7,True,1.6004999999998792,1.210576493529831,8.967860823241894,173.02414162833048,8.821895333232492,0.49889522059021285,0.09021075630510715,0.0020809973356412242,0.05486069004847877,0.025065085185394256,0.005895910446750368,0.0009004988547336763,0.003620660336188786,0.0010157959136967243,9.243566384669972e-05,0.49889522059021285,9.925295980985247,0.0
0.1,0.04,0.004,8,True,1.6104999999998781,0.12422634059338664,0.5572598561960571,157.93637499291862,8.552316127827664,0.33185200747092125,0.08101793098978276,0.001237666433073275,0.059363842166896275,0.015011638446681368,0.020644162864735433,0.0026096895350886484,0.002173254419617582,0.0023136456193683964,2.7440165521545802e-05,0.4271231740331686,9.94314245206847,0.0
0.1,0.04,0.004,9,True,2.0604999999998554,0.7112428715990664,5.242048708409535,177.60676238931097,9.155915500417953,0.41876512438463015,0.1546592989876895,0.0031903885322791745,0.024340860454377767,0.02126925930113436,0.02035579469014759,0.002148223888810696,0.0037461403614715227,0.003581180947548654,0.00012020741258969977,0.41876512438463015,9.875646939803113,0.0
0.1,0.04,0.004,10,True,2.115499999999874,0.836225918189533,5.258342086921259,187.0885049211037,9.719961016753572,0.4602529357301176,0.1346251763188245,0.003704716329310304,0.02038409050395734,0.026225787476039677,0.003908196843223018,0.0015384138493096946,0.0014077588120615199,0.0030671094393433934,9.771745351894099e-05,0.4602529357301176,10.716444487502452,0.0
0.1,0.04,0.004,11,True,1.8854999999998479,0.7592777950929781,5.805907169286866,197.38212311957423,9.60093293309522,0.3776399329354222,0.0483356435131274,0.0008758319652234292,0.03496389312200575,0.021232963867713863,0.0007510764828339755,0.0004437782537323678,0.0037846330688811086,0.0012112617284625905,1.4211044766893634e-05,0.5146261591423446,10.17437259788254,0.0
0.1,0.04,0.004,12,True,1.7054999999998677,1.6376847233373275,33.286328839849915,185.39751569660976,9.365200250851185,0.5092161748652868,0.30458502285273287,0.0010838336019541883,0.057337647142971224,0.012165048459874749,0.004693838148510661,0.0010496677217878725,0.0016916237397697179,0.003011337228318354,1.3656639817761454e-05,0.5092161748652868,10.556601227494834,0.0
0.1,0.04,0.004,13,True,1.620499999999877,0.42898139781017247,2.883304407681561,190.00789639161647,9.454667488047052,0.5106823465188471,0.1250889631686651,0.0031602170290511893,0.05276512574660295,0.025842514773255526,0.0068446497361148734,0.00023159837315526422,0.00383939734133819,0.0028413750731413057,1.0071496504630682e-05,0.5106823465188471,10.761548012689753,0.0
0.1,0.04,0.004,14,True,1.6404999999998748,0.23633093249106712,1.8224447868411264,198.054959940971,9.427690125082435,0.43942288746905084,0.11780128605479613,0.002979344988679685,0.028047333341712825,0.023460264722805206,0.022517857178019643,0.001923952442364494,0.002645089626439942,0.00328694026759358,6.957465863408183e-05,0.46458555040672866,10.094407449984567,0.0
0.1,0.04,0.004,15,True,1.6504999999998737,0.10509425439103234,0.5350406956381376,179.34405796733662,9.477102066642523,0.4635290062633226,0.14648867990773565,0.002341415082513897,0.05079085556680287,0.015576948671442846,0.001173860694578235,0.001714791771101193,0.0014387362801707927,0.0031563141306264137,2.547831869663868e-05,0.4635290062633226,10.747204198879444,0.0
0.1,0.05,0.004,0,True,1.175499999999926,0.16218047532371105,0.6499174035149571,162.34669572431153,9.880880828529328,0.47253699911240404,0.1595626626037431,0.0021244856490258636,0.023489335688193516,0.008901417526596284,0.00043269248631363886,0.0024398107176008175,0.0037382667318331653,0.0028199073273015396,7.210319823797473e-05,0.47253699911240404,10.68108713915643,0.0
0.1,0.05,0.004,1,True,1.5404999999998858,2.855600771740801,36.87320884845678,137.3179375716107,8.080104811593719,0.4731577435179982,0.30382710896910403,0.001708156019624724,0.057523184816296764,0.011171511479831942,0.0248355844496532,0.0009354943560314564,0.0022699793469177273,0.0034831077814613254,3.0286949087099423e-05,0.4731577435179982,9.212803007193706,0.0
0.1,0.05,0.004,2,True,1.3454999999999073,0.7179684461432504,4.424290827591798,194.83402059321384,9.637437786277516,0.27587105196263445,0.039487507613246896,0.0011044052733180985,0.024924557170706164,0.025912966293074165,0.0024063537379950413,0.001800301577896962,0.003185681580435384,0.0015637032200998104,1.161067493821754e-05,0.444596814262228,10.231888726552896,0.0
0.1,0.05,0.004,3,True,1.2904999999999134,0.8441534434973428,4.548901163702674,187.6257527120304,8.951489263243781,0.22181817274554572,0.031617211384818295,0.0008127017608135093,0.021840525329804985,0.02562803823454073,0.015240966464155783,0.00028238592672119757,0.0022993808207094216,0.0024371538944225023,1.5412303097482646e-05,0.49239602374655833,9.352126819818665,0.0
0.1,0.05,0.004,4,True,1.675499999999871,0.4360695759783974,2.4764003732454474,177.1506989200282,9.22180598302864,0.5066500685155163,0.10193217116806935,0.0036220599140287797,0.03556637764071808,0.02947736152556949,0.002116282156798607,0.0018220674959850889,0.0021294597531318175,0.0034057036209574217,1.60420785683912e-05,0.5066500685155163,10.048268349666515,0.0
0.1,0.05,0.004,5,True,1.675499999999871,0.632997600794646,2.93302381715254,177.5043007658295,9.233727499570277,0.4210708019156255,0.22220709289424126,0.002847440277994798,0.05039703948682469,0.019337162342927122,0.0074822626339227484,0.0001617921071449693,0.002150106642356555,0.002225419616259996,1.1304406335961537e-05,0.4210708019156255,10.784801797232584,0.0
0.1,0.05,0.004,6,True,1.1704999999999266,0.10634986156695127,0.3492858379409809,163.02098328212367,8.830077766501152,0.4867114367610584,0.08434419666296274,0.0017884136569469048,0.027163543490666922,0.01611947927549832,0.009804302396366918,0.0029623349705594,0.002898268817821438,0.003022971791513481,2.4438083011449394e-05,0.4867114367610584,9.367174052139356,0.0
0.1,0.05,0.004,7,True,1.6504999999998737,1.320496365511959,7.890411908089973,162.66852633951632,8.812555724203868,0.3157566427150407,0.07969126407426914,0.0020809973356412242,0.05486069004847877,0.025065085185394256,0.005895910446750368,0.0009004988547336763,0.003620660336188786,0.0010157959136967243,9.243566384669972e-05,0.49889522059021285,9.925295980985247,0.0
0.1,0.05,0.004,8,True,1.7154999999998666,0.570042464389395,2.988980729593145,152.86744406151664,8.55430422026448,0.39452176248399307,0.0744540531674998,0.001237666433073275,0.059363842166896275,0.015011638446681368,0.020644162864735433,0.0026096895350886484,0.002173254419617582,0.0023136456193683964,2.7440165521545802e-05,0.4271231740331686,9.94314245206847,0.0
0.1,0.05,0.004,9,True,1.6004999999998792,0.8386990539079814,4.598279409371174,173.52875052958558,9.148587959147255,0.41876512438463015,0.1295682039193862,0.0031903885322791745,0.024340860454377767,0.02126925930113436,0.02035579469014759,0.002148223888810696,0.0037461403614715227,0.003581180947548654,0.00012020741258969977,0.41876512438463015,9.875646939803113,0.0
0.1,0.05,0.004,10,True,1.665499999999872,0.8429602178762602,4.82887226217814,178.07793073612325,9.702809662045835,0.4602529357301176,0.10903682379545404,0.003704716329310304,0.02038409050395734,0.026225787476039677,0.003908196843223018,0.0015384138493096946,0.0014077588120615199,0.0030671094393433934,9.771745351894099e-05,0.4602529357301176,10.716444487502452,0.0
0.1,0.05,0.004,11,True,1.3004999999999123,0.9162130402579137,5.7748436513768615,185.40633365863457,9.473175614187596,0.22246052475206737,0.04240798047556531,0.0008758319652234292,0.03496389312200575,0.021232963867713863,0.0007510764828339755,0.0004437782537323678,0.0037846330688811086,0.0012112617284625905,1.4211044766893634e-05,0.5146261591423446,10.17437259788254,0.0
0.1,0.05,0.004,12,True,1.2154999999999216,2.50965425402629,34.15730352550494,174.1430702371604,9.354487437699406,0.5092161748652868,0.31025697681553355,0.0010838336019541883,0.057337647142971224,0.012165048459874749,0.004693838148510661,0.0010496677217878725,0.0016916237397697179,0.003011337228318354,1.3656639817761454e-05,0.5092161748652868,10.556601227494834,0.0
0.1,0.05,0.004,13,True,4.13050000000043,0.6098518804113666,3.1341302513116767,398.33565936476487,9.34284532682561,0.5106823465188471,0.1065468064598668,0.0031602170290511893,0.05276512574660295,0.025842514773255526,0.0068446497361148734,0.00023159837315526422,0.00383939734133819,0.0028413750731413057,1.0071496504630682e-05,0.5106823465188471,10.761548012689753,0.0
0.1,0.05,0.004,14,True,1.6904999999998693,0.5855059450656034,3.444569210417548,180.9363960224503,9.408055379887372,0.46458555040672866,0.09801391824948773,0.002979344988679685,0.028047333341712825,0.023460264722805206,0.022517857178019643,0.001923952442364494,0.002645089626439942,0.00328694026759358,6.957465863408183e-05,0.46458555040672866,10.094407449984567,0.0
0.1,0.05,0.004,15,True,1.275499999999915,0.08291319273475208,0.4208348947559618,164.4463438772165,9.292010374250887,0.40941358514736187,0.11706641900068285,0.002341415082513897,0.05079085556680287,0.015576948671442846,0.001173860694578235,0.001714791771101193,0.0014387362801707927,0.0031563141306264137,2.547831869663868e-05,0.4635290062633226,10.747204198879444,0.0
0.1,0.06,0.004,0,True,1.1904999999999244,1.2556416085585886,11.767005892512431,158.0680364931923,9.69637665913691,0.47253699911240404,0.3389106006795977,0.0021244856490258636,0.023489335688193516,0.008901417526596284,0.00043269248631363886,0.0024398107176008175,0.0037382667318331653,0.0028199073273015396,7.210319823797473e-05,0.47253699911240404,10.68108713915643,0.0
0.1,0.06,0.004,1,True,1.1454999999999294,3.463671521690483,53.86891970849461,135.9817082275338,8.075322660845506,0.4731577435179982,0.3094190539924595,0.001708156019624724,0.057523184816296764,0.011171511479831942,0.0248355844496532,0.0009354943560314564,0.0022699793469177273,0.0034831077814613254,3.0286949087099423e-05,0.4731577435179982,9.212803007193706,0.0
0.1,0.06,0.004,2,True,1.3554999999999062,0.8574598982540481,4.5690935684498015,182.63029553982582,9.63576205114402,0.3598105262147547,0.03571013721536123,0.0011044052733180985,0.024924557170706164,0.025912966293074165,0.0024063537379950413,0.001800301577896962,0.003185681580435384,0.0015637032200998104,1.161067493821754e-05,0.444596814262228,10.231888726552896,0.0
0.1,0.06,0.004,3,True,1.3104999999999112,1.0591604281189146,4.575721168950836,160.88485716249852,8.932901787793242,0.21766734637426705,0.031047344455472702,0.0008127017608135093,0.021840525329804985,0.02562803823454073,0.015240966464155783,0.00028238592672119757,0.0022993808207094216,0.0024371538944225023,1.5412303097482646e-05,0.49239602374655833,9.352126819818665,0.0
0.1,0.06,0.004,4,True,2.0604999999998554,0.5181860597069446,2.4876776086099692,209.21533190534436,9.199284801281271,0.5066500685155163,0.08678166351991631,0.0036220599140287797,0.03556637764071808,0.02947736152556949,0.002116282156798607,0.0018220674959850889,0.0021294597531318175,0.0034057036209574217,1.60420785683912e-05,0.5066500685155163,10.048268349666515,0.0
0.1,0.06,0.004,5,True,1.3654999999999051,0.8391058040655517,3.265980161910071,197.24409428887296,9.213124067759924,0.4210708019156255,0.2338807934750426,0.002847440277994798,0.05039703948682469,0.019337162342927122,0.0074822626339227484,0.0001617921071449693,0.002150106642356555,0.002225419616259996,1.1304406335961537e-05,0.4210708019156255,10.784801797232584,0.0
0.1,0.06,0.004,6,True,1.220499999999921,0.10257402999885198,0.28519702908281075,157.96735962063988,8.826262576824,0.4867114367610584,0.07210971849627262,0.0017884136569469048,0.027163543490666922,0.01611947927549832,0.009804302396366918,0.0029623349705594,0.002898268817821438,0.003022971791513481,2.4438083011449394e-05,0.4867114367610584,9.367174052139356,0.0
0.1,0.06,0.004,7,True,1.3154999999999106,1.4109166433742029,7.541737945744318,185.86799836379066,8.808651605671061,0.3859481215819247,0.07232355458626578,0.0020809973356412242,0.05486069004847877,0.025065085185394256,0.005895910446750368,0.0009004988547336763,0.003620660336188786,0.0010157959136967243,9.243566384669972e-05,0.49889522059021285,9.925295980985247,0.0
0.1,0.06,0.004,8,True,1.2604999999999167,0.6895821012930878,3.216816367825987,146.98249253146312,8.541522259564719,0.4201437833957569,0.06884789561351562,0.001237666433073275,0.059363842166896275,0.015011638446681368,0.020644162864735433,0.0026096895350886484,0.002173254419617582,0.0023136456193683964,2.7440165521545802e-05,0.4271231740331686,9.94314245206847,0.0
0.1,0.06,0.004,9,True,1.7154999999998666,0.8672624182144548,4.273507298490342,165.06142688011653,9.140699916678065,0.41876512438463015,0.11361159559731161,0.0031903885322791745,0.024340860454377767,0.02126925930113436,0.02035579469014759,0.002148223888810696,0.0037461403614715227,0.003581180947548654,0.00012020741258969977,0.41876512438463015,9.875646939803113,0.0
0.1,0.06,0.004,10,True,1.2904999999999134,0.8833692392180129,4.159349330736857,167.85524517981298,9.536957769215357,0.4602529357301176,0.09549795403187622,0.003704716329310304,0.02038409050395734,0.026225787476039677,0.003908196843223018,0.0015384138493096946,0.0014077588120615199,0.0030671094393433934,9.771745351894099e-05,0.4602529357301176,10.716444487502452,0.0
0.1,0.06,0.004,11,True,1.3154999999999106,1.0322745276867376,5.727299958628321,175.30358356164467,9.465685649289773,0.33055976842788765,0.041009640364714814,0.0008758319652234292,0.03496389312200575,0.021232963867713863,0.0007510764828339755,0.0004437782537323678,0.0037846330688811086,0.0012112617284625905,1.4211044766893634e-05,0.5146261591423446,10.17437259788254,0.0
0.1,0.06,0.004,12,True,1.2454999999999183,3.0823359617959096,41.36261038087545,166.04743324806995,9.349938226189995,0.5092161748652868,0.3188010643492209,0.0010838336019541883,0.057337647142971224,0.012165048459874749,0.004693838148510661,0.0010496677217878725,0.0016916237397697179,0.003011337228318354,1.3656639817761454e-05,0.5092161748652868,10.556601227494834,0.0
0.1,0.06,0.004,13,True,6.140499999999316,0.6607353683573024,3.001974452142528,465.9794903403265,9.646393714975359,0.5106823465188471,0.0964947281661996,0.0031602170290511893,0.05276512574660295,0.025842514773255526,0.0068446497361148734,0.00023159837315526422,0.00383939734133819,0.0028413750731413057,1.0071496504630682e-05,0.5106823465188471,10.761548012689753,0.0
0.1,0.06,0.004,14,True,2.0904999999998655,0.6194674158799942,3.1211959066066703,205.50297723792846,9.390656565386012,0.46458555040672866,0.08523362663182803,0.002979344988679685,0.028047333341712825,0.023460264722805206,0.022517857178019643,0.001923952442364494,0.002645089626439942,0.00328694026759358,6.957465863408183e-05,0.46458555040672866,10.094407449984567,0.0
0.1,0.06,0.004,15,True,1.3054999999999117,0.08732741448324219,0.24803025730569145,168.97929309372245,9.491546553297907,0.4635290062633226,0.10151027702058693,0.002341415082513897,0.05079085556680287,0.015576948671442846,0.001173860694578235,0.001714791771101193,0.0014387362801707927,0.0031563141306264137,2.547831869663868e-05,0.4635290062633226,10.747204198879444,0.0
0.1,0.08,0.004,0,True,0.730499999999975,2.3950690052253,19.53974813885161,149.64645888012438,9.515201085174425,0.47253699911240404,0.3423438851321764,0.0021244856490258636,0.023489335688193516,0.008901417526596284,0.00043269248631363886,0.0024398107176008175,0.0037382667318331653,0.0028199073273015396,7.210319823797473e-05,0.47253699911240404,10.68108713915643,0.0
0.1,0.08,0.004,1,True,1.3504999999999068,4.293960257743878,59.78940941808554,132.42723482132294,8.066667359579496,0.4731577435179982,0.3040206058762384,0.001708156019624724,0.057523184816296764,0.011171511479831942,0.0248355844496532,0.0009354943560314564,0.0022699793469177273,0.0034831077814613254,3.0286949087099423e-05,0.4731577435179982,9.212803007193706,0.0
0.1,0.08,0.004,2,True,0.8304999999999639,1.0323445284754862,4.620834859901918,165.48871922756328,9.62746689209997,0.17527991531572293,0.030926512767260366,0.0011044052733180985,0.024924557170706164,0.025912966293074165,0.0024063537379950413,0.001800301577896962,0.003185681580435384,0.0015637032200998104,1.161067493821754e-05,0.444596814262228,10.231888726552896,0.0
0.1,0.08,0.004,3,True,0.7904999999999683,1.4266465775467474,4.15439874245971,151.78380175249197,8.944652804947307,0.3637433733677546,0.03310179917972397,0.0008127017608135093,0.021840525329804985,0.02562803823454073,0.015240966464155783,0.00028238592672119757,0.0022993808207094216,0.0024371538944225023,1.5412303097482646e-05,0.49239602374655833,9.352126819818665,0.0
0.1,0.08,0.004,4,True,1.3954999999999018,0.6827959215685918,2.649658499640381,158.86452991529066,9.15389858668667,0.49732077798561813,0.07358327249954676,0.0036220599140287797,0.03556637764071808,0.02947736152556949,0.002116282156798607,0.0018220674959850889,0.0021294597531318175,0.0034057036209574217,1.60420785683912e-05,0.5066500685155163,10.048268349666515,0.0
0.1,0.08,0.004,5,True,1.3154999999999106,1.310902281012328,6.123745124290358,153.56954419593393,9.21529604365254,0.4210708019156255,0.2562297861723739,0.002847440277994798,0.05039703948682469,0.019337162342927122,0.0074822626339227484,0.0001617921071449693,0.002150106642356555,0.002225419616259996,1.1304406335961537e-05,0.4210708019156255,10.784801797232584,0.0
0.1,0.08,0.004,6,True,2.795500000000101,0.09038781628447952,0.213578520886103,453.3030585692857,9.05198233095607,0.4867114367610584,0.05754767756501861,0.0017884136569469048,0.027163543490666922,0.01611947927549832,0.009804302396366918,0.0029623349705594,0.002898268817821438,0.003022971791513481,2.4438083011449394e-05,0.4867114367610584,9.367174052139356,0.0
0.1,0.08,0.004,7,True,1.3004999999999123,1.4669892465117635,6.564418999788311,148.98408150320145,8.791645903874652,0.48213881567005035,0.06198376146782998,0.0020809973356412242,0.05486069004847877,0.025065085185394256,0.005895910446750368,0.0009004988547336763,0.003620660336188786,0.0010157959136967243,9.243566384669972e-05,0.49889522059021285,9.925295980985247,0.0
0.1,0.08,0.004,8,True,1.385499999999903,0.8640210076408079,3.368298323050456,142.60379989095503,8.531986742743149,0.35425186744281273,0.06301264740163515,0.001237666433073275,0.059363842166896275,0.015011638446681368,0.020644162864735433,0.0026096895350886484,0.002173254419617582,0.0023136456193683964,2.7440165521545802e-05,0.4271231740331686,9.94314245206847,0.0
0.1,0.08,0.004,9,True,1.3704999999999046,0.9359451717989169,3.5365622957936367,150.92422851574352,9.090198558421028,0.41876512438463015,0.08887393507930023,0.0031903885322791745,0.024340860454377767,0.02126925930113436,0.02035579469014759,0.002148223888810696,0.0037461403614715227,0.003581180947548654,0.00012020741258969977,0.41876512438463015,9.875646939803113,0.0
0.1,0.08,0.004,10,True,1.3604999999999057,0.9083347519335121,3.4271975447218472,159.3030127819064,9.246390532965819,0.4602529357301176,0.07393295984460817,0.003704716329310304,0.02038409050395734,0.026225787476039677,0.003908196843223018,0.0015384138493096946,0.0014077588120615199,0.0030671094393433934,9.771745351894099e-05,0.4602529357301176,10.716444487502452,0.0
0.1,0.08,0.004,11,True,0.8104999999999661,1.2813134502885004,5.593510353784668,158.63773221606039,9.46063328319061,0.15429286293476172,0.037616622421781584,0.0008758319652234292,0.03496389312200575,0.021232963867713863,0.0007510764828339755,0.0004437782537323678,0.0037846330688811086,0.0012112617284625905,1.4211044766893634e-05,0.5146261591423446,10.17437259788254,0.0
0.1,0.08,0.004,12,True,0.7604999999999716,4.201261106365165,42.250021139714605,152.93847779856534,9.338266339384766,0.5092161748652868,0.31318753818948397,0.0010838336019541883,0.057337647142971224,0.012165048459874749,0.004693838148510661,0.0010496677217878725,0.0016916237397697179,0.003011337228318354,1.3656639817761454e-05,0.5092161748652868,10.556601227494834,0.0
0.1,0.08,0.004,13,True,1.4004999999999013,1.017138127004012,3.0843565670092543,159.92668788848562,9.249501056526537,0.5106823465188471,0.08738321338890277,0.0031602170290511893,0.05276512574660295,0.025842514773255526,0.0068446497361148734,0.00023159837315526422,0.00383939734133819,0.0028413750731413057,1.0071496504630682e-05,0.5106823465188471,10.761548012689753,0.0
0.1,0.08,0.004,14,True,1.375499999999904,0.6589218135554624,2.6135135832790066,158.33814244462582,9.34379727211725,0.46458555040672866,0.0675858014106499,0.002979344988679685,0.028047333341712825,0.023460264722805206,0.022517857178019643,0.001923952442364494,0.002645089626439942,0.00328694026759358,6.957465863408183e-05,0.46458555040672866,10.094407449984567,0.0
0.1,0.08,0.004,15,True,0.8654999999999601,0.14310626815207267,0.34939321129085427,156.9492264901266,9.450043750128904,0.4471127108893453,0.08040384124830384,0.002341415082513897,0.05079085556680287,0.015576948671442846,0.001173860694578235,0.001714791771101193,0.0014387362801707927,0.0031563141306264137,2.547831869663868e-05,0.4635290062633226,10.747204198879444,0.0
0.12,0.03,0.004,0,False,inf,76.72175332089851,94.1809008019921,415.08817723403155,9.939280983429569,0.47253699911240404,0.1556937560585979,0.0021244856490258636,0.023489335688193516,0.008901417526596284,0.00043269248631363886,0.0024398107176008175,0.0037382667318331653,0.0028199073273015396,7.210319823797473e-05,0.47253699911240404,10.68108713915643,0.0
0.12,0.03,0.004,1,True,4.415500000000272,0.1418563045304045,0.9785613146944664,282.077125022077,8.294345804759732,0.4731577435179982,0.20854131913506688,0.001708156019624724,0.057523184816296764,0.011171511479831942,0.0248355844496532,0.0009354943560314564,0.0022699793469177273,0.0034831077814613254,3.0286949087099423e-05,0.4731577435179982,9.212803007193706,0.0
0.12,0.03,0.004,2,True,1.9804999999998374,0.2918234148887853,2.8859980443040416,290.2809045287761,9.6570097594955,0.2569923299151824,0.06418074001269623,0.0011044052733180985,0.024924557170706164,0.025912966293074165,0.0024063537379950413,0.001800301577896962,0.003185681580435384,0.0015637032200998104,1.161067493821754e-05,0.444596814262228,10.231888726552896,0.0
0.12,0.03,0.004,3,False,inf,86.63061288641325,182.9256214621936,492.85587413460615,9.217763390033033,0.2932409032862179,0.04625143290169349,0.0008127017608135093,0.021840525329804985,0.02562803823454073,0.015240966464155783,0.00028238592672119757,0.0022993808207094216,0.0024371538944225023,1.5412303097482646e-05,0.49239602374655833,9.352126819818665,0.0
0.12,0.03,0.004,4,True,5.61049999999961,0.19350534339593625,2.8939637227237567,276.15011394294123,9.310778005042966,0.5066500685155163,0.188027121447533,0.0036220599140287797,0.03556637764071808,0.02947736152556949,0.002116282156798607,0.0018220674959850889,0.0021294597531318175,0.0034057036209574217,1.60420785683912e-05,0.5066500685155163,10.048268349666515,0.0
0.12,0.03,0.004,5,False,9.905500000000615,76.13148207333293,97.88396786249069,312.31689577582983,9.353441808976223,0.4210708019156255,0.15522001748968392,0.002847440277994798,0.05039703948682469,0.019337162342927122,0.0074822626339227484,0.0001617921071449693,0.002150106642356555,0.002225419616259996,1.1304406335961537e-05,0.4210708019156255,10.784801797232584,0.0
0.12,0.03,0.004,6,True,4.425500000000267,0.12130679646545235,0.7002162799847428,270.74994125314197,8.886689116818438,0.4867114367610584,0.15152649989504172,0.0017884136569469048,0.027163543490666922,0.01611947927549832,0.009804302396366918,0.0029623349705594,0.002898268817821438,0.003022971791513481,2.4438083011449394e-05,0.4867114367610584,9.367174052139356,0.0
0.12,0.03,0.004,7,True,3.4805000000003297,0.884298030661732,9.796844729309147,233.30775876414708,8.828519453480489,0.47900487045221835,0.12582966564403517,0.0020809973356412242,0.05486069004847877,0.025065085185394256,0.005895910446750368,0.0009004988547336763,0.003620660336188786,0.0010157959136967243,9.243566384669972e-05,0.49889522059021285,9.925295980985247,0.0
0.12,0.03,0.004,8,True,2.3654999999999573,0.1111444120538676,0.768220393823627,211.4593878167408,8.561365853407171,0.4271231740331686,0.11940882847572543,0.001237666433073275,0.059363842166896275,0.015011638446681368,0.020644162864735433,0.0026096895350886484,0.002173254419617582,0.0023136456193683964,2.7440165521545802e-05,0.4271231740331686,9.94314245206847,0.0
0.12,0.03,0.004,9,True,2.8955000000001343,0.49756388215370473,6.010416305027585,273.26348612397203,9.26839209100871,0.41876512438463015,0.22282053008330371,0.0031903885322791745,0.024340860454377767,0.02126925930113436,0.02035579469014759,0.002148223888810696,0.0037461403614715227,0.003581180947548654,0.00012020741258969977,0.41876512438463015,9.875646939803113,0.0
0.12,0.03,0.004,10,True,4.230500000000375,0.42661683024302643,4.377799110147495,246.05136341066128,9.952426641776082,0.4602529357301176,0.19922523903575262,0.003704716329310304,0.02038409050395734,0.026225787476039677,0.003908196843223018,0.0015384138493096946,0.0014077588120615199,0.0030671094393433934,9.771745351894099e-05,0.4602529357301176,10.716444487502452,0.0
0.12,0.03,0.004,11,True,1.9504999999998407,0.4606882851688117,4.4691706816867995,281.737667982538,9.483556220873302,0.2409766054304618,0.06467631651518024,0.0008758319652234292,0.03496389312200575,0.021232963867713863,0.0007510764828339755,0.0004437782537323678,0.0037846330688811086,0.0012112617284625905,1.4211044766893634e-05,0.5146261591423446,10.17437259788254,0.0
0.12,0.03,0.004,12,True,2.400499999999969,0.09582908074862136,0.539773790087216,262.65043258539646,9.363612373272678,0.4504775516430745,0.1207167652482407,0.0010838336019541883,0.057337647142971224,0.012165048459874749,0.004693838148510661,0.0010496677217878725,0.0016916237397697179,0.003011337228318354,1.3656639817761454e-05,0.5092161748652868,10.556601227494834,0.0
0.12,0.03,0.004,13,False,inf,75.67317379673595,106.29153087656859,269.2828351071345,9.572864724859322,0.5106823465188471,0.14574609014596857,0.0031602170290511893,0.05276512574660295,0.025842514773255526,0.0068446497361148734,0.00023159837315526422,0.00383939734133819,0.0028413750731413057,1.0071496504630682e-05,0.5106823465188471,10.761548012689753,0.0
0.12,0.03,0.004,14,True,3.6355000000003814,0.17736324666550668,1.8124035299897288,284.6133373863752,9.468063843172747,0.46458555040672866,0.17653213623592173,0.002979344988679685,0.028047333341712825,0.023460264722805206,0.022517857178019643,0.001923952442364494,0.002645089626439942,0.00328694026759358,6.957465863408183e-05,0.46458555040672866,10.094407449984567,0.0
0.12,0.03,0.004,15,True,2.415499999999974,0.16850031734926796,1.245472187222529,243.41280897914876,9.519277518787538,0.4635290062633226,0.21192933979778503,0.002341415082513897,0.05079085556680287,0.015576948671442846,0.001173860694578235,0.001714791771101193,0.0014387362801707927,0.0031563141306264137,2.547831869663868e-05,0.4635290062633226,10.747204198879444,0.0
0.12,0.04,0.004,0,True,1.86549999999985,0.19431368262475202,1.5773666709451812,211.88911594989642,9.916547326367033,0.47253699911240404,0.22663030265482376,0.0021244856490258636,0.023489335688193516,0.008901417526596284,0.00043269248631363886,0.0024398107176008175,0.0037382667318331653,0.0028199073273015396,7.210319823797473e-05,0.47253699911240404,10.68108713915643,0.0
0.12,0.04,0.004,1,True,2.190499999999899,1.5938902026102548,32.88037186526137,181.86232119877528,8.086334760128008,0.4731577435179982,0.323287694443157,0.001708156019624724,0.057523184816296764,0.011171511479831942,0.0248355844496532,0.0009354943560314564,0.0022699793469177273,0.0034831077814613254,3.0286949087099423e-05,0.4731577435179982,9.212803007193706,0.0
0.12,0.04,0.004,2,True,2.2254999999999105,0.512295737853178,4.127675027029464,248.51247880498383,9.733897284275633,0.3098331761966303,0.051581880806608076,0.0011044052733180985,0.024924557170706164,0.025912966293074165,0.0024063537379950413,0.001800301577896962,0.003185681580435384,0.0015637032200998104,1.161067493821754e-05,0.444596814262228,10.231888726552896,0.0
0.12,0.04,0.004,3,True,1.875499999999849,0.6146824794440171,4.9336909403826255,221.7583248643836,8.937234507690867,0.2592291289412075,0.03906758388716628,0.0008127017608135093,0.021840525329804985,0.02562803823454073,0.015240966464155783,0.00028238592672119757,0.0022993808207094216,0.0024371538944225023,1.5412303097482646e-05,0.49239602374655833,9.352126819818665,0.0
0.12,0.04,0.004,4,True,1.8454999999998523,0.1434304207877533,0.9284328975436079,239.00188042800178,9.303726131213443,0.5066500685155163,0.14599587688682636,0.0036220599140287797,0.03556637764071808,0.02947736152556949,0.002116282156798607,0.0018220674959850889,0.0021294597531318175,0.0034057036209574217,1.60420785683912e-05,0.5066500685155163,10.048268349666515,0.0
0.12,0.04,0.004,5,True,1.8604999999998506,0.39015282944751956,2.899914728327185,226.57851553894267,9.342204624680026,0.4210708019156255,0.2190295538784091,0.002847440277994798,0.05039703948682469,0.019337162342927122,0.0074822626339227484,0.0001617921071449693,0.002150106642356555,0.002225419616259996,1.1304406335961537e-05,0.4210708019156255,10.784801797232584,0.0
0.12,0.04,0.004,6,True,1.77549999999986,0.1072307115952237,0.4585056643992545,215.09196045771625,8.837177593080723,0.4867114367610584,0.12055414873902877,0.0017884136569469048,0.027163543490666922,0.01611947927549832,0.009804302396366918,0.0029623349705594,0.002898268817821438,0.003022971791513481,2.4438083011449394e-05,0.4867114367610584,9.367174052139356,0.0
0.12,0.04,0.004,7,True,1.8004999999998572,0.9814050033060333,8.13841634070563,210.7772040830985,8.824767081213718,0.48356307195050235,0.09828417582850524,0.0020809973356412242,0.05486069004847877,0.025065085185394256,0.005895910446750368,0.0009004988547336763,0.003620660336188786,0.0010157959136967243,9.243566384669972e-05,0.49889522059021285,9.925295980985247,0.0
0.12,0.04,0.004,8,True,1.7954999999998578,0.13469896579335902,0.6631881823681051,194.33446522426573,8.551016836836121,0.35145924503314274,0.09348470367679053,0.001237666433073275,0.059363842166896275,0.015011638446681368,0.020644162864735433,0.0026096895350886484,0.002173254419617582,0.0023136456193683964,2.7440165521545802e-05,0.4271231740331686,9.94314245206847,0.0
0.12,0.04,0.004,9,True,2.3654999999999573,0.4494954446301714,3.8745508111426252,238.1989197195683,9.24685590977042,0.41876512438463015,0.18136457130623349,0.0031903885322791745,0.024340860454377767,0.02126925930113436,0.02035579469014759,0.002148223888810696,0.0037461403614715227,0.003581180947548654,0.00012020741258969977,0.41876512438463015,9.875646939803113,0.0
0.12,0.04,0.004,10,True,1.8804999999998484,0.3409224523001117,3.131001587108102,227.44107587710155,9.90378346058682,0.4602529357301176,0.15297754534128546,0.003704716329310304,0.02038409050395734,0.026225787476039677,0.003908196843223018,0.0015384138493096946,0.0014077588120615199,0.0030671094393433934,9.771745351894099e-05,0.4602529357301176,10.716444487502452,0.0
0.12,0.04,0.004,11,True,1.4354999999998974,0.6907438057808087,5.5331798500725355,244.3929344310164,9.484959821858158,0.25475252151927497,0.05305500593594386,0.0008758319652234292,0.03496389312200575,0.021232963867713863,0.0007510764828339755,0.0004437782537323678,0.0037846330688811086,0.0012112617284625905,1.4211044766893634e-05,0.5146261591423446,10.17437259788254,0.0
0.12,0.04,0.004,12,True,1.9504999999998407,1.5596457324697606,23.772722686867162,230.61644810933308,9.351506870505878,0.5092161748652868,0.3114454991557375,0.0010838336019541883,0.057337647142971224,0.012165048459874749,0.004693838148510661,0.0010496677217878725,0.0016916237397697179,0.003011337228318354,1.3656639817761454e-05,0.5092161748652868,10.556601227494834,0.0
0.12,0.04,0.004,13,True,1.8604999999998506,0.21184063512533674,1.5647954512993774,234.80788608954376,9.541180336678364,0.5106823465188471,0.1390192804666619,0.0031602170290511893,0.05276512574660295,0.025842514773255526,0.0068446497361148734,0.00023159837315526422,0.00383939734133819,0.0028413750731413057,1.0071496504630682e-05,0.5106823465188471,10.761548012689753,0.0
0.12,0.04,0.004,14,True,1.8854999999998479,0.15282443091499098,1.1891268436861167,245.62017636443636,9.454835749107101,0.46458555040672866,0.1398770259001557,0.002979344988679685,0.028047333341712825,0.023460264722805206,0.022517857178019643,0.001923952442364494,0.002645089626439942,0.00328694026759358,6.957465863408183e-05,0.46458555040672866,10.094407449984567,0.0
0.12,0.04,0.004,15,True,1.920499999999844,0.10660992425750213,0.46828754369861497,226.14371964008163,9.493204880382622,0.4635290062633226,0.16632810030545714,0.002341415082513897,0.05079085556680287,0.015576948671442846,0.001173860694578235,0.001714791771101193,0.0014387362801707927,0.0031563141306264137,2.547831869663868e-05,0.4635290062633226,10.747204198879444,0.0
0.12,0.05,0.004,0,True,1.3354999999999084,0.19016685672903214,0.6664958031534156,196.40719530507667,9.9201549559704,0.47253699911240404,0.18999495604030733,0.0021244856490258636,0.023489335688193516,0.008901417526596284,0.00043269248631363886,0.0024398107176008175,0.0037382667318331653,0.0028199073273015396,7.210319823797473e-05,0.47253699911240404,10.68108713915643,0.0
0.12,0.05,0.004,1,True,1.6904999999998693,2.325896666205098,39.94634615776605,167.43085381601557,8.083080197229515,0.4731577435179982,0.3045968033599067,0.001708156019624724,0.057523184816296764,0.011171511479831942,0.0248355844496532,0.0009354943560314564,0.0022699793469177273,0.0034831077814613254,3.0286949087099423e-05,0.4731577435179982,9.212803007193706,0.0
0.12,0.05,0.004,2,True,1.4904999999998914,0.6461540122705597,4.346311785863738,225.63273576758425,9.664182252620265,0.28251993500558537,0.04382041246717036,0.0011044052733180985,0.024924557170706164,0.025912966293074165,0.0024063537379950413,0.001800301577896962,0.003185681580435384,0.0015637032200998104,1.161067493821754e-05,0.444596814262228,10.231888726552896,0.0
0.12,0.05,0.004,3,True,3.7255000000004115,0.7052436184031016,4.501697092217968,205.0839692746318,9.26041668169816,0.33996017274804485,0.03437415470012298,0.0008127017608135093,0.021840525329804985,0.02562803823454073,0.015240966464155783,0.00028238592672119757,0.0022993808207094216,0.0024371538944225023,1.5412303097482646e-05,0.49239602374655833,9.352126819818665,0.0
0.12,0.05,0.004,4,True,1.9054999999998457,0.3237912428356592,2.0730798754791793,220.98060856639285,9.2867848373274,0.49409725036576474,0.11728180243424202,0.0036220599140287797,0.03556637764071808,0.02947736152556949,0.002116282156798607,0.0018220674959850889,0.0021294597531318175,0.0034057036209574217,1.60420785683912e-05,0.5066500685155163,10.048268349666515,0.0
0.12,0.05,0.004,5,True,1.920499999999844,0.5344332756548873,1.6885218424283657,209.28069452151496,9.219312391761726,0.4210708019156255,0.22351202573187662,0.002847440277994798,0.05039703948682469,0.019337162342927122,0.0074822626339227484,0.0001617921071449693,0.002150106642356555,0.002225419616259996,1.1304406335961537e-05,0.4210708019156255,10.784801797232584,0.0
0.12,0.05,0.004,6,True,2.0104999999998387,0.09823104366278028,0.33574370502707696,197.94445967473135,8.85434706448406,0.4867114367610584,0.09748082519056896,0.0017884136569469048,0.027163543490666922,0.01611947927549832,0.009804302396366918,0.0029623349705594,0.002898268817821438,0.003022971791513481,2.4438083011449394e-05,0.4867114367610584,9.367174052139356,0.0
0.12,0.05,0.004,7,True,1.8804999999998484,1.1201892030453713,7.8052450528766295,198.84075968646664,8.819688412368691,0.366672367033769,0.08468291706991415,0.0020809973356412242,0.05486069004847877,0.025065085185394256,0.005895910446750368,0.0009004988547336763,0.003620660336188786,0.0010157959136967243,9.243566384669972e-05,0.49889522059021285,9.925295980985247,0.0
0.12,0.05,0.004,8,True,1.910499999999845,0.18842008696220508,0.861617999707235,184.2277091544548,8.555554582056269,0.37044191650436986,0.07821601779250384,0.001237666433073275,0.059363842166896275,0.015011638446681368,0.020644162864735433,0.0026096895350886484,0.002173254419617582,0.0023136456193683964,2.7440165521545802e-05,0.4271231740331686,9.94314245206847,0.0
0.12,0.05,0.004,9,True,1.8154999999998556,0.3763370054938163,2.7069620006018194,214.15480417263464,9.236107971394441,0.41876512438463015,0.14830349930123377,0.0031903885322791745,0.024340860454377767,0.02126925930113436,0.02035579469014759,0.002148223888810696,0.0037461403614715227,0.003581180947548654,0.00012020741258969977,0.41876512438463015,9.875646939803113,0.0
0.12,0.05,0.004,10,True,1.875499999999849,0.5102558380650393,3.202106658873597,208.5733207524844,9.604980769999772,0.4602529357301176,0.12471267242610486,0.003704716329310304,0.02038409050395734,0.026225787476039677,0.003908196843223018,0.0015384138493096946,0.0014077588120615199,0.0030671094393433934,9.771745351894099e-05,0.4602529357301176,10.716444487502452,0.0
0.12,0.05,0.004,11,True,3.1955000000002345,0.7800872369582353,5.37914068993587,249.77106151681792,9.691238719121639,0.2859772274232065,0.046771785295519404,0.0008758319652234292,0.03496389312200575,0.021232963867713863,0.0007510764828339755,0.0004437782537323678,0.0037846330688811086,0.0012112617284625905,1.4211044766893634e-05,0.5146261591423446,10.17437259788254,0.0
0.12,0.05,0.004,12,True,1.385499999999903,2.202560999996253,37.713914416368226,211.24152500565668,9.351791583961967,0.5092161748652868,0.31310401687819983,0.0010838336019541883,0.057337647142971224,0.012165048459874749,0.004693838148510661,0.0010496677217878725,0.0016916237397697179,0.003011337228318354,1.3656639817761454e-05,0.5092161748652868,10.556601227494834,0.0
0.12,0.05,0.004,13,True,3.0105000000001727,0.4907894062817976,2.6744514824190246,213.82353033537456,9.500693562990076,0.5106823465188471,0.12131874469924513,0.0031602170290511893,0.05276512574660295,0.025842514773255526,0.0068446497361148734,0.00023159837315526422,0.00383939734133819,0.0028413750731413057,1.0071496504630682e-05,0.5106823465188471,10.761548012689753,0.0
0.12,0.05,0.004,14,True,1.9254999999998434,0.20130310050690528,1.1627986595210185,221.66061868281358,9.436615381891936,0.46458555040672866,0.11342267933741065,0.002979344988679685,0.028047333341712825,0.023460264722805206,0.022517857178019643,0.001923952442364494,0.002645089626439942,0.00328694026759358,6.957465863408183e-05,0.46458555040672866,10.094407449984567,0.0
0.12,0.05,0.004,15,True,1.4804999999998925,0.09835018899001619,0.40461452091592903,209.38671333424656,9.493367215351496,0.4635290062633226,0.1371507008494612,0.002341415082513897,0.05079085556680287,0.015576948671442846,0.001173860694578235,0.001714791771101193,0.0014387362801707927,0.0031563141306264137,2.547831869663868e-05,0.4635290062633226,10.747204198879444,0.0
0.12,0.06,0.004,0,True,1.3354999999999084,0.6919089270836936,3.8924670605851723,184.1206405721057,9.813168882124558,0.47253699911240404,0.24713260164593542,0.0021244856490258636,0.023489335688193516,0.008901417526596284,0.00043269248631363886,0.0024398107176008175,0.0037382667318331653,0.0028199073273015396,7.210319823797473e-05,0.47253699911240404,10.68108713915643,0.0
0.12,0.06,0.004,1,True,1.830499999999854,3.1419698113982926,49.89385839595984,156.847568472473,8.076732716856675,0.4731577435179982,0.3075689170763423,0.001708156019624724,0.057523184816296764,0.011171511479831942,0.0248355844496532,0.0009354943560314564,0.0022699793469177273,0.0034831077814613254,3.0286949087099423e-05,0.4731577435179982,9.212803007193706,0.0
0.12,0.06,0.004,2,True,1.4804999999998925,0.7728319154075651,4.434193926099525,208.7406640888506,9.630326353192467,0.3623623303484509,0.038800613645679584,0.0011044052733180985,0.024924557170706164,0.025912966293074165,0.0024063537379950413,0.001800301577896962,0.003185681580435384,0.0015637032200998104,1.161067493821754e-05,0.444596814262228,10.231888726552896,0.0
0.12,0.06,0.004,3,True,1.4454999999998963,0.9906730940214563,4.567630659135148,192.87142260284588,8.940605463598514,0.21908873232175524,0.034006276456714335,0.0008127017608135093,0.021840525329804985,0.02562803823454073,0.015240966464155783,0.00028238592672119757,0.0022993808207094216,0.0024371538944225023,1.5412303097482646e-05,0.49239602374655833,9.352126819818665,0.0
0.12,0.06,0.004,4,True,2.2704999999999256,0.4228802905551104,2.304340567861588,285.37324287952714,9.25763276624926,0.5066500685155163,0.10115432684072961,0.0036220599140287797,0.03556637764071808,0.02947736152556949,0.002116282156798607,0.0018220674959850889,0.0021294597531318175,0.0034057036209574217,1.60420785683912e-05,0.5066500685155163,10.048268349666515,0.0
0.12,0.06,0.004,5,True,2.400499999999969,0.9146279693082237,4.59054872378427,231.0531084490795,9.232532230826106,0.4210708019156255,0.2492686194099938,0.002847440277994798,0.05039703948682469,0.019337162342927122,0.0074822626339227484,0.0001617921071449693,0.002150106642356555,0.002225419616259996,1.1304406335961537e-05,0.4210708019156255,10.784801797232584,0.0
0.12,0.06,0.004,6,True,1.3604999999999057,0.09473845313926624,0.30586770873857144,183.19918516110874,8.826669193725209,0.4867114367610584,0.08344261477098959,0.0017884136569469048,0.027163543490666922,0.01611947927549832,0.009804302396366918,0.0029623349705594,0.002898268817821438,0.003022971791513481,2.4438083011449394e-05,0.4867114367610584,9.367174052139356,0.0
0.12,0.06,0.004,7,True,3.355500000000288,1.145412749460711,7.06787751785002,223.48610102346356,8.96256607654526,0.4467857887779759,0.07662116338776968,0.0020809973356412242,0.05486069004847877,0.025065085185394256,0.005895910446750368,0.0009004988547336763,0.003620660336188786,0.0010157959136967243,9.243566384669972e-05,0.49889522059021285,9.925295980985247,0.0
0.12,0.06,0.004,8,True,1.4154999999998996,0.5082697536966619,2.50074201752014,176.27171620705147,8.542186258491556,0.4271231740331686,0.07343664969969559,0.001237666433073275,0.059363842166896275,0.015011638446681368,0.020644162864735433,0.0026096895350886484,0.002173254419617582,0.0023136456193683964,2.7440165521545802e-05,0.4271231740331686,9.94314245206847,0.0
0.12,0.06,0.004,9,True,2.8455000000001176,0.4227378848079842,2.4215566560638573,204.63525541399807,9.215038843811984,0.41876512438463015,0.1266566276494824,0.0031903885322791745,0.024340860454377767,0.02126925930113436,0.02035579469014759,0.002148223888810696,0.0037461403614715227,0.003581180947548654,0.00012020741258969977,0.41876512438463015,9.875646939803113,0.0
0.12,0.06,0.004,10,True,2.2254999999999105,0.5539933622831206,2.9538807669588643,211.4126556230346,9.325473146713312,0.4602529357301176,0.10765618763206727,0.003704716329310304,0.02038409050395734,0.026225787476039677,0.003908196843223018,0.0015384138493096946,0.0014077588120615199,0.0030671094393433934,9.771745351894099e-05,0.4602529357301176,10.716444487502452,0.0
0.12,0.06,0.004,11,True,1.4504999999998958,0.936577013657474,5.390124910174536,201.28597392420352,9.468015672296746,0.3625844809163245,0.043309863739871446,0.0008758319652234292,0.03496389312200575,0.021232963867713863,0.0007510764828339755,0.0004437782537323678,0.0037846330688811086,0.0012112617284625905,1.4211044766893634e-05,0.5146261591423446,10.17437259788254,0.0
0.12,0.06,0.004,12,True,1.3704999999999046,2.851491114998524,39.54561977881824,194.2299611218509,9.349304848859585,0.5092161748652868,0.3143771257047495,0.0010838336019541883,0.057337647142971224,0.012165048459874749,0.004693838148510661,0.0010496677217878725,0.0016916237397697179,0.003011337228318354,1.3656639817761454e-05,0.5092161748652868,10.556601227494834,0.0
0.12,0.06,0.004,13,True,3.310500000000273,0.617227609277968,2.9822386655862,518.0538632837421,9.246972451894734,0.5106823465188471,0.10994981339028856,0.0031602170290511893,0.05276512574660295,0.025842514773255526,0.0068446497361148734,0.00023159837315526422,0.00383939734133819,0.0028413750731413057,1.0071496504630682e-05,0.5106823465188471,10.761548012689753,0.0
0.12,0.06,0.004,14,True,2.3004999999999356,0.13606743787112452,0.7871598773853542,240.10578613575285,9.409908135990685,0.46458555040672866,0.09586867624055961,0.002979344988679685,0.028047333341712825,0.023460264722805206,0.022517857178019643,0.001923952442364494,0.002645089626439942,0.00328694026759358,6.957465863408183e-05,0.46458555040672866,10.094407449984567,0.0
0.12,0.06,0.004,15,True,1.465499999999894,0.09863765246539818,0.348113278481738,205.4494646309729,9.488448732488461,0.4635290062633226,0.11590324738298904,0.002341415082513897,0.05079085556680287,0.015576948671442846,0.001173860694578235,0.001714791771101193,0.0014387362801707927,0.0031563141306264137,2.547831869663868e-05,0.4635290062633226,10.747204198879444,0.0
0.12,0.08,0.004,0,True,0.820499999999965,2.0230136088959543,17.62802026271971,169.45975202114394,9.651565935118528,0.47253699911240404,0.3500650978222233,0.0021244856490258636,0.023489335688193516,0.008901417526596284,0.00043269248631363886,0.0024398107176008175,0.0037382667318331653,0.0028199073273015396,7.210319823797473e-05,0.47253699911240404,10.68108713915643,0.0
0.12,0.08,0.004,1,True,1.4354999999998974,3.8144647544343684,57.04341796615724,148.55755608204873,8.067770506485129,0.4731577435179982,0.32075557333293836,0.001708156019624724,0.057523184816296764,0.011171511479831942,0.0248355844496532,0.0009354943560314564,0.0022699793469177273,0.0034831077814613254,3.0286949087099423e-05,0.4731577435179982,9.212803007193706,0.0
0.12,0.08,0.004,2,True,0.8804999999999584,0.9427943442943503,4.4640897690510775,188.89142945200436,9.636914747347891,0.28370234512078,0.03468158578313093,0.0011044052733180985,0.024924557170706164,0.025912966293074165,0.0024063537379950413,0.001800301577896962,0.003185681580435384,0.0015637032200998104,1.161067493821754e-05,0.444596814262228,10.231888726552896,0.0
0.12,0.08,0.004,3,True,1.4004999999999013,1.1734630310101717,3.658339271409027,176.83562848248243,8.923493920489964,0.2439311413679323,0.03400733938341238,0.0008127017608135093,0.021840525329804985,0.02562803823454073,0.015240966464155783,0.00028238592672119757,0.0022993808207094216,0.0024371538944225023,1.5412303097482646e-05,0.49239602374655833,9.352126819818665,0.0
0.12,0.08,0.004,4,True,1.520499999999888,0.6176539346710388,2.56144964635104,180.68076524001694,9.213592335690562,0.5066500685155163,0.08163764378004168,0.0036220599140287797,0.03556637764071808,0.02947736152556949,0.002116282156798607,0.0018220674959850889,0.0021294597531318175,0.0034057036209574217,1.60420785683912e-05,0.5066500685155163,10.048268349666515,0.0
0.12,0.08,0.004,5,True,1.465499999999894,1.139357828073524,3.3148301746716995,180.94486319055102,9.211840681455023,0.4210708019156255,0.2540621937697954,0.002847440277994798,0.05039703948682469,0.019337162342927122,0.0074822626339227484,0.0001617921071449693,0.002150106642356555,0.002225419616259996,1.1304406335961537e-05,0.4210708019156255,10.784801797232584,0.0
0.12,0.08,0.004,6,True,1.4354999999998974,0.09986487332391222,0.2375663347849382,167.67850323451938,8.816705066817585,0.4867114367610584,0.06559091500494506,0.0017884136569469048,0.027163543490666922,0.01611947927549832,0.009804302396366918,0.0029623349705594,0.002898268817821438,0.003022971791513481,2.4438083011449394e-05,0.4867114367610584,9.367174052139356,0.0
0.12,0.08,0.004,7,True,1.4504999999998958,1.3068922757423438,6.434675659620946,170.86875987487525,8.798339141196841,0.4222145758072091,0.06845165790787548,0.0020809973356412242,0.05486069004847877,0.025065085185394256,0.005895910446750368,0.0009004988547336763,0.003620660336188786,0.0010157959136967243,9.243566384669972e-05,0.49889522059021285,9.925295980985247,0.0
0.12,0.08,0.004,8,True,1.4804999999998925,0.7876590558748706,3.0680564586142505,161.9180863734045,8.533942577317134,0.4271231740331686,0.06734234023427917,0.001237666433073275,0.059363842166896275,0.015011638446681368,0.020644162864735433,0.0026096895350886484,0.002173254419617582,0.0023136456193683964,2.7440165521545802e-05,0.4271231740331686,9.94314245206847,0.0
0.12,0.08,0.004,9,True,1.4904999999998914,0.35384819202809276,1.3407291195102242,176.36790738230692,9.1610721216045,0.41876512438463015,0.09915331354798966,0.0031903885322791745,0.024340860454377767,0.02126925930113436,0.02035579469014759,0.002148223888810696,0.0037461403614715227,0.003581180947548654,0.00012020741258969977,0.41876512438463015,9.875646939803113,0.0
0.12,0.08,0.004,10,True,1.5054999999998897,0.585894058660226,2.5546548361750916,181.217551016936,9.316219384861688,0.4602529357301176,0.08303897134591454,0.003704716329310304,0.02038409050395734,0.026225787476039677,0.003908196843223018,0.0015384138493096946,0.0014077588120615199,0.0030671094393433934,9.771745351894099e-05,0.4602529357301176,10.716444487502452,0.0
0.12,0.08,0.004,11,True,0.8704999999999595,1.168092587274165,5.257011068453704,183.64588442662006,9.525420690054348,0.18605636513940005,0.03927655000936013,0.0008758319652234292,0.03496389312200575,0.021232963867713863,0.0007510764828339755,0.0004437782537323678,0.0037846330688811086,0.0012112617284625905,1.4211044766893634e-05,0.5146261591423446,10.17437259788254,0.0
0.12,0.08,0.004,12,True,0.8354999999999634,3.92103075018401,38.86871099926377,173.6300786163118,9.341947813326216,0.5092161748652868,0.31202683332530856,0.0010838336019541883,0.057337647142971224,0.012165048459874749,0.004693838148510661,0.0010496677217878725,0.0016916237397697179,0.003011337228318354,1.3656639817761454e-05,0.5092161748652868,10.556601227494834,0.0
0.12,0.08,0.004,13,True,1.530499999999887,0.8121890378687009,2.866734458937791,181.1510052212169,9.251364683102803,0.5106823465188471,0.09520301974995071,0.0031602170290511893,0.05276512574660295,0.025842514773255526,0.0068446497361148734,0.00023159837315526422,0.00383939734133819,0.0028413750731413057,1.0071496504630682e-05,0.5106823465188471,10.761548012689753,0.0
0.12,0.08,0.004,14,True,1.5004999999998903,0.13392159555977678,0.392631123979041,183.14631345720773,9.3842682116166,0.46458555040672866,0.0751818794566015,0.002979344988679685,0.028047333341712825,0.023460264722805206,0.022517857178019643,0.001923952442364494,0.002645089626439942,0.00328694026759358,6.957465863408183e-05,0.46458555040672866,10.094407449984567,0.0
0.12,0.08,0.004,15,True,2.4104999999999723,0.11622631108722901,0.27184133713861214,428.848930791305,9.476838196328615,0.4635290062633226,0.09247581913296374,0.002341415082513897,0.05079085556680287,0.015576948671442846,0.001173860694578235,0.001714791771101193,0.0014387362801707927,0.0031563141306264137,2.547831869663868e-05,0.4635290062633226,10.747204198879444,0.0
0.15,0.03,0.004,0,False,inf,79.05475822504773,94.41431079205782,449.1368584965636,9.930145924207768,0.47253699911240404,0.1527278748160238,0.0021244856490258636,0.023489335688193516,0.008901417526596284,0.00043269248631363886,0.0024398107176008175,0.0037382667318331653,0.0028199073273015396,7.210319823797473e-05,0.47253699911240404,10.68108713915643,0.0
0.15,0.03,0.004,1,False,9.375499999999967,82.74324419444606,173.7489798737182,518.3373755624345,8.370634939823129,0.4731577435179982,0.14425150819620305,0.001708156019624724,0.057523184816296764,0.011171511479831942,0.0248355844496532,0.0009354943560314564,0.0022699793469177273,0.0034831077814613254,3.0286949087099423e-05,0.4731577435179982,9.212803007193706,0.0
0.15,0.03,0.004,2,True,2.230499999999912,0.10445203916790523,1.1448005931972025,325.321730560775,9.644926684160156,0.34856956046398657,0.07753972231047164,0.0011044052733180985,0.024924557170706164,0.025912966293074165,0.0024063537379950413,0.001800301577896962,0.003185681580435384,0.0015637032200998104,1.161067493821754e-05,0.444596814262228,10.231888726552896,0.0
0.15,0.03,0.004,3,False,inf,77.41230065102019,109.31494511044744,491.6373285374149,9.324348089050005,0.34435739960768197,0.06285710343962948,0.0008127017608135093,0.021840525329804985,0.02562803823454073,0.015240966464155783,0.00028238592672119757,0.0022993808207094216,0.0024371538944225023,1.5412303097482646e-05,0.49239602374655833,9.352126819818665,0.0
0.15,0.03,0.004,4,True,5.020499999999937,0.13166836761110762,2.424293268816298,323.8097314601798,9.315609162906801,0.5066500685155163,0.22303333904177827,0.0036220599140287797,0.03556637764071808,0.02947736152556949,0.002116282156798607,0.0018220674959850889,0.0021294597531318175,0.0034057036209574217,1.60420785683912e-05,0.5066500685155163,10.048268349666515,0.0
0.15,0.03,0.004,5,True,5.0504999999999205,0.3264077263832486,5.528560097403027,412.43999992807704,9.42451293153958,0.4210708019156255,0.24642036175149576,0.002847440277994798,0.05039703948682469,0.019337162342927122,0.0074822626339227484,0.0001617921071449693,0.002150106642356555,0.002225419616259996,1.1304406335961537e-05,0.4210708019156255,10.784801797232584,0.0
0.15,0.03,0.004,6,False,8.350499999998714,57.6609725322036,72.19611581357367,312.0276690376073,8.837597722156508,0.4867114367610584,0.15164666971822385,0.0017884136569469048,0.027163543490666922,0.01611947927549832,0.009804302396366918,0.0029623349705594,0.002898268817821438,0.003022971791513481,2.4438083011449394e-05,0.4867114367610584,9.367174052139356,0.0
0.15,0.03,0.004,7,False,7.495499999998565,39.57443109103113,90.32135065524471,446.1570599546227,8.82581761377483,0.49889522059021285,0.14733736754423693,0.0020809973356412242,0.05486069004847877,0.025065085185394256,0.005895910446750368,0.0009004988547336763,0.003620660336188786,0.0010157959136967243,9.243566384669972e-05,0.49889522059021285,9.925295980985247,0.0
0.15,0.03,0.004,8,True,4.995499999999951,0.12869805080434954,1.2325356133504959,302.43401882791886,8.560027488893972,0.4271231740331686,0.1442226942798529,0.001237666433073275,0.059363842166896275,0.015011638446681368,0.020644162864735433,0.0026096895350886484,0.002173254419617582,0.0023136456193683964,2.7440165521545802e-05,0.4271231740331686,9.94314245206847,0.0
0.15,0.03,0.004,9,True,4.125500000000433,0.49697568113812995,6.808952092635623,351.56354184773716,9.276887106978142,0.41876512438463015,0.2515966424656114,0.0031903885322791745,0.024340860454377767,0.02126925930113436,0.02035579469014759,0.002148223888810696,0.0037461403614715227,0.003581180947548654,0.00012020741258969977,0.41876512438463015,9.875646939803113,0.0
0.15,0.03,0.004,10,False,7.600499999998507,40.788355640961164,44.74011806225411,311.57459451586163,9.958438463072879,0.4602529357301176,0.2218804141819462,0.003704716329310304,0.02038409050395734,0.026225787476039677,0.003908196843223018,0.0015384138493096946,0.0014077588120615199,0.0030671094393433934,9.771745351894099e-05,0.4602529357301176,10.716444487502452,0.0
0.15,0.03,0.004,11,True,2.250499999999919,0.12073760245797362,1.1456117369762107,330.53138818335054,9.474946474883028,0.2530541993082374,0.07584338294676886,0.0008758319652234292,0.03496389312200575,0.021232963867713863,0.0007510764828339755,0.0004437782537323678,0.0037846330688811086,0.0012112617284625905,1.4211044766893634e-05,0.5146261591423446,10.17437259788254,0.0
0.15,0.03,0.004,12,False,inf,78.61887789973864,95.4388405943769,453.7814559536891,9.366591352023491,0.5092161748652868,0.11615323258039066,0.0010838336019541883,0.057337647142971224,0.012165048459874749,0.004693838148510661,0.0010496677217878725,0.0016916237397697179,0.003011337228318354,1.3656639817761454e-05,0.5092161748652868,10.556601227494834,0.0
0.15,0.03,0.004,13,True,4.320500000000325,0.18534187606272085,2.8025854732890307,393.5511898465653,9.51772567332115,0.5106823465188471,0.21566162202525005,0.0031602170290511893,0.05276512574660295,0.025842514773255526,0.0068446497361148734,0.00023159837315526422,0.00383939734133819,0.0028413750731413057,1.0071496504630682e-05,0.5106823465188471,10.761548012689753,0.0
0.15,0.03,0.004,14,True,4.060500000000469,0.1588510994819427,1.9441578482230466,313.0420386866424,9.447016715227127,0.46458555040672866,0.2187430735919001,0.002979344988679685,0.028047333341712825,0.023460264722805206,0.022517857178019643,0.001923952442364494,0.002645089626439942,0.00328694026759358,6.957465863408183e-05,0.46458555040672866,10.094407449984567,0.0
0.15,0.03,0.004,15,True,2.235499999999914,0.2134547165024857,4.411043267005573,316.9660621784012,9.54075100157607,0.4635290062633226,0.2534015120987123,0.002341415082513897,0.05079085556680287,0.015576948671442846,0.001173860694578235,0.001714791771101193,0.0014387362801707927,0.0031563141306264137,2.547831869663868e-05,0.4635290062633226,10.747204198879444,0.0
0.15,0.04,0.004,0,True,2.3754999999999606,0.27594214455650723,2.951289735027475,265.029707950221,9.933843050103619,0.47253699911240404,0.26829869842995085,0.0021244856490258636,0.023489335688193516,0.008901417526596284,0.00043269248631363886,0.0024398107176008175,0.0037382667318331653,0.0028199073273015396,7.210319823797473e-05,0.47253699911240404,10.68108713915643,0.0
0.15,0.04,0.004,1,True,3.4555000000003213,1.1872847409662122,33.22706726967634,239.42303757744182,8.088629296343669,0.4731577435179982,0.32060879378582147,0.001708156019624724,0.057523184816296764,0.011171511479831942,0.0248355844496532,0.0009354943560314564,0.0022699793469177273,0.0034831077814613254,3.0286949087099423e-05,0.4731577435179982,9.212803007193706,0.0
0.15,0.04,0.004,2,False,9.985500000000712,79.84359784250334,100.26633658403269,355.6393563179653,9.663980455132094,0.444596814262228,0.10332799574467155,0.0011044052733180985,0.024924557170706164,0.025912966293074165,0.0024063537379950413,0.001800301577896962,0.003185681580435384,0.0015637032200998104,1.161067493821754e-05,0.444596814262228,10.231888726552896,0.0
0.15,0.04,0.004,3,True,2.1654999999998905,0.4670224543679501,3.97421045022137,280.10044976242756,8.941781234338954,0.25777042618983675,0.04557023960749975,0.0008127017608135093,0.021840525329804985,0.02562803823454073,0.015240966464155783,0.00028238592672119757,0.0022993808207094216,0.0024371538944225023,1.5412303097482646e-05,0.49239602374655833,9.352126819818665,0.0
0.15,0.04,0.004,4,True,2.160499999999889,0.15527107100317175,1.4931870585840783,286.9865946420957,9.306346682482708,0.5066500685155163,0.17558261126428154,0.0036220599140287797,0.03556637764071808,0.02947736152556949,0.002116282156798607,0.0018220674959850889,0.0021294597531318175,0.0034057036209574217,1.60420785683912e-05,0.5066500685155163,10.048268349666515,0.0
0.15,0.04,0.004,5,True,2.1504999999998855,0.4023590431334216,3.55146873079177,274.21455750836094,9.261372529105293,0.4210708019156255,0.22676608971838744,0.002847440277994798,0.05039703948682469,0.019337162342927122,0.0074822626339227484,0.0001617921071449693,0.002150106642356555,0.002225419616259996,1.1304406335961537e-05,0.4210708019156255,10.784801797232584,0.0
0.15,0.04,0.004,6,True,2.100499999999869,0.13206057299760135,0.896470031181009,272.7159037826502,8.840469477985867,0.48109972423125014,0.147190805843826,0.0017884136569469048,0.027163543490666922,0.01611947927549832,0.009804302396366918,0.0029623349705594,0.002898268817821438,0.003022971791513481,2.4438083011449394e-05,0.4867114367610584,9.367174052139356,0.0
0.15,0.04,0.004,7,True,2.1504999999998855,0.6998750891333808,7.0916058960481365,280.4575526247106,8.825220182501482,0.49889522059021285,0.11162320307909954,0.0020809973356412242,0.05486069004847877,0.025065085185394256,0.005895910446750368,0.0009004988547336763,0.003620660336188786,0.0010157959136967243,9.243566384669972e-05,0.49889522059021285,9.925295980985247,0.0
0.15,0.04,0.004,8,True,2.7255000000000775,0.1124469179655137,0.6739021066113231,259.87635309069265,8.70177687038219,0.4271231740331686,0.11013965003592883,0.001237666433073275,0.059363842166896275,0.015011638446681368,0.020644162864735433,0.0026096895350886484,0.002173254419617582,0.0023136456193683964,2.7440165521545802e-05,0.4271231740331686,9.94314245206847,0.0
0.15,0.04,0.004,9,True,2.190499999999899,0.39103075541463017,5.060602276257578,300.4308986732099,9.269294155754693,0.41876512438463015,0.21627018148091753,0.0031903885322791745,0.024340860454377767,0.02126925930113436,0.02035579469014759,0.002148223888810696,0.0037461403614715227,0.003581180947548654,0.00012020741258969977,0.41876512438463015,9.875646939803113,0.0
0.15,0.04,0.004,10,True,2.175499999999894,0.2983752518623284,2.577263205581384,277.5048907568123,9.794457829566515,0.4602529357301176,0.18187539590216287,0.003704716329310304,0.02038409050395734,0.026225787476039677,0.003908196843223018,0.0015384138493096946,0.0014077588120615199,0.0030671094393433934,9.771745351894099e-05,0.4602529357301176,10.716444487502452,0.0
0.15,0.04,0.004,11,True,2.385499999999964,0.5066755178029857,4.399932260093305,285.7466019862462,9.551866106635394,0.3149362483211933,0.060448365732947096,0.0008758319652234292,0.03496389312200575,0.021232963867713863,0.0007510764828339755,0.0004437782537323678,0.0037846330688811086,0.0012112617284625905,1.4211044766893634e-05,0.5146261591423446,10.17437259788254,0.0
0.15,0.04,0.004,12,True,2.235499999999914,1.3714908078526797,28.87907884459388,277.24829781536835,9.357528834239728,0.5092161748652868,0.3044536160388064,0.0010838336019541883,0.057337647142971224,0.012165048459874749,0.004693838148510661,0.0010496677217878725,0.0016916237397697179,0.003011337228318354,1.3656639817761454e-05,0.5092161748652868,10.556601227494834,0.0
0.15,0.04,0.004,13,True,2.160499999999889,0.13506551840651546,0.9463480575445699,273.62218577661986,9.443939112309003,0.5106823465188471,0.17365972137299934,0.0031602170290511893,0.05276512574660295,0.025842514773255526,0.0068446497361148734,0.00023159837315526422,0.00383939734133819,0.0028413750731413057,1.0071496504630682e-05,0.5106823465188471,10.761548012689753,0.0
0.15,0.04,0.004,14,True,2.175499999999894,0.16411560166177186,1.059770287853412,296.70523093240973,9.447081603857841,0.46458555040672866,0.16891269610430854,0.002979344988679685,0.028047333341712825,0.023460264722805206,0.022517857178019643,0.001923952442364494,0.002645089626439942,0.00328694026759358,6.957465863408183e-05,0.46458555040672866,10.094407449984567,0.0
0.15,0.04,0.004,15,True,2.3354999999999473,0.1082155029450525,0.8797461566650874,282.478377832942,9.531888422835745,0.4635290062633226,0.19748670270972346,0.002341415082513897,0.05079085556680287,0.015576948671442846,0.001173860694578235,0.001714791771101193,0.0014387362801707927,0.0031563141306264137,2.547831869663868e-05,0.4635290062633226,10.747204198879444,0.0
0.15,0.05,0.004,0,True,1.565499999999883,0.2625438046362246,1.9786318632636453,236.1561998175623,9.92857378220065,0.47253699911240404,0.2270676246070647,0.0021244856490258636,0.023489335688193516,0.008901417526596284,0.00043269248631363886,0.0024398107176008175,0.0037382667318331653,0.0028199073273015396,7.210319823797473e-05,0.47253699911240404,10.68108713915643,0.0
0.15,0.05,0.004,1,True,2.550500000000019,1.9436612870737544,41.26351744717268,216.320826816131,8.16695311959982,0.4731577435179982,0.3110968416763308,0.001708156019624724,0.057523184816296764,0.011171511479831942,0.0248355844496532,0.0009354943560314564,0.0022699793469177273,0.0034831077814613254,3.0286949087099423e-05,0.4731577435179982,9.212803007193706,0.0
0.15,0.05,0.004,2,True,2.5255000000000107,0.4993947005528224,3.7218027022489384,261.6392525651045,9.750868522076416,0.3019324267038457,0.0520033441235596,0.0011044052733180985,0.024924557170706164,0.025912966293074165,0.0024063537379950413,0.001800301577896962,0.003185681580435384,0.0015637032200998104,1.161067493821754e-05,0.444596814262228,10.231888726552896,0.0
0.15,0.05,0.004,3,True,1.5704999999998825,0.6136886049623671,4.219097526815798,247.57029478728577,8.940339867071105,0.1569922918892041,0.03965178141872837,0.0008127017608135093,0.021840525329804985,0.02562803823454073,0.015240966464155783,0.00028238592672119757,0.0022993808207094216,0.0024371538944225023,1.5412303097482646e-05,0.49239602374655833,9.352126819818665,0.0
0.15,0.05,0.004,4,False,inf,77.22177134169308,106.74755487627382,264.73722451214036,9.300358819991418,0.5066500685155163,0.17088693583350786,0.0036220599140287797,0.03556637764071808,0.02947736152556949,0.002116282156798607,0.0018220674959850889,0.0021294597531318175,0.0034057036209574217,1.60420785683912e-05,0.5066500685155163,10.048268349666515,0.0
0.15,0.05,0.004,5,True,1.6154999999998776,0.5515491122955992,3.205724626996314,251.8553563714965,9.250002974963495,0.4210708019156255,0.2326736080987058,0.002847440277994798,0.05039703948682469,0.019337162342927122,0.0074822626339227484,0.0001617921071449693,0.002150106642356555,0.002225419616259996,1.1304406335961537e-05,0.4210708019156255,10.784801797232584,0.0
0.15,0.05,0.004,6,True,3.8655000000004582,0.10091792235560354,0.5173713044602322,264.0979505649206,8.891872824419277,0.4867114367610584,0.11736645278156883,0.0017884136569469048,0.027163543490666922,0.01611947927549832,0.009804302396366918,0.0029623349705594,0.002898268817821438,0.003022971791513481,2.4438083011449394e-05,0.4867114367610584,9.367174052139356,0.0
0.15,0.05,0.004,7,True,2.200499999999902,0.8679911118859753,7.023502888951653,254.6695667582389,8.814765344442879,0.31644058446074713,0.09630807581519851,0.0020809973356412242,0.05486069004847877,0.025065085185394256,0.005895910446750368,0.0009004988547336763,0.003620660336188786,0.0010157959136967243,9.243566384669972e-05,0.49889522059021285,9.925295980985247,0.0
0.15,0.05,0.004,8,True,2.155499999999887,0.09543010915787702,0.45403920702436623,232.92295479146378,8.545807798296408,0.37132529147336363,0.09249772282559597,0.001237666433073275,0.059363842166896275,0.015011638446681368,0.020644162864735433,0.0026096895350886484,0.002173254419617582,0.0023136456193683964,2.7440165521545802e-05,0.4271231740331686,9.94314245206847,0.0
0.15,0.05,0.004,9,True,2.175499999999894,0.21487676276039544,1.818345318999387,272.88199218751265,9.257818379695163,0.41876512438463015,0.1777784133139077,0.0031903885322791745,0.024340860454377767,0.02126925930113436,0.02035579469014759,0.002148223888810696,0.0037461403614715227,0.003581180947548654,0.00012020741258969977,0.41876512438463015,9.875646939803113,0.0
0.15,0.05,0.004,10,False,7.3454999999986486,22.442073185102814,18.95773686153619,262.8184551735879,9.648238871602654,0.4602529357301176,0.17541653907199364,0.003704716329310304,0.02038409050395734,0.026225787476039677,0.003908196843223018,0.0015384138493096946,0.0014077588120615199,0.0030671094393433934,9.771745351894099e-05,0.4602529357301176,10.716444487502452,0.0
0.15,0.05,0.004,11,True,2.4804999999999957,0.6618895678131398,4.7467560030002875,262.63091726402126,9.600901202230888,0.27784617642530324,0.05301712823239229,0.0008758319652234292,0.03496389312200575,0.021232963867713863,0.0007510764828339755,0.0004437782537323678,0.0037846330688811086,0.0012112617284625905,1.4211044766893634e-05,0.5146261591423446,10.17437259788254,0.0
0.15,0.05,0.004,12,True,1.5704999999998825,1.7748637833229757,33.517886734221214,249.62940302136798,9.352959065985708,0.5092161748652868,0.31506257969648543,0.0010838336019541883,0.057337647142971224,0.012165048459874749,0.004693838148510661,0.0010496677217878725,0.0016916237397697179,0.003011337228318354,1.3656639817761454e-05,0.5092161748652868,10.556601227494834,0.0
0.15,0.05,0.004,13,True,4.890500000000009,0.2781431343391159,1.85814382682235,433.22489582963686,9.357277004739,0.5106823465188471,0.14309929269271787,0.0031602170290511893,0.05276512574660295,0.025842514773255526,0.0068446497361148734,0.00023159837315526422,0.00383939734133819,0.0028413750731413057,1.0071496504630682e-05,0.5106823465188471,10.761548012689753,0.0
0.15,0.05,0.004,14,True,2.415499999999974,0.1158525493203746,0.9664147560909632,268.5122947070875,9.44419047017038,0.46458555040672866,0.13685442120275837,0.002979344988679685,0.028047333341712825,0.023460264722805206,0.022517857178019643,0.001923952442364494,0.002645089626439942,0.00328694026759358,6.957465863408183e-05,0.46458555040672866,10.094407449984567,0.0
0.15,0.05,0.004,15,True,2.6505000000000525,0.10878146486029215,0.5345949406416955,253.74911103253206,9.492686941410621,0.4635290062633226,0.16379438187069767,0.002341415082513897,0.05079085556680287,0.015576948671442846,0.001173860694578235,0.001714791771101193,0.0014387362801707927,0.0031563141306264137,2.547831869663868e-05,0.4635290062633226,10.747204198879444,0.0
0.15,0.06,0.004,0,True,1.530499999999887,0.7820990335033323,3.2462123649099186,220.10956927980234,9.872148975858602,0.47253699911240404,0.3066547198448921,0.0021244856490258636,0.023489335688193516,0.008901417526596284,0.00043269248631363886,0.0024398107176008175,0.0037382667318331653,0.0028199073273015396,7.210319823797473e-05,0.47253699911240404,10.68108713915643,0.0
0.15,0.06,0.004,1,True,2.0554999999998538,2.4612283672851034,43.416374518898415,199.85841191948137,8.078696759588238,0.4731577435179982,0.31271717580053365,0.001708156019624724,0.057523184816296764,0.011171511479831942,0.0248355844496532,0.0009354943560314564,0.0022699793469177273,0.0034831077814613254,3.0286949087099423e-05,0.4731577435179982,9.212803007193706,0.0
0.15,0.06,0.004,2,True,1.6354999999998754,0.6535472462885074,4.009118710664218,242.67074989411623,9.633436166672642,0.3794516667294793,0.04645052113553831,0.0011044052733180985,0.024924557170706164,0.025912966293074165,0.0024063537379950413,0.001800301577896962,0.003185681580435384,0.0015637032200998104,1.161067493821754e-05,0.444596814262228,10.231888726552896,0.0
0.15,0.06,0.004,3,True,5.655499999999585,0.6870534308907845,4.043132803297246,296.62907560405233,9.374878187416847,0.3526003609869365,0.037933409277801484,0.0008127017608135093,0.021840525329804985,0.02562803823454073,0.015240966464155783,0.00028238592672119757,0.0022993808207094216,0.0024371538944225023,1.5412303097482646e-05,0.49239602374655833,9.352126819818665,0.0
0.15,0.06,0.004,4,True,3.6005000000003697,0.05916816777029425,0.2474348485362709,484.781453236205,9.474101324766355,0.5066500685155163,0.12459765644571956,0.0036220599140287797,0.03556637764071808,0.02947736152556949,0.002116282156798607,0.0018220674959850889,0.0021294597531318175,0.0034057036209574217,1.60420785683912e-05,0.5066500685155163,10.048268349666515,0.0
0.15,0.06,0.004,5,True,2.610500000000039,0.6490203463340254,4.601408439546187,240.6407539814122,9.243272113913324,0.4210708019156255,0.24782177271750636,0.002847440277994798,0.05039703948682469,0.019337162342927122,0.0074822626339227484,0.0001617921071449693,0.002150106642356555,0.002225419616259996,1.1304406335961537e-05,0.4210708019156255,10.784801797232584,0.0
0.15,0.06,0.004,6,True,1.5604999999998836,0.10273167095669784,0.36938073948638306,222.10202697100706,8.824015345273125,0.4867114367610584,0.10168893951477394,0.0017884136569469048,0.027163543490666922,0.01611947927549832,0.009804302396366918,0.0029623349705594,0.002898268817821438,0.003022971791513481,2.4438083011449394e-05,0.4867114367610584,9.367174052139356,0.0
0.15,0.06,0.004,7,True,2.5405000000000157,0.9910233307580023,7.221995208724195,284.0866615013147,8.93584058917676,0.45007452116880964,0.0857704631769436,0.0020809973356412242,0.05486069004847877,0.025065085185394256,0.005895910446750368,0.0009004988547336763,0.003620660336188786,0.0010157959136967243,9.243566384669972e-05,0.49889522059021285,9.925295980985247,0.0
0.15,0.06,0.004,8,True,1.620499999999877,0.23678362383934465,1.208189664209917,222.46261705771767,8.548935062787208,0.37869652133654486,0.08086702698379727,0.001237666433073275,0.059363842166896275,0.015011638446681368,0.020644162864735433,0.0026096895350886484,0.002173254419617582,0.0023136456193683964,2.7440165521545802e-05,0.4271231740331686,9.94314245206847,0.0
0.15,0.06,0.004,9,True,2.5005000000000024,0.14575869251802803,1.0589418342441457,240.91369920226163,9.23496402811043,0.41876512438463015,0.15209984091321097,0.0031903885322791745,0.024340860454377767,0.02126925930113436,0.02035579469014759,0.002148223888810696,0.0037461403614715227,0.003581180947548654,0.00012020741258969977,0.41876512438463015,9.875646939803113,0.0
0.15,0.06,0.004,10,True,2.5605000000000224,0.20958678427997582,1.3008036764523385,257.09727312131815,9.465746061583047,0.4602529357301176,0.12983353222033334,0.003704716329310304,0.02038409050395734,0.026225787476039677,0.003908196843223018,0.0015384138493096946,0.0014077588120615199,0.0030671094393433934,9.771745351894099e-05,0.4602529357301176,10.716444487502452,0.0
0.15,0.06,0.004,11,True,1.630499999999876,0.7805072081716745,5.021908064079235,238.90237904684216,9.48626217653975,0.33737872950978737,0.047815560033564526,0.0008758319652234292,0.03496389312200575,0.021232963867713863,0.0007510764828339755,0.0004437782537323678,0.0037846330688811086,0.0012112617284625905,1.4211044766893634e-05,0.5146261591423446,10.17437259788254,0.0
0.15,0.06,0.004,12,True,1.5504999999998847,2.1961967106662037,38.434447965213394,230.53934250604965,9.352340453179407,0.5092161748652868,0.324568023961278,0.0010838336019541883,0.057337647142971224,0.012165048459874749,0.004693838148510661,0.0010496677217878725,0.0016916237397697179,0.003011337228318354,1.3656639817761454e-05,0.5092161748652868,10.556601227494834,0.0
0.15,0.06,0.004,13,True,4.970499999999965,0.3239400001601244,1.931804077986704,386.1519312978382,9.334295917368456,0.5106823465188471,0.12269766766826569,0.0031602170290511893,0.05276512574660295,0.025842514773255526,0.0068446497361148734,0.00023159837315526422,0.00383939734133819,0.0028413750731413057,1.0071496504630682e-05,0.5106823465188471,10.761548012689753,0.0
0.15,0.06,0.004,14,True,2.4854999999999974,0.09651709776928394,0.6848564004105514,261.2421729373352,9.435774687802759,0.46458555040672866,0.11741523780685321,0.002979344988679685,0.028047333341712825,0.023460264722805206,0.022517857178019643,0.001923952442364494,0.002645089626439942,0.00328694026759358,6.957465863408183e-05,0.46458555040672866,10.094407449984567,0.0
0.15,0.06,0.004,15,True,1.6604999999998726,0.12251467533468603,0.46466579148002923,236.50810707586012,9.492994518722396,0.4635290062633226,0.13881067181318404,0.002341415082513897,0.05079085556680287,0.015576948671442846,0.001173860694578235,0.001714791771101193,0.0014387362801707927,0.0031563141306264137,2.547831869663868e-05,0.4635290062633226,10.747204198879444,0.0
0.15,0.08,0.004,0,True,2.5155000000000074,1.4826546026417258,16.27123635104124,389.37986055439444,9.763741564916828,0.47253699911240404,0.3448233403376343,0.0021244856490258636,0.023489335688193516,0.008901417526596284,0.00043269248631363886,0.0024398107176008175,0.0037382667318331653,0.0028199073273015396,7.210319823797473e-05,0.47253699911240404,10.68108713915643,0.0
0.15,0.08,0.004,1,True,1.5604999999998836,3.1576034992130952,46.466360381371715,179.3393003958339,8.069277340090641,0.4731577435179982,0.31598049560042335,0.001708156019624724,0.057523184816296764,0.011171511479831942,0.0248355844496532,0.0009354943560314564,0.0022699793469177273,0.0034831077814613254,3.0286949087099423e-05,0.4731577435179982,9.212803007193706,0.0
0.15,0.08,0.004,2,True,1.5954999999998798,0.8113292909295589,4.246112387235258,216.30187800706577,9.630930967511436,0.1969830660159654,0.038889097122857534,0.0011044052733180985,0.024924557170706164,0.025912966293074165,0.0024063537379950413,0.001800301577896962,0.003185681580435384,0.0015637032200998104,1.161067493821754e-05,0.444596814262228,10.231888726552896,0.0
0.15,0.08,0.004,3,True,1.6154999999998776,0.9036779195495522,3.603081052434916,203.02788437473842,8.921027601730906,0.2966372468041813,0.03336324716256601,0.0008127017608135093,0.021840525329804985,0.02562803823454073,0.015240966464155783,0.00028238592672119757,0.0022993808207094216,0.0024371538944225023,1.5412303097482646e-05,0.49239602374655833,9.352126819818665,0.0
0.15,0.08,0.004,4,True,1.6904999999998693,0.4783370919269491,2.2066046464532767,216.62558438634213,9.257590172176489,0.5066500685155163,0.09624878715478184,0.0036220599140287797,0.03556637764071808,0.02947736152556949,0.002116282156798607,0.0018220674959850889,0.0021294597531318175,0.0034057036209574217,1.60420785683912e-05,0.5066500685155163,10.048268349666515,0.0
0.15,0.08,0.004,5,True,1.6354999999998754,0.953831000363032,3.8415692219177284,209.72284097881789,9.20211789037566,0.4210708019156255,0.2547463253196771,0.002847440277994798,0.05039703948682469,0.019337162342927122,0.0074822626339227484,0.0001617921071449693,0.002150106642356555,0.002225419616259996,1.1304406335961537e-05,0.4210708019156255,10.784801797232584,0.0
0.15,0.08,0.004,6,True,1.565499999999883,0.10221586345359782,0.3118580126096793,200.06976199604972,8.81956791050847,0.4867114367610584,0.07853754740862855,0.0017884136569469048,0.027163543490666922,0.01611947927549832,0.009804302396366918,0.0029623349705594,0.002898268817821438,0.003022971791513481,2.4438083011449394e-05,0.4867114367610584,9.367174052139356,0.0
0.15,0.08,0.004,7,True,1.620499999999877,1.110236434823606,6.3330555876930275,203.11460773654022,8.802052691311824,0.45516979652160783,0.07393812159905708,0.0020809973356412242,0.05486069004847877,0.025065085185394256,0.005895910446750368,0.0009004988547336763,0.003620660336188786,0.0010157959136967243,9.243566384669972e-05,0.49889522059021285,9.925295980985247,0.0
0.15,0.08,0.004,8,True,1.6354999999998754,3.017812293326154,43.65842448103468,189.88854181297816,8.531799953136268,0.4271231740331686,0.2516585279144256,0.001237666433073275,0.059363842166896275,0.015011638446681368,0.020644162864735433,0.0026096895350886484,0.002173254419617582,0.0023136456193683964,2.7440165521545802e-05,0.4271231740331686,9.94314245206847,0.0
0.15,0.08,0.004,9,True,1.6504999999998737,0.17890796979133625,0.7241323733347755,212.29457137821277,9.20450677724717,0.41876512438463015,0.12161610667918855,0.0031903885322791745,0.024340860454377767,0.02126925930113436,0.02035579469014759,0.002148223888810696,0.0037461403614715227,0.003581180947548654,0.00012020741258969977,0.41876512438463015,9.875646939803113,0.0
0.15,0.08,0.004,10,True,1.665499999999872,0.18071201963518366,0.9202773817958698,211.91109156080861,9.30330823499277,0.4602529357301176,0.100957163484966,0.003704716329310304,0.02038409050395734,0.026225787476039677,0.003908196843223018,0.0015384138493096946,0.0014077588120615199,0.0030671094393433934,9.771745351894099e-05,0.4602529357301176,10.716444487502452,0.0
0.15,0.08,0.004,11,True,4.585500000000178,0.9859608193589384,4.858988650198194,488.2343963150283,9.941091828367718,0.43254744884037694,0.04216481172856588,0.0008758319652234292,0.03496389312200575,0.021232963867713863,0.0007510764828339755,0.0004437782537323678,0.0037846330688811086,0.0012112617284625905,1.4211044766893634e-05,0.5146261591423446,10.17437259788254,0.0
0.15,0.08,0.004,12,True,1.6254999999998765,3.1318294754975966,41.14433888185111,203.63226752078535,9.341491317006499,0.5092161748652868,0.325875519021096,0.0010838336019541883,0.057337647142971224,0.012165048459874749,0.004693838148510661,0.0010496677217878725,0.0016916237397697179,0.003011337228318354,1.3656639817761454e-05,0.5092161748652868,10.556601227494834,0.0
0.15,0.08,0.004,13,True,1.6604999999998726,0.5964451736173422,2.4427740875587514,211.05098637817358,9.223575457915883,0.5106823465188471,0.10721973453012437,0.0031602170290511893,0.05276512574660295,0.025842514773255526,0.0068446497361148734,0.00023159837315526422,0.00383939734133819,0.0028413750731413057,1.0071496504630682e-05,0.5106823465188471,10.761548012689753,0.0
0.15,0.08,0.004,14,True,1.6504999999998737,0.13994863153534237,0.5205259730130556,216.05496335034715,9.402521156683841,0.46458555040672866,0.091831390423895,0.002979344988679685,0.028047333341712825,0.023460264722805206,0.022517857178019643,0.001923952442364494,0.002645089626439942,0.00328694026759358,6.957465863408183e-05,0.46458555040672866,10.094407449984567,0.0
0.15,0.08,0.004,15,True,1.7104999999998671,0.1254512045044247,0.325457608583945,199.93383846068883,9.266049586953683,0.4635290062633226,0.11178400067423394,0.002341415082513897,0.05079085556680287,0.015576948671442846,0.001173860694578235,0.001714791771101193,0.0014387362801707927,0.0031563141306264137,2.547831869663868e-05,0.4635290062633226,10.747204198879444,0.0
